<?xml version='1.0' encoding='utf-8'?>
<items>
  <item id="2415208695" name="Fleißiger Freund"/>
  <item id="385644877" name="1. Preis für Fleiß"/>
  <item id="1643858395" name="Kolossal explosiv"/>
  <item id="4288666744" name="Ninja-Modus"/>
  <item id="2291723502" name="XXL-Onikugelration"/>
  <item id="294763860" name="Beliebt"/>
  <item id="1721142722" name="Ein Berg an Items"/>
  <item id="4129919059" name="XL-Onikugelration"/>
  <item id="2385986240" name="Verspeiser"/>
  <item id="389944186" name="Super-Verspeiser"/>
  <item id="1614357484" name="Ultra-Verspeiser"/>
  <item id="4267554383" name="Awokalypso"/>
  <item id="2304411353" name="Super-Awokalypso"/>
  <item id="273930083" name="Ultra-Awokalypso"/>
  <item id="1733617653" name="McKraken"/>
  <item id="4159437412" name="Super-McKraken"/>
  <item id="2163002098" name="Ultra-McKraken"/>
  <item id="3760931607" name="Glitzerrippe"/>
  <item id="2536272769" name="Super-Glitzerrippe"/>
  <item id="237314619" name="Ultra-Glitzerrippe"/>
  <item id="2032276141" name="Garna"/>
  <item id="3880158990" name="Super-Garna"/>
  <item id="2420225944" name="Ultra-Garna"/>
  <item id="155772450" name="Frau-Fergällt"/>
  <item id="2119161524" name="S-Frau-Fergällt"/>
  <item id="4008758053" name="U-Frau-Fergällt"/>
  <item id="2583165875" name="Kabuking"/>
  <item id="3406172372" name="Super-Kabuking"/>
  <item id="3154190402" name="Ultra-Kabuking"/>
  <item id="621310456" name="Jibalzebub"/>
  <item id="1376731502" name="Super-Jibalzebub"/>
  <item id="3429618893" name="Ultra-Jibalzebub"/>
  <item id="3144475739" name="Kolossokoma"/>
  <item id="577091041" name="S-Kolossokoma"/>
  <item id="1432520055" name="U-Kolossokoma"/>
  <item id="3319634150" name="Massenmurrer"/>
  <item id="3000674416" name="S-Massenmurrer"/>
  <item id="3525124501" name="U-Massenmurrer"/>
  <item id="2769948931" name="Blabbermunde"/>
  <item id="1007894713" name="S-Blabbermunde"/>
  <item id="1259630639" name="U-Blabbermunde"/>
  <item id="3580945804" name="Whispersahne"/>
  <item id="2725762330" name="S-Whispersahne"/>
  <item id="998147232" name="U-Whispersahne"/>
  <item id="1283044406" name="Robonyan-28"/>
  <item id="3704007079" name="S-Robonyan-28"/>
  <item id="2881591601" name="U-Robonyan-28"/>
  <item id="2640099154" name="Hinovator"/>
  <item id="3931867076" name="Super-Hinovator"/>
  <item id="1934808702" name="Ultra-Hinovator"/>
  <item id="72738536" name="Spiralen-Omai"/>
  <item id="2586932043" name="S-Spiralen-Omai"/>
  <item id="3979756509" name="U-Spiralen-Omai"/>
  <item id="1950290535" name="Rote-Pfoten"/>
  <item id="54010609" name="Super-Rote-Pfoten"/>
  <item id="2475114336" name="Ultra-Rote-Pfoten"/>
  <item id="3833597942" name="Orcanos"/>
  <item id="2219279891" name="Super-Orcanos"/>
  <item id="4081104517" name="Ultra-Orcanos"/>
  <item id="1783228223" name="Käpt‘n-Donner"/>
  <item id="491706281" name="S-Käpt‘n-Donner"/>
  <item id="2200584714" name="U-Käpt‘n-Donner"/>
  <item id="4096619164" name="Robonyan-3000"/>
  <item id="1831084838" name="S-Robonyan-3000"/>
  <item id="438506416" name="U-Robonyan-3000"/>
  <item id="2325483041" name="Goldene-Krallen"/>
  <item id="4254809783" name="S-Goldene-Krallen"/>
  <item id="2943014352" name="U-Goldene-Krallen"/>
  <item id="3631080774" name="Spiralen-Gold"/>
  <item id="1097118972" name="S-Spiralen-Gold"/>
  <item id="912491626" name="Ultra-Spiralen-Gold"/>
  <item id="2819035593" name="Wacher-Hinovator"/>
  <item id="3741327711" name="S-Wacher-Hinovator"/>
  <item id="1175023845" name="U-Wacher-Hinovator"/>
  <item id="823017587" name="Sasel"/>
  <item id="2712755682" name="Super-Sasel"/>
  <item id="3602279796" name="Ultra-Sasel"/>
  <item id="3060917393" name="Shogun-König"/>
  <item id="3245790215" name="S-Shogun-König"/>
  <item id="1484752317" name="U-Shogun-König"/>
</items>
