<?xml version='1.0' encoding='utf-8'?>
<items>
  <item id="3379315793" name="Schokoriegel"/>
  <item id="1421573352" name="Pflaumen-Reisball"/>
  <item id="1909465908" name="Shrimp-Reisball"/>
  <item id="1667599578" name="Luxus-Reisball"/>
  <item id="4273124451" name="Maratonikum"/>
  <item id="3688491967" name="Maratonikum-Alpha"/>
  <item id="2210069481" name="Maratonik.-Omega"/>
  <item id="990289036" name="Stärketalisman"/>
  <item id="2070870710" name="S-Stärketalisman"/>
  <item id="3285360083" name="U-Stärketalisman"/>
  <item id="3513201213" name="Geistestalisman"/>
  <item id="1775981912" name="S-Geistestalisman"/>
  <item id="4094455265" name="U-Geistestalisman"/>
  <item id="1286605444" name="Abwehrtalisman"/>
  <item id="1577428330" name="S-Abwehrtalisman"/>
  <item id="3870933519" name="U-Abwehrtalisman"/>
  <item id="3202011737" name="Fluchthelferlein"/>
  <item id="107394364" name="Fluchtpuppe"/>
  <item id="1020166246" name="Fluchtdaruma"/>
  <item id="2879873373" name="Spannsel-Falle"/>
  <item id="2222122755" name="Signalabim-Falle"/>
  <item id="2529642733" name="Dynamon-Falle"/>
  <item id="3105017523" name="Loderbombe"/>
  <item id="779825032" name="S-Loderbombe"/>
  <item id="3014399793" name="U-Loderbombe"/>
  <item id="185626708" name="Energiewerfer"/>
  <item id="430301114" name="Energiewerfer-G"/>
  <item id="2702817503" name="Energiewerfer-GX"/>
  <item id="320538168" name="Robofaust"/>
  <item id="4185565321" name="Robofaust-F"/>
  <item id="1103548396" name="Goldfaust"/>
  <item id="2395750017" name="Simpel-Feld"/>
  <item id="913332708" name="Huschemen-Feld"/>
  <item id="616953354" name="Nihilo-Feld"/>
</items>
