<?xml version='1.0' encoding='utf-8'?>
<items>
  <item id="2592718716" name="Tapfa-Splitter"/>
  <item id="1955061328" name="Mystikka-Splitter"/>
  <item id="2648996709" name="Robusta-Splitter"/>
  <item id="1944721993" name="Charmanta-Splitter"/>
  <item id="3814000600" name="Herziga-Splitter"/>
  <item id="3940764659" name="Schumrigga-Spl."/>
  <item id="82651871" name="Gruseliga-Splitter"/>
  <item id="58781382" name="Glitschiga-Splitter"/>
  <item id="2488416078" name="Tapfa-Essenz"/>
  <item id="2207419965" name="Mystikka-Essenz"/>
  <item id="1839001361" name="Robusta-Essenz"/>
  <item id="2231323172" name="Charmanta-Essenz"/>
  <item id="502668190" name="Herziga-Essenz"/>
  <item id="446422919" name="Schumrigga-Essenz"/>
  <item id="4093147826" name="Gruseliga-Essenz"/>
  <item id="4103454379" name="Glitschiga-Essenz"/>
  <item id="1794190088" name="Tapfa-Kristall"/>
  <item id="2370373135" name="Mystikka-Kristall"/>
  <item id="2831146494" name="Robusta-Kristall"/>
  <item id="1186053330" name="Charmanta-Kristall"/>
  <item id="3637848433" name="Herziga-Kristall"/>
  <item id="3753438568" name="Schumrigga-Kristall"/>
  <item id="834047044" name="Gruseliga-Kristall"/>
  <item id="4199429785" name="Glitschiga-Kristall"/>
  <item id="2949781991" name="Tapfa-Kugel"/>
  <item id="1104967883" name="Mystikka-Kugel"/>
  <item id="2791593420" name="Robusta-Kugel"/>
  <item id="2980375743" name="Charmanta-Kugel"/>
  <item id="682474757" name="Herziga-Kugel"/>
  <item id="3512952154" name="Schumrigga-Kugel"/>
  <item id="3332627497" name="Gruseliga-Kugel"/>
  <item id="920340573" name="Glitschiga-Kugel"/>
  <item id="1605012883" name="Wabbelwutz-Eimer"/>
  <item id="3251509296" name="Wabbelwutz-Seil"/>
  <item id="3066636454" name="1A-Wab.-Eimer"/>
  <item id="801143068" name="1A-Wab.-Strohseil"/>
  <item id="1489455498" name="Wab.-Metalleimer"/>
  <item id="3363329051" name="XL-Wabelwutz-Seil"/>
  <item id="3212797069" name="Gierrippe-Becken"/>
  <item id="2313308910" name="Gierrippe-Zahn"/>
  <item id="4276451960" name="Gierrip.-Wirbelsäule"/>
  <item id="1743530946" name="Gierrip.-Brustkorb"/>
  <item id="283843412" name="Gierrippe-Schädel"/>
  <item id="2391772919" name="Gierrippe-Herz"/>
  <item id="4186488417" name="Blab.-Handtuch"/>
  <item id="1619128283" name="Blab.-Gebiss"/>
  <item id="394714957" name="Gold. Blab.-Hd.tuch"/>
  <item id="2268709596" name="1A-Blab.-Gebiss"/>
  <item id="4030657098" name="Turbo Blab.-Hd.tuch"/>
  <item id="2432269231" name="Gold. Blab.-Gebiss"/>
  <item id="3892202297" name="Kutterkahn-Haken"/>
  <item id="2130123395" name="Kutterkahn-Schiff"/>
  <item id="166734357" name="Gr. Kutterk.-Haken"/>
  <item id="2543108022" name="Kutterk.-Geistschiff"/>
  <item id="3767766816" name="Kutterkahn-Rute"/>
  <item id="2040192666" name="Kutter.-Schatzschiff"/>
  <item id="245231116" name="Glibbam.-Zunge"/>
  <item id="2653090717" name="Glibbamanda-Auge"/>
  <item id="3911566091" name="1A-Glibbam.-Zunge"/>
  <item id="3151243372" name="Gr. Glibbam.-Auge"/>
  <item id="3436386554" name="XL-Glibbam.-Zunge"/>
  <item id="1440368960" name="Schw. Glibba.-Auge"/>
  <item id="584939990" name="Gargaros-Horn"/>
  <item id="3166301301" name="Gargaros-Spitze"/>
  <item id="3418283235" name="Scharf. Garg.-Horn"/>
  <item id="1387760985" name="Gr. Garg.-Spitze"/>
  <item id="632339919" name="Ultra-Garg.-Horn"/>
  <item id="3037700190" name="Feurig. Garg.-Spitze"/>
  <item id="3255341256" name="Goldrippe-Becken"/>
  <item id="2731481389" name="Goldrippe-Zahn"/>
  <item id="3586664891" name="Goldrip.-Wirbelsäule"/>
  <item id="1287747585" name="Goldrip.-Brustkorb"/>
  <item id="1002850455" name="Goldrippe-Schädel"/>
  <item id="2778914100" name="Goldrippe-Herz"/>
  <item id="3534089634" name="Verspeiser-Zahn"/>
  <item id="1269611544" name="Verspeiser-Perlen"/>
  <item id="1017875598" name="Versp.-Backenzahn"/>
  <item id="2887029023" name="Cool. Versp.-Perlen"/>
  <item id="3675496841" name="Versp.-Weish.-zahn"/>
  <item id="626460130" name="Verspeiser-Kugeln"/>
  <item id="1380988276" name="Ogralus-Horn"/>
  <item id="3411633358" name="Ogralus-Spitze"/>
  <item id="3160298584" name="Scharf. Ogral.-Horn"/>
  <item id="574276091" name="Ogral.-Metallspitze"/>
  <item id="1430122861" name="Ultra-Ogralus-Horn"/>
  <item id="3426001111" name="Ogral.-Kristallspitze"/>
  <item id="3140718657" name="Massenm.-Kleidung"/>
  <item id="730631632" name="Massenm.-Kette"/>
  <item id="1552661830" name="1A-Massenm.-Bkl."/>
  <item id="1011627171" name="1A-Massenm.-Kette"/>
  <item id="1263207477" name="XL-Massenm.-Bkl."/>
  <item id="3527562639" name="XL-Massenm.-Kette"/>
  <item id="2772788505" name="Verschlinger-Zahn"/>
  <item id="992080058" name="Verschl.-Perlen"/>
  <item id="1277607980" name="Verschl.-Backenz."/>
  <item id="3576664470" name="1A-Verschl.-Perlen"/>
  <item id="2720571648" name="Verschl.-Weisheitsz."/>
  <item id="848805009" name="XL-Verschl.-Perlen"/>
  <item id="1167100935" name="Dunkelwutz-Eimer"/>
  <item id="3964462557" name="Dunkelwutz-Seil"/>
  <item id="2605438283" name="1A-Dunkelw.-Eimer"/>
  <item id="37913841" name="1A-Dunkelw.-Seil"/>
  <item id="1967502439" name="XL-Dunkelw.-Eimer"/>
  <item id="3944817092" name="XL-Dunkelw.-Seil"/>
  <item id="2619740498" name="Awokalypso-Topf"/>
  <item id="86982888" name="Awok.-Pampe"/>
  <item id="1915252862" name="1A-Awok.-Topf"/>
  <item id="3801574895" name="1A-Awok.-Pampe"/>
  <item id="2509266297" name="Gold. Awok.-Topf"/>
  <item id="4116173980" name="XL-Awok.-Pampe"/>
  <item id="2186339338" name="Karon-Haken"/>
  <item id="458864048" name="Karon-Schiff"/>
  <item id="1818133798" name="Gr. Karon-Haken"/>
  <item id="4063891589" name="Karon-Geisterschiff"/>
  <item id="2235375635" name="Karon-Angelrute"/>
  <item id="473199017" name="Karon-Kriegsschiff"/>
  <item id="1798521151" name="Glotzmanda-Zunge"/>
  <item id="4220279982" name="Glotzmanda-Auge"/>
  <item id="2357947448" name="1A-Glotzm.-Zunge"/>
  <item id="3732571999" name="1A-Glotzm.-Auge"/>
  <item id="2843588553" name="XL-Glotzm.-Zunge"/>
  <item id="812967539" name="Gold. Glotzm.-Auge"/>
  <item id="1198773989" name="Kolosso.-Geldbörse"/>
  <item id="3642180422" name="Kolosso.-Bombe"/>
  <item id="2920313808" name="1A-Kol.-Geldbörse"/>
  <item id="924394090" name="1A-Kolosso.-Bombe"/>
  <item id="1075712764" name="XL-Kol.-Geldbörse"/>
  <item id="3500216173" name="Kol.-Schädelbombe"/>
  <item id="2812690427" name="Jibalz.-Hauer"/>
  <item id="3345069598" name="Jibalz.-Perle"/>
  <item id="2959509128" name="1A-Jibalz.-Hauer"/>
  <item id="695195442" name="1A-Jibalz.-Perle"/>
  <item id="1583933348" name="Fauler Jibalz.-Hauer"/>
  <item id="3222041095" name="Brutale Jibalz.-Perle"/>
  <item id="3070968465" name="Rob.-28-Motor"/>
  <item id="771887915" name="Rob.-28-Akku"/>
  <item id="1493509053" name="Rob.-28-Motor 2.0"/>
  <item id="3384426028" name="Rob.-28-Akku 2.0"/>
  <item id="3200061114" name="Rob.-28-Motor Gold"/>
  <item id="2283806937" name="Rob.-28-Akku Gold"/>
  <item id="4280750159" name="Garna-Garn"/>
  <item id="1714307573" name="Garna-Edelstein"/>
  <item id="287928675" name="Garna-Spinnennetz"/>
  <item id="2404246720" name="Garna-Kristall"/>
  <item id="4165653590" name="Garna-Goldgarn"/>
  <item id="1631815148" name="Garna-Purpurkristall"/>
  <item id="373601658" name="McKraken-Tinte"/>
  <item id="2264639723" name="McKraken-Tentakel"/>
  <item id="4059863165" name="1A-McKraken-Tinte"/>
  <item id="2436567448" name="1A-McK.-Tentakel"/>
  <item id="3862700302" name="XL-McKraken-Tinte"/>
  <item id="2134208692" name="XL-McK.-Tentakel"/>
  <item id="137510946" name="Whispersahne"/>
  <item id="2522273153" name="Whispoplasma"/>
  <item id="3780240663" name="1A-Whispersahne"/>
  <item id="2019079341" name="1A-Whispoplasma"/>
  <item id="257918011" name="XL-Whispersahne"/>
  <item id="2682296746" name="XL-Whispoplasma"/>
  <item id="3907496252" name="Kabuking-Maske"/>
  <item id="3122020955" name="Kabuking-Laterne"/>
  <item id="3440472781" name="1A-Kabuk.-Maske"/>
  <item id="1410868087" name="1A-Kabuk.-Laterne"/>
  <item id="589239265" name="Kabuking-Tasche"/>
  <item id="3178989122" name="Kabuking-Pfeife"/>
  <item id="3397170900" name="Glitzerr.-Becken"/>
  <item id="1400235886" name="Glitzerrippe-Zahn"/>
  <item id="611506168" name="Glitzerr.-Wirbelsäule"/>
  <item id="3033385577" name="Glitzerr.-Brustkorb"/>
  <item id="3284859647" name="Glitzerr.-Schädel"/>
  <item id="2735567642" name="Glitzerrippe-Herz"/>
  <item id="3557442444" name="Düstere Fr.-Feder"/>
  <item id="1292046902" name="Düsteres Fr.-Herz"/>
  <item id="973349536" name="Trostlose Fr.-Feder"/>
  <item id="2757801731" name="Trostloses Fr.-Herz"/>
  <item id="3546777493" name="Reizende Fr.-Feder"/>
  <item id="1248777775" name="Naives Fr.-Herz"/>
  <item id="1030350521" name="Orcanos-Horn"/>
  <item id="2916547368" name="Orcanos-Spitze"/>
  <item id="3671182270" name="1A-Orcanos-Horn"/>
  <item id="613773269" name="1A-Orcanos-Spitze"/>
  <item id="1402101571" name="XL-Orcanos-Horn"/>
  <item id="3399159545" name="XL-Orcanos-Spitze"/>
  <item id="3181133423" name="Hinovator-Plan"/>
  <item id="603499468" name="Hin.-Untergebener"/>
  <item id="1426037594" name="Hin.-Geheimplan"/>
  <item id="3455503072" name="Hinovator-Diener"/>
  <item id="3136420470" name="Hin.-Masterplan"/>
  <item id="709814247" name="Hin.-Handlanger"/>
  <item id="1565120369" name="Spiralen-Kralle"/>
  <item id="1032740500" name="Spiralen-Kugel"/>
  <item id="1250520578" name="Spiralen-Halskette"/>
  <item id="3548397496" name="1A-Spiralen-Kugel"/>
  <item id="2760314670" name="Spiralen-Fangzahn"/>
  <item id="987994765" name="Gold. Spiral.-Kugel"/>
  <item id="1306831387" name="Rote-Pfoten-Kralle"/>
  <item id="3572366241" name="Rote-Pf.-Bronzemz."/>
  <item id="2750073655" name="Rote-Pf.-Halskette"/>
  <item id="861263526" name="Rote-Pf.-Silbermz."/>
  <item id="1146283568" name="Rote-Pf.-Barthaar"/>
  <item id="3993656196" name="Rote-Pf.-Goldmz."/>
  <item id="2567793426" name="Sasalptraum-Kralle"/>
  <item id="277160" name="Sasalptraum-Horn"/>
  <item id="1996687934" name="Böse Sasal.-Kralle"/>
  <item id="3915882397" name="Böses Sasal.-Horn"/>
  <item id="2657136395" name="Üble Sasalp.-Kralle"/>
  <item id="124386993" name="Sasal.-Himmelshorn"/>
  <item id="1886309927" name="Käpt‘n-D.-Helm"/>
  <item id="3771847606" name="Käpt‘n-D.-Rakete"/>
  <item id="2547442464" name="Gesichtsschutz"/>
  <item id="4145113797" name="Trägerrakete"/>
  <item id="2148948563" name="Dunkelmater.-Helm"/>
  <item id="421465065" name="Urknall-Rakete"/>
  <item id="1847081855" name="Mond-Ornament"/>
  <item id="4034703068" name="Panzerhandschuhe"/>
  <item id="2273025610" name="Listiges Ornament"/>
  <item id="510840816" name="Listige Handschuhe"/>
  <item id="1769340774" name="Böses Ornament"/>
  <item id="4190823159" name="Böse Handschuhe"/>
  <item id="326094650" name="Blutmond-Ornament"/>
  <item id="2366331545" name="Blutmond-Handsch."/>
  <item id="2395853409" name="W.-Hinovator-Krone"/>
  <item id="3694934278" name="W.-H.-Untergebener"/>
  <item id="2872773008" name="W.-H.-Kaiserkrone"/>
  <item id="842160170" name="W.-H.-Handlanger"/>
  <item id="1161128124" name="W.-H.-Überkrone"/>
  <item id="3679583519" name="W.-H.-Visitenkarte"/>
  <item id="2891369865" name="Rob.-3000-Motor"/>
  <item id="895458355" name="Rob.-3000-Akku"/>
  <item id="1113107621" name="Super-Motor-3000"/>
  <item id="3538399540" name="Super-Akku-3000"/>
  <item id="2782953890" name="Laute Hupe"/>
  <item id="3307669575" name="Tornado-Kreisel"/>
  <item id="2988456145" name="18-Karat-Fangzahn"/>
  <item id="724134251" name="Ultraglückskugel"/>
  <item id="1546541565" name="24-Karat-Fangzahn"/>
  <item id="3259681886" name="Gesegnete Kugel"/>
  <item id="3041787080" name="Schredderkralle"/>
  <item id="742698354" name="Ultramarin-Kugel"/>
  <item id="1531157988" name="Sp.-G.-Dickes-Seil"/>
  <item id="3422322805" name="G.-Kr.-Glücksmünze"/>
  <item id="3170611427" name="G.-Kr.-Siegesseil"/>
  <item id="2321981056" name="G.-Kr.-Amulettmz."/>
  <item id="4251037206" name="G.-Kr.-Schatzseil"/>
  <item id="1684602796" name="Superglücksmünze"/>
  <item id="4195117583" name="Mondstein"/>
</items>
