<?xml version='1.0' encoding='utf-8'?>
<items>
  <item id="1332445335" name="Einsteiger-Trophäe"/>
  <item id="3596800301" name="Dankbarkeitstrophäe"/>
  <item id="2707808699" name="Große Trophäe"/>
  <item id="1057059864" name="Pfoten-/Krallen-Pr."/>
  <item id="1208370318" name="Komander-Preis"/>
  <item id="3507426612" name="Hinovators Autogramm"/>
  <item id="2785551778" name="Liebeslumpen"/>
  <item id="917977139" name="Meistergürtel"/>
  <item id="1102055589" name="Megablaster"/>
  <item id="561480000" name="Goldene Oni-Kugel"/>
  <item id="1450226134" name="Dankesnotiz"/>
  <item id="3480871020" name="Schleifers Motto"/>
  <item id="3095318778" name="Schleifer-Statue"/>
  <item id="639255897" name="Goldener Fächer"/>
  <item id="1360885199" name="Orcanos-Statue"/>
  <item id="3356763253" name="Garna-Statue"/>
  <item id="3205698787" name="Kolossokoma-Statue"/>
  <item id="799803762" name="Jibalzebub-Statue"/>
  <item id="1487616484" name="Hinovator-Statue"/>
  <item id="173724291" name="Massenmurrer-Statue"/>
  <item id="2103304725" name="Blabbermunde-Statue"/>
  <item id="3830756271" name="Awokalypso-Statue"/>
  <item id="496659440" name="Rote Hfdg.-Rolle"/>
  <item id="1788697446" name="Weiße Hfdg.-Rolle"/>
  <item id="2471723833" name="Gespenst-Krapfen"/>
  <item id="221714074" name="Seelen-Krapfen"/>
  <item id="2049975820" name="Geist-Krapfen"/>
  <item id="4196550391" name="Jibanyan-B-Anzug"/>
  <item id="2368042593" name="Komasan-B-Anzug"/>
  <item id="75586225" name="Football-Ausrüstung"/>
  <item id="1938188839" name="Tauchausrüstung"/>
  <item id="323085250" name="GI-Ausrüstung"/>
  <item id="1682363220" name="Rennausrüstung"/>
  <item id="3812194230" name="Zauberglocke"/>
  <item id="2487109408" name="Ritterglocke"/>
  <item id="4249846510" name="Siegesflagge"/>
  <item id="2320020088" name="Hunde-Krapfen"/>
  <item id="338438107" name="Äffchen-Krapfen"/>
  <item id="1663768397" name="Fasanen-Krapfen"/>
  <item id="1543533829" name="Drachenkönigschatz"/>
  <item id="721896851" name="Kintaronyan-Bonbon"/>
  <item id="2987267113" name="Usapyon-B-Anzug"/>
  <item id="3305710783" name="Enma-Medaille"/>
  <item id="1533915420" name="Kaiserschriftrolle"/>
  <item id="3261391014" name="Die Tapfa"/>
  <item id="745177482" name="Die Mystikka"/>
  <item id="3043217456" name="Die Robusta"/>
  <item id="1390148919" name="Die Charmanta"/>
  <item id="635227553" name="Die Herziga"/>
  <item id="1159414852" name="Die Schummrigga"/>
  <item id="840725714" name="Die Gruseliga"/>
  <item id="2870289768" name="Die Glitschiga"/>
  <item id="3692172798" name="Die Legendära"/>
  <item id="1115062365" name="Die Fiesa"/>
  <item id="896643275" name="Neatles"/>
  <item id="2893603185" name="Pinto Crusaders"/>
  <item id="3682587111" name="The Wasser Boyz"/>
  <item id="1270926454" name="Mystery"/>
  <item id="1019739360" name="Nom Nom Brothers"/>
  <item id="1849038727" name="Red Hot Oni Backers"/>
  <item id="422651665" name="Kintaronyan Trio (A)"/>
  <item id="2046209780" name="Kintaronyan Trio (B)"/>
  <item id="4148119101" name="Schleifer"/>
  <item id="1767625630" name="Hovernyan"/>
  <item id="2270540466" name="Doofkolb"/>
  <item id="4031939108" name="Rebelzebub"/>
  <item id="1626185653" name="Jibanyan"/>
  <item id="401256227" name="Komasan"/>
  <item id="2758224" name="Fledalein"/>
  <item id="2569226218" name="Dismarelda"/>
  <item id="1883300575" name="Usapyon"/>
  <item id="122147401" name="Shogunyan"/>
  <item id="2655945715" name="Lucky Song"/>
  <item id="4038408713" name="VIP-Star-Pass"/>
</items>
