<?xml version='1.0' encoding='utf-8'?>
<items>
  <item id="1178824207" name="Ogralus-Seele"/>
  <item id="2938161978" name="Glibbamanda-Seele"/>
  <item id="826564249" name="Orcanos-Seele"/>
  <item id="3515987847" name="Käpt'n-Karon-Seele"/>
  <item id="3150863230" name="Hornboxa-Seele"/>
  <item id="676361786" name="Grobianyan-Seele"/>
  <item id="885381504" name="Plattla-Seele"/>
  <item id="2919891138" name="Grobro-Seele"/>
  <item id="2366712203" name="Dracki-Seele"/>
  <item id="2909367425" name="Motzääär-S."/>
  <item id="878722363" name="Obermotzääär-S."/>
  <item id="631951069" name="Kneiferer-Seele"/>
  <item id="1387134539" name="Zangenzar-Seele"/>
  <item id="497955866" name="Drachenfürst-Seele"/>
  <item id="1789461644" name="Azurdrache-Seele"/>
  <item id="4077561967" name="Krötiger-Dämon-S."/>
  <item id="1428724637" name="Spinnübel-Seele"/>
  <item id="3410759230" name="Sasel-Seele"/>
  <item id="535333443" name="Komajiro-Seele"/>
  <item id="3861271068" name="Komatigga-Seele"/>
  <item id="1136847126" name="Tschatscha-Seele"/>
  <item id="1599555244" name="Robonyan-Seele"/>
  <item id="136852272" name="Komajiro-S-Seele"/>
  <item id="2759509009" name="Walza-Seele"/>
  <item id="697441293" name="Argwoni-Seele"/>
  <item id="3106734492" name="Schämon-Seele"/>
  <item id="337147953" name="Noko-Seele"/>
  <item id="4195752221" name="Florinoko-Seele"/>
  <item id="1539200731" name="Samba-Seele"/>
  <item id="2404882386" name="Komasan-Seele"/>
  <item id="2133787558" name="Komähne-Seele"/>
  <item id="1760541397" name="Komasan-S-Seele"/>
  <item id="531289813" name="Buchinyan-Seele"/>
  <item id="610837738" name="Opa-Gusto-Seele"/>
  <item id="3395732934" name="Nimmersatt-Seele"/>
  <item id="3610312779" name="Nascha-Seele"/>
  <item id="2473057491" name="Lungerhai-Seele"/>
  <item id="218319216" name="Meermassler-Seele"/>
  <item id="1658659472" name="Farni-Seele"/>
  <item id="1056391621" name="Meermaid-Seele"/>
  <item id="1240494419" name="Unfairmaid-Seele"/>
  <item id="1141557684" name="Samuraal-Seele"/>
  <item id="3568686117" name="Generaal-Seele"/>
  <item id="341451943" name="Kyubi-Seele"/>
  <item id="4252753156" name="König-Knausa-S."/>
  <item id="2323443090" name="Maximalefiz-Seele"/>
  <item id="2564125239" name="Meermadonna-S."/>
  <item id="2788981320" name="Schlammampf-S."/>
  <item id="3581394450" name="Kuhrigella-Seele"/>
  <item id="2725285508" name="Stunkrigella-Seele"/>
  <item id="2177778550" name="Rattus-I.-Seele"/>
  <item id="914581465" name="Grapschmampf-S."/>
  <item id="3144400837" name="Nostierdamus-S."/>
  <item id="1245116843" name="Orcanos-Seele"/>
  <item id="2434884234" name="Tranatol-Seele"/>
  <item id="256243497" name="Wirrtropf-Seele"/>
  <item id="402178202" name="Welpenyan-Seele"/>
  <item id="421742760" name="Usapyon-Seele"/>
  <item id="1847883838" name="Usapyon-Seele"/>
  <item id="249819611" name="Usapyon-Seele"/>
  <item id="2045034829" name="Usapyon-Seele"/>
  <item id="3773665527" name="Usapyon-Seele"/>
  <item id="1915880300" name="Labiliese-Seele"/>
  <item id="87372794" name="Labilotte-Seele"/>
  <item id="814296396" name="Tristine-Seele"/>
  <item id="3207023369" name="Dandackel-Seele"/>
  <item id="724769401" name="Feschfrosch-Seele"/>
  <item id="3458871562" name="Onimich-Seele"/>
  <item id="2042818846" name="Mimikini-Seele"/>
  <item id="1919967226" name="Wim-Wendig-Seele"/>
  <item id="927010286" name="Zaudrak-Seele"/>
  <item id="1778645461" name="Kabuking-Seele"/>
  <item id="3626498988" name="Glotzmanda-Seele"/>
  <item id="3271180821" name="Rob.-3000-Seele"/>
  <item id="2621203008" name="Trickolaus-Seele"/>
  <item id="3946533590" name="Wunderwilli-Seele"/>
  <item id="2658851865" name="Smoggi-Seele"/>
  <item id="2362655676" name="Fu-Machdu-Seele"/>
  <item id="4054104057" name="Robonyan-F-Seele"/>
  <item id="1026672957" name="Robokapp-Seele"/>
  <item id="1576419544" name="Robokoma-Seele"/>
  <item id="720465998" name="Robopa-Seele"/>
  <item id="3019383284" name="Roböter-Seele"/>
  <item id="3305050466" name="Robonoko-Seele"/>
  <item id="1520141505" name="Robodracki-Seele"/>
  <item id="3641520212" name="Negasus-Seele"/>
  <item id="3656026233" name="Nihilo-Seele"/>
  <item id="2687906013" name="Fledalein-Seele"/>
  <item id="3237067064" name="Flederhaus-Seele"/>
  <item id="3086387630" name="Flederemit-Seele"/>
  <item id="476864045" name="Graf-Zappula-Seele"/>
  <item id="3091894032" name="Schattenato-Seele"/>
  <item id="1756227139" name="Darknyan-Seele"/>
  <item id="2591780257" name="Kabuking-Seele"/>
  <item id="502032524" name="Vagabuhu-Seele"/>
  <item id="1060449266" name="Zuberzunge-Seele"/>
  <item id="1211243364" name="Moderzunge-Seele"/>
  <item id="2871097986" name="Wirrwagen-Seele"/>
  <item id="893775649" name="Patzpanzer-Seele"/>
  <item id="2038476168" name="Glitza-Seele"/>
  <item id="3440050655" name="Tengu-Seele"/>
  <item id="3121361225" name="Sengu-Seele"/>
  <item id="3102698411" name="Diamanyan-Seele"/>
  <item id="288555633" name="Saphinyan-Seele"/>
  <item id="1714696935" name="Smaranyan-Seele"/>
  <item id="4282213213" name="Rubinyan-Seele"/>
  <item id="2285523915" name="Topanyan-Seele"/>
  <item id="841493304" name="Zackarias-Seele"/>
  <item id="1837538307" name="Dynamon-Seele"/>
  <item id="457426594" name="Onkel-Omni-Seele"/>
  <item id="1022599946" name="Frazzel-Seele"/>
  <item id="3260071756" name="Nieselse-Seele"/>
  <item id="3685496352" name="Japakappa-Seele"/>
  <item id="899831564" name="Killakappa-Seele"/>
  <item id="1499270201" name="Wirrma-Seele"/>
  <item id="31204237" name="Jammalia-Seele"/>
  <item id="1599627086" name="Gierrippe-Seele"/>
  <item id="918633295" name="Hustanie-Seele"/>
  <item id="3334057787" name="Barricardo-Seele"/>
  <item id="1490893464" name="Haltan-Seele"/>
  <item id="3917343887" name="Tschulligung-Seele"/>
  <item id="1768918132" name="Sündenblock-S."/>
  <item id="827017083" name="Brausch-Seele"/>
  <item id="735355476" name="Paragroll-Seele"/>
  <item id="3416567793" name="Benkei-Seele"/>
  <item id="3164839783" name="B3-NK1-Seele"/>
  <item id="1274319772" name="Karni-Seele"/>
  <item id="750347853" name="Strahlemann-Seele"/>
  <item id="1528541792" name="Butzemon-Seele"/>
  <item id="2911818924" name="Gargaros-Seele"/>
  <item id="2308724025" name="Rosti-Seele"/>
  <item id="486852931" name="Jibalzebub-Seele"/>
  <item id="1447358012" name="Griesgramba-Seele"/>
  <item id="2890710683" name="Barbargus-Seele"/>
  <item id="2344519589" name="Aufbleiba-Seele"/>
  <item id="3852633714" name="Durchmacha-Seele"/>
  <item id="3722715171" name="Bohris-Seele"/>
  <item id="3071357315" name="Insomnina-Seele"/>
  <item id="3222667541" name="Sandy-Seele"/>
  <item id="3679161869" name="Glitzglotz-Seele"/>
  <item id="1198106103" name="Stibitza-Seele"/>
  <item id="1200496090" name="Sabba-Seele"/>
  <item id="2047113702" name="Prassa-Seele"/>
  <item id="3809290332" name="Zauster-Seele"/>
  <item id="545371293" name="Filzfink-Seele"/>
  <item id="3387036072" name="Arachnia-Seele"/>
  <item id="2679682606" name="Polyglossa-Seele"/>
  <item id="3131692530" name="Momonyan-Seele"/>
  <item id="945352683" name="Leonidös-Seele"/>
  <item id="1331683197" name="Schwammurai-S."/>
  <item id="1099192143" name="Schleifer-Seele"/>
  <item id="1270271754" name="Doofkapp-Seele"/>
  <item id="3535773360" name="Kicha-Seele"/>
  <item id="91713388" name="Toilettina-Seele"/>
  <item id="1185664960" name="Kryo-Seele"/>
  <item id="506126452" name="Mochismo-Seele"/>
  <item id="1764610274" name="Misskunz-Seele"/>
  <item id="1365997235" name="Rhinfanterist-Seele"/>
  <item id="644630053" name="Rhinoberst-Seele"/>
  <item id="3626558030" name="Rhinozerboss-S."/>
  <item id="4240029491" name="Sohlitärna-Seele"/>
  <item id="1627385868" name="Schimpanyan-S."/>
  <item id="2271341912" name="Chymäre-Seele"/>
  <item id="4033273294" name="Prymäre-Seele"/>
  <item id="677343192" name="Goldrippe-Seele"/>
  <item id="791849921" name="Kolossokoma-S."/>
  <item id="2975219298" name="McKraken-Seele"/>
  <item id="69203970" name="Rote-Pfoten-Seele"/>
  <item id="2493572499" name="Spiralen-Seele"/>
  <item id="3057384059" name="Glitzerrippe-Seele"/>
  <item id="4103065017" name="Eulusionist-Seele"/>
  <item id="1179416557" name="Winzikado-Seele"/>
  <item id="3606276732" name="Ninzikado-Seele"/>
  <item id="2717145834" name="Singzikado-Seele"/>
  <item id="1480229557" name="Jibanyan-Seele"/>
  <item id="362303120" name="Schieba-Seele"/>
  <item id="1353260164" name="Simpel-Seele"/>
  <item id="665725970" name="Huschemen-Seele"/>
  <item id="3042414554" name="Renné-Seele"/>
  <item id="4140397536" name="Amilikan-Seele"/>
  <item id="3328055062" name="Jibanyan-S-Seele"/>
  <item id="1361652261" name="Shogunyan-Seele"/>
  <item id="1132508544" name="Maximumm-N-S."/>
  <item id="881296662" name="Maximumm-K-S."/>
  <item id="3139893937" name="Sternenoko-Seele"/>
  <item id="2794882833" name="Kutterkahn-Seele"/>
  <item id="3587332777" name="Dreiseha-Seele"/>
  <item id="2731895359" name="Vierseha-Seele"/>
  <item id="812553569" name="Wampsel-Seele"/>
  <item id="3595996871" name="Kolliver-Seele"/>
  <item id="4225004330" name="Wirzbald-Seele"/>
  <item id="2512941821" name="Eugen-Lob-Seele"/>
  <item id="2867007669" name="Aventurnyan-Seele"/>
  <item id="1249158461" name="Besserling-Seele"/>
  <item id="3548247175" name="Feinschwing-Seele"/>
  <item id="209944529" name="Tante-Herzi-Seele"/>
  <item id="1662994599" name="Pandanoko-Seele"/>
  <item id="2736193544" name="Freundsfalta-Seele"/>
  <item id="1030985131" name="Freundspalta-Seele"/>
  <item id="1969211253" name="Knuffiwuffi-Seele"/>
  <item id="39385059" name="Schnuckiputz-S."/>
  <item id="2605819481" name="Schnuckiwatz-S."/>
  <item id="1118136218" name="Meister-Nyada-S."/>
  <item id="2013305641" name="Miserika-Seele"/>
  <item id="2215483641" name="Bison-Schleifer-S."/>
  <item id="1004288901" name="Drotzel-Seele"/>
  <item id="1052056915" name="Dörrte-Seele"/>
  <item id="3348921633" name="Finstengu-Seele"/>
  <item id="2962967991" name="Schmöka-Seele"/>
  <item id="195880798" name="Zickeria-Seele"/>
  <item id="777665711" name="Qnack-Seele"/>
  <item id="1584567478" name="Glamourella-Seele"/>
  <item id="669806724" name="Maledixi-Seele"/>
  <item id="3904865976" name="Nervo-Seele"/>
  <item id="3241986797" name="Frauen-Seele"/>
  <item id="4278126954" name="Pfannes-Seele"/>
  <item id="2314746364" name="Stocher-Seele"/>
  <item id="2430798013" name="Wettaran-Seele"/>
  <item id="587555059" name="Knobold-Seele"/>
  <item id="1409437797" name="Pascha-Seele"/>
  <item id="1532620534" name="Einaugust-Seele"/>
  <item id="396143711" name="Rambizambi-Seele"/>
  <item id="243768606" name="Schimma-Seele"/>
  <item id="3510323934" name="Hovernyan-Seele"/>
  <item id="3819427077" name="Usapyon-B-Seele"/>
  <item id="1835941324" name="Odyseenyan-Seele"/>
  <item id="443092314" name="Kintaronyan-Seele"/>
  <item id="284256326" name="Whisper-Seele"/>
  <item id="1744197840" name="Whispocrates-S."/>
  <item id="3159047848" name="Käpt‘n-Donner-S."/>
  <item id="625110802" name="Shogun-Seele"/>
  <item id="2949147381" name="Wehigel-Seele"/>
  <item id="2185926424" name="Autschi-Seele"/>
  <item id="4115507086" name="Peyn-Seele"/>
  <item id="1797861933" name="Agon-Seele"/>
  <item id="2694042726" name="Zornzwicker-Seele"/>
  <item id="2521605779" name="Puhdel-Seele"/>
  <item id="326482984" name="Muzifer-Seele"/>
  <item id="1486841358" name="Gilgaros-Seele"/>
  <item id="1078345080" name="Furorwurm-Seele"/>
  <item id="252160959" name="Ganzo-Seele"/>
  <item id="3965097679" name="Frohland-Seele"/>
  <item id="2072268615" name="Mama-Aura-Seele"/>
  <item id="4144699863" name="Onkel-Oden-Seele"/>
  <item id="744414816" name="Stolzstelz-Seele"/>
  <item id="2258863983" name="James-Seele"/>
  <item id="4100418678" name="Fuu-2-Seele"/>
  <item id="2635508152" name="Blabbermunde-S."/>
  <item id="3985964280" name="Petzmeralda-Seele"/>
  <item id="1945135451" name="Omakabra-Seele"/>
  <item id="83319245" name="Stereoma-Seele"/>
  <item id="1509484674" name="Heita-Seele"/>
  <item id="3266774881" name="Wichtel-Seele"/>
  <item id="3048224759" name="Pechtel-Seele"/>
  <item id="1561458933" name="Süßspross-Seele"/>
  <item id="3450791268" name="Jubelstielchen-S."/>
  <item id="640555699" name="Vipolux-Seele"/>
  <item id="1557369538" name="Oberwichtel-Seele"/>
  <item id="472777403" name="Miesmücke-Seele"/>
  <item id="2233946881" name="Schlimskito-Seele"/>
  <item id="4062208919" name="Juckmuck-Seele"/>
  <item id="1088674243" name="Gusstav-Seele"/>
  <item id="1941059021" name="Kobramotz-Seele"/>
  <item id="2091636680" name="Dracunyan-Seele"/>
  <item id="3767139378" name="Fiesa-Seele"/>
  <item id="1667044401" name="Dämona-Seele"/>
  <item id="1793808410" name="Uhudini-Seele"/>
  <item id="3177313616" name="Möter-Seele"/>
  <item id="769583297" name="Dobbelmann-Seele"/>
  <item id="125013411" name="Gegenschirm-S."/>
  <item id="1524226135" name="Sir-Berus-Seele"/>
  <item id="1620810953" name="Willnich-Seele"/>
  <item id="4187147635" name="Genuk-Seele"/>
  <item id="2392194533" name="Habssat-Seele"/>
  <item id="2780343846" name="Blabia-Seele"/>
  <item id="788518932" name="Blanko-Seele"/>
  <item id="695575584" name="Eternia-Seele"/>
  <item id="3429666643" name="Blank-Man-Seele"/>
  <item id="2960979354" name="Pupsi-Seele"/>
  <item id="3346777356" name="Furzfürst-Seele"/>
  <item id="175017321" name="Ätzardine-Seele"/>
  <item id="2104081919" name="Makrekel-Seele"/>
  <item id="3994036374" name="Verspeiser-Seele"/>
  <item id="1886698805" name="Verschlinger-Seele"/>
  <item id="112322452" name="Schlaubärga-Seele"/>
  <item id="975065522" name="Aalbernd-Seele"/>
  <item id="1293508900" name="Laalaalaal-Seele"/>
  <item id="3557830814" name="Urnakonda-Seele"/>
  <item id="4193690038" name="Fasanyan-Seele"/>
  <item id="314037791" name="Kyryn-Seele"/>
  <item id="1706092169" name="Feinhorn-Seele"/>
  <item id="1629203048" name="Sailornyan-Seele"/>
  <item id="3067304884" name="Der-Brocken-Seele"/>
  <item id="3251923746" name="Der-Vulkan-Seele"/>
  <item id="78972251" name="Bananase-Seele"/>
  <item id="3805233771" name="Nein-nein-Seele"/>
  <item id="1130827181" name="Dösbacke-Seele"/>
  <item id="2990164931" name="Meidechse-Seele"/>
  <item id="3708000270" name="Wutwutz-Seele"/>
  <item id="2650671223" name="Baku-Seele"/>
  <item id="773349433" name="Kalaua-Seele"/>
  <item id="635998795" name="Bakulia-Seele"/>
  <item id="833421142" name="Finsterkyubi-Seele"/>
  <item id="1586834587" name="Renitoni-Seele"/>
  <item id="1874862682" name="Konfusius-Seele"/>
  <item id="2542718116" name="Helmchen-Seele"/>
  <item id="802818574" name="Panza-Seele"/>
  <item id="120705333" name="Hybritter-Seele"/>
  <item id="1882644899" name="Corptain-Seele"/>
  <item id="2460333796" name="Awokalypso-Seele"/>
  <item id="419789051" name="Miasmia-Seele"/>
  <item id="2148280641" name="Miefasmia-Seele"/>
  <item id="1318958410" name="Pümpel-Seele"/>
  <item id="1994068763" name="Sankt-Saugus-S."/>
  <item id="1685228734" name="Graf-Karies-Seele"/>
  <item id="4023534241" name="Meermutter-Seele"/>
  <item id="765244503" name="Kantalupnyan-S."/>
  <item id="3029722605" name="Oranyan-Seele"/>
  <item id="3281180027" name="Kiwinyan-Seele"/>
  <item id="1395509482" name="Traubnyan-Seele"/>
  <item id="606795900" name="Erdbeernyan-Seele"/>
  <item id="3664665623" name="Melonyan-Seele"/>
  <item id="4271596975" name="Maginyan-Seele"/>
  <item id="1998158124" name="Waschogun-Seele"/>
  <item id="870990095" name="Aeronyan-Seele"/>
  <item id="2204130528" name="Meister-Enma-S."/>
  <item id="3637467747" name="Glitzelle-Seele"/>
  <item id="1215318002" name="Klapperika-Seele"/>
  <item id="1064793956" name="Skelebelle-Seele"/>
  <item id="3505987817" name="Fr.-Langhals-Seele"/>
  <item id="2818445439" name="Fr.-Fanghals-Seele"/>
  <item id="3477979014" name="Viptor-Seele"/>
  <item id="1357594642" name="Arachnius-Seele"/>
  <item id="1907808002" name="Spoilerina-Seele"/>
  <item id="3309140821" name="Untlitz-Seele"/>
  <item id="213984071" name="Fellix-Seele"/>
  <item id="2076578769" name="Filzix-Seele"/>
  <item id="3112756519" name="Haartwig-Seele"/>
  <item id="1479908183" name="Garna-Seele"/>
  <item id="583469764" name="Leodrio-Seele"/>
  <item id="4206683204" name="Gierrippe-Seele"/>
  <item id="573549323" name="Kolossokoma-S."/>
  <item id="57818139" name="Massenmurrer-S."/>
  <item id="1380278148" name="W.-Hinovator-Seele"/>
  <item id="1956490562" name="Pistoleros-Seele"/>
  <item id="60464596" name="Casanovo-Seele"/>
  <item id="3005192665" name="Egalaya-Seele"/>
  <item id="3357571999" name="Komasura-Seele"/>
  <item id="1156411801" name="Jibakoma-Seele"/>
  <item id="706136163" name="Wissuv-Seele"/>
  <item id="3424766503" name="Durchnässa-Seele"/>
  <item id="375309928" name="Wandakappa-Seele"/>
  <item id="2934814959" name="Tropfi-Seele"/>
  <item id="1633285886" name="Nomakappa-Seele"/>
  <item id="4166035268" name="Wassgeht-Seele"/>
  <item id="3733408864" name="Don-Densato-S."/>
  <item id="3616859376" name="Kutterkahn-Seele"/>
  <item id="2051417456" name="Spannsel-Seele"/>
  <item id="1816458804" name="Papa-Blitzig-Seele"/>
  <item id="1624883295" name="Pochtopf-Seele"/>
  <item id="222369254" name="Signalabim-Seele"/>
  <item id="1438661202" name="Seismo-Seele"/>
  <item id="2829430508" name="Dösuma-Seele"/>
  <item id="3751976570" name="Darumacho-Seele"/>
  <item id="2822903489" name="Schtompf-Seele"/>
  <item id="1170776963" name="Sanderl-Seele"/>
  <item id="3027393984" name="Dankedün-Seele"/>
  <item id="3000890350" name="Herr-Körner-Seele"/>
  <item id="763038842" name="Needankedün-S."/>
  <item id="2229614902" name="Frostina-Seele"/>
  <item id="2017642431" name="Schlotterrier-Seele"/>
  <item id="937748821" name="Zapfi-Seele"/>
  <item id="4091677088" name="Glazia-Seele"/>
  <item id="3779827205" name="Kalteser-Seele"/>
  <item id="2843770102" name="Don-Gelato-Seele"/>
  <item id="1289423635" name="Katarrnich-Seele"/>
  <item id="3241399055" name="Jammsel-Seele"/>
  <item id="3056919449" name="Schlabat-Seele"/>
  <item id="852464405" name="Schirmschäm-S."/>
  <item id="792572451" name="Dunkelfeder-Seele"/>
  <item id="2939146968" name="Kastellan-I-Seele"/>
  <item id="1092727796" name="Kastellan-II-Seele"/>
  <item id="908493666" name="Kastellan-III-Seele"/>
  <item id="3745850967" name="Oberkastellan-S."/>
  <item id="2548736097" name="Blizzi-Seele"/>
  <item id="3942201569" name="Wapir-Seele"/>
  <item id="1399821436" name="Reisgreis-Seele"/>
  <item id="400486601" name="Willichauch-Seele"/>
  <item id="1111678903" name="Galagarnele-Seele"/>
  <item id="3703697977" name="Zungus-Seele"/>
  <item id="3319448440" name="Zungustine-Seele"/>
  <item id="3202687294" name="Peter-Petz-Seele"/>
  <item id="798512792" name="Vati-Blum-Seele"/>
  <item id="1953827981" name="Verschlinger-Seele"/>
  <item id="2842150107" name="Schnattalie-Seele"/>
  <item id="3730895949" name="Nörgelika-Seele"/>
  <item id="3693496852" name="Moppsa-Seele"/>
  <item id="366612998" name="Schwupp-Seele"/>
  <item id="2852432024" name="Panja-Seele"/>
  <item id="856553762" name="Panja-Pro-Seele"/>
  <item id="2896889526" name="Tigappa-Seele"/>
  <item id="415699660" name="Verheerbert-Seele"/>
  <item id="3666469946" name="Ogralus-Seele"/>
  <item id="3435752424" name="Stimmuleo-Seele"/>
  <item id="1103498201" name="Goruma-Seele"/>
  <item id="1074029038" name="Rebelzebub-Seele"/>
  <item id="3831557189" name="Amokrele-Seele"/>
  <item id="740066038" name="Serberker-Seele"/>
  <item id="922964344" name="Bandido-Seele"/>
  <item id="2706488913" name="Samureis-Seele"/>
  <item id="2568427520" name="Flammureis-Seele"/>
  <item id="1018298268" name="Amnesimon-Seele"/>
  <item id="2593377390" name="Casalusa-Seele"/>
  <item id="1654619654" name="Wirreführer-Seele"/>
  <item id="2483689674" name="Labernase-Seele"/>
  <item id="247841160" name="U.-L.-O.-Seele"/>
  <item id="1845643373" name="Hausdemsin-Seele"/>
  <item id="1391436509" name="Vervisage-Seele"/>
  <item id="3488111421" name="Goldinyan-Seele"/>
  <item id="1236413893" name="Schandmähre-S."/>
  <item id="370973438" name="Luchadonyan-S."/>
  <item id="1737634837" name="Sir-Nyansalot-S."/>
  <item id="1605435009" name="Nixda-Seele"/>
  <item id="683134487" name="Sperrich-Seele"/>
  <item id="2982059949" name="Wallter-Seele"/>
  <item id="558096042" name="Schiriviper-Seele"/>
  <item id="1518091500" name="Sumudon-Seele"/>
  <item id="3289950543" name="Yokozudon-Seele"/>
  <item id="1931004052" name="Whispersahne-S."/>
  <item id="1984954" name="Leonidas-Seele"/>
  <item id="3465532849" name="Krachmed-Seele"/>
  <item id="966428124" name="Timmitus-Seele"/>
  <item id="3927021870" name="Robonyan-28-S."/>
  <item id="1160715182" name="Safto-Seele"/>
  <item id="2881929903" name="Schirmschelm-S."/>
  <item id="3984350519" name="Verspeiser-Seele"/>
  <item id="1802202811" name="Glibbamanda-Seele"/>
  <item id="1468433419" name="Wabbelwutz-Seele"/>
  <item id="3327201012" name="Awokalypso-Seele"/>
  <item id="1107329825" name="Kapunki-Seele"/>
  <item id="116636418" name="Zappelfant-Seele"/>
  <item id="1911851924" name="Zitterfant-Seele"/>
  <item id="1495224495" name="Floppo-Seele"/>
  <item id="1546922735" name="Mammussnich-S."/>
  <item id="2377897170" name="Seegras-Sensei"/>
  <item id="166353159" name="Faulheld-Seele"/>
  <item id="2129488273" name="Maujor-Seele"/>
  <item id="3890493483" name="Gähneral-Seele"/>
  <item id="444705941" name="Portalex-Seele"/>
  <item id="2206793007" name="Spekulump-Seele"/>
  <item id="2975410048" name="Dornyan-Seele"/>
  <item id="510180578" name="Temportalex-Seele"/>
  <item id="2746410163" name="Takoyakid-Seele"/>
  <item id="3279252822" name="Takoyaking-Seele"/>
  <item id="889697207" name="Sushiyama-Seele"/>
  <item id="2398196000" name="Jibanyan-B-Seele"/>
  <item id="278201475" name="Komasan-B-Seele"/>
  <item id="3364521670" name="Hinovator-Seele"/>
  <item id="3213735504" name="Jibalzebub-Seele"/>
  <item id="3746185141" name="Gargaros-Seele"/>
  <item id="908696192" name="Dunkelwutz-Seele"/>
  <item id="1093577238" name="Wabbelwutz-Seele"/>
  <item id="3577412454" name="Spiral.-Gold-Seele"/>
  <item id="3053286019" name="Gold.-Krallen-Seele"/>
  <item id="3456077915" name="Boshafte Seele"/>
  <item id="1425457633" name="Heitere Seele"/>
  <item id="603058551" name="Clevere Seele"/>
  <item id="3180684500" name="Hinterhältige Seele"/>
  <item id="3398587458" name="Überlebende Seele"/>
  <item id="1402668536" name="Kranke Seele"/>
  <item id="614217070" name="Geschickte Seele"/>
  <item id="3022203135" name="Vertrocknete Seele"/>
  <item id="3273922665" name="Durchnässte Seele"/>
  <item id="2749600140" name="Sturmseele"/>
  <item id="3571753242" name="Sprießende Seele"/>
  <item id="1307439264" name="Schneeseele"/>
  <item id="988463158" name="Böenseele"/>
  <item id="3548996867" name="Unaufhaltsame S."/>
  <item id="1249916089" name="Stahlseele"/>
  <item id="1032258607" name="Standhafte Seele"/>
  <item id="2906134974" name="Stachelseele"/>
  <item id="3661572392" name="Beschwörerseele"/>
  <item id="2295251535" name="Selbstlose Seele"/>
  <item id="4291424985" name="Superstarseele"/>
</items>
