<?xml version='1.0' encoding='utf-8'?>
<items>
  <item id="2046011958" index="1" name="Pfannes"/>
  <item id="1799751128" index="2" name="Stocher"/>
  <item id="1918710937" index="3" name="Rambizambi"/>
  <item id="3827602063" index="4" name="Faulheld"/>
  <item id="1553528298" index="5" name="Maujor"/>
  <item id="1166263467" index="6" name="Gähneral"/>
  <item id="2859601318" index="7" name="Schwammurai"/>
  <item id="2104724135" index="8" name="Waschogun"/>
  <item id="3100090952" index="9" name="Leonidös"/>
  <item id="2992314685" index="10" name="Leonidas"/>
  <item id="315517635" index="11" name="Kolliver"/>
  <item id="1643699290" index="12" name="Serberker"/>
  <item id="2028203291" index="13" name="Butzemon"/>
  <item id="4136713569" index="14" name="Mochismo"/>
  <item id="4018801696" index="15" name="Misskunz"/>
  <item id="933573919" index="16" name="Zuberzunge"/>
  <item id="2201481998" index="17" name="Dösbacke"/>
  <item id="518048695" index="18" name="Wutwutz"/>
  <item id="206922841" index="19" name="Samuraal"/>
  <item id="1412854799" index="20" name="Generaal"/>
  <item id="2400801402" index="21" name="Samureis"/>
  <item id="182943320" index="22" name="Flammureis"/>
  <item id="1150518150" index="23" name="Helmchen"/>
  <item id="1445342312" index="24" name="Hybritter"/>
  <item id="1329405225" index="25" name="Corptain"/>
  <item id="2645360020" index="26" name="Schlammampf"/>
  <item id="3318738370" index="27" name="Schleifer"/>
  <item id="4003089165" index="28" name="Leodrio"/>
  <item id="4152457804" index="29" name="Seismo"/>
  <item id="3702270351" index="30" name="Stimmuleo"/>
  <item id="83617212" index="31" name="Wettaran"/>
  <item id="3158803161" index="32" name="Schimma"/>
  <item id="4230997219" index="33" name="Fiesa"/>
  <item id="2774315928" index="34" name="Glitza"/>
  <item id="3645160255" index="35" name="Benkei"/>
  <item id="3227486846" index="36" name="B3-NK1"/>
  <item id="3406132351" index="37" name="Maximumm N"/>
  <item id="1941508890" index="38" name="Maximumm K"/>
  <item id="621845233" index="39" name="Hovernyan"/>
  <item id="3838898721" index="40" name="Luchadonyan"/>
  <item id="294016696" index="41" name="Sushiyama"/>
  <item id="144533497" index="42" name="Kapunki"/>
  <item id="1934455732" index="43" name="Hornboxa"/>
  <item id="3421574353" index="44" name="Kneiferer"/>
  <item id="3538560400" index="45" name="Zangenzar"/>
  <item id="408080822" index="46" name="Verspeiser"/>
  <item id="21618935" index="47" name="Verschlinger"/>
  <item id="3079793018" index="48" name="Vipolux"/>
  <item id="2699998931" index="49" name="Gegenschirm"/>
  <item id="4067932905" index="50" name="Sohlitärna"/>
  <item id="966511628" index="51" name="Drotzel"/>
  <item id="545324365" index="52" name="Katarrnich"/>
  <item id="3556401853" index="53" name="Willnich"/>
  <item id="1311595012" index="54" name="Genuk"/>
  <item id="1463184197" index="55" name="Habssat"/>
  <item id="3146751539" index="56" name="Amnesimon"/>
  <item id="2012164562" index="57" name="Hausdemsin"/>
  <item id="2727653234" index="58" name="Doofkapp"/>
  <item id="1431073508" index="59" name="Untlitz"/>
  <item id="1456622790" index="60" name="Bohris"/>
  <item id="53737814" index="61" name="Kicha"/>
  <item id="438880279" index="62" name="Blabia"/>
  <item id="2354146817" index="63" name="Petzmeralda"/>
  <item id="2665791983" index="64" name="Stereoma"/>
  <item id="2504679232" index="65" name="Omakabra"/>
  <item id="2839163357" index="66" name="Pistoleros"/>
  <item id="887949668" index="67" name="Casanovo"/>
  <item id="771110949" index="68" name="Casalusa"/>
  <item id="2240145679" index="69" name="Tschulligung"/>
  <item id="931616744" index="70" name="Sündenblock"/>
  <item id="1027182186" index="71" name="Smoggi"/>
  <item id="3478345399" index="72" name="Miasmia"/>
  <item id="2117842652" index="73" name="Spannsel"/>
  <item id="3330789817" index="74" name="Signalabim"/>
  <item id="3751600376" index="75" name="Dynamon"/>
  <item id="2403020941" index="76" name="Onkel Oden"/>
  <item id="797712772" index="77" name="U. L. O."/>
  <item id="3250302461" index="78" name="Amilikan"/>
  <item id="2263857027" index="79" name="Portalex"/>
  <item id="624097286" index="80" name="Temportalex"/>
  <item id="2683602626" index="81" name="Spekulump"/>
  <item id="1045680358" index="82" name="Eulusionist"/>
  <item id="659087783" index="83" name="Uhudini"/>
  <item id="207991396" index="84" name="Vagabuhu"/>
  <item id="2166860649" index="85" name="Dreiseha"/>
  <item id="2554108456" index="86" name="Vierseha"/>
  <item id="4133838287" index="87" name="James"/>
  <item id="1801742127" index="88" name="Tengu"/>
  <item id="1920947822" index="89" name="Sengu"/>
  <item id="160243924" index="90" name="Kyubi"/>
  <item id="278270357" index="91" name="Kryo"/>
  <item id="2643369827" index="92" name="Chymäre"/>
  <item id="2224401954" index="93" name="Prymäre"/>
  <item id="5875674" index="94" name="Pochtopf"/>
  <item id="2972796849" index="95" name="Dösuma"/>
  <item id="2743396447" index="96" name="Darumacho"/>
  <item id="3131037982" index="97" name="Goruma"/>
  <item id="3102064831" index="98" name="Willichauch"/>
  <item id="3365620317" index="99" name="Galagarnele"/>
  <item id="1250891874" index="100" name="Wirrwagen"/>
  <item id="1881615672" index="101" name="Patzpanzer"/>
  <item id="886008723" index="102" name="Nixda"/>
  <item id="2356350198" index="103" name="Sperrich"/>
  <item id="2506636727" index="104" name="Wallter"/>
  <item id="2352466200" index="105" name="Rebelzebub"/>
  <item id="3428822818" index="106" name="Bandido"/>
  <item id="4268346784" index="107" name="Grobro"/>
  <item id="645579901" index="108" name="Panza"/>
  <item id="2536523489" index="109" name="Mimikini"/>
  <item id="2663818008" index="110" name="Barricardo"/>
  <item id="2279445081" index="111" name="Haltan"/>
  <item id="3193428670" index="112" name="Sumudon"/>
  <item id="595649031" index="113" name="Yokozudon"/>
  <item id="2604434786" index="114" name="Egalaya"/>
  <item id="2307467916" index="115" name="Wissuv"/>
  <item id="3245191076" index="116" name="Zappelfant"/>
  <item id="3631652581" index="117" name="Zitterfant"/>
  <item id="4282759791" index="118" name="Mammussnich"/>
  <item id="317458484" index="119" name="Zackarias"/>
  <item id="1207557386" index="120" name="Frazzel"/>
  <item id="2857398097" index="121" name="Safto"/>
  <item id="3148741828" index="122" name="Der Brocken"/>
  <item id="2729889157" index="123" name="Der Vulkan"/>
  <item id="2953011819" index="124" name="Kastellan III"/>
  <item id="2603495848" index="125" name="Kastellan II"/>
  <item id="2836943658" index="126" name="Kastellan I"/>
  <item id="2184511721" index="127" name="Oberkastellan"/>
  <item id="51485601" index="128" name="Rhinfanterist"/>
  <item id="295973967" index="129" name="Rhinoberst"/>
  <item id="146736398" index="130" name="Rhinozerboss"/>
  <item id="1047638545" index="131" name="Robonyan"/>
  <item id="661291856" index="132" name="Goldinyan"/>
  <item id="1322859178" index="133" name="Robonyan F"/>
  <item id="4051387260" index="134" name="Schtompf"/>
  <item id="3898634813" index="135" name="Brausch"/>
  <item id="3991934337" index="136" name="Feschfrosch"/>
  <item id="4109051072" index="137" name="Meidechse"/>
  <item id="63412728" index="138" name="Gargaros"/>
  <item id="3145465501" index="139" name="Ogralus"/>
  <item id="2848870771" index="140" name="Orcanos"/>
  <item id="3046311383" index="141" name="Stolzstelz"/>
  <item id="1130078060" index="142" name="Glitzelle"/>
  <item id="4226283529" index="143" name="Klapperika"/>
  <item id="3808217416" index="144" name="Skelebelle"/>
  <item id="1237787673" index="145" name="Winzikado"/>
  <item id="162480675" index="146" name="Ninzikado"/>
  <item id="280261474" index="147" name="Singzikado"/>
  <item id="3825660024" index="148" name="Schlotterrier"/>
  <item id="1555732253" index="149" name="Kalteser"/>
  <item id="1168221788" index="150" name="Puhdel"/>
  <item id="1609739110" index="151" name="Vervisage"/>
  <item id="221209266" index="152" name="Einaugust"/>
  <item id="2745600680" index="153" name="Jibanyan"/>
  <item id="2893525287" index="154" name="Jibanyan S"/>
  <item id="3127622064" index="155" name="Oranyan"/>
  <item id="2437343859" index="156" name="Kiwinyan"/>
  <item id="2287852338" index="157" name="Traubnyan"/>
  <item id="3340520949" index="158" name="Erdbeernyan"/>
  <item id="3725032628" index="159" name="Melonyan"/>
  <item id="2742061297" index="160" name="Kantalupnyan"/>
  <item id="903818430" index="161" name="Saphinyan"/>
  <item id="519208829" index="162" name="Smaranyan"/>
  <item id="132730428" index="163" name="Rubinyan"/>
  <item id="1219025147" index="164" name="Topanyan"/>
  <item id="751050239" index="165" name="Diamanyan"/>
  <item id="454749645" index="166" name="Dornyan"/>
  <item id="2261636468" index="167" name="Grobianyan"/>
  <item id="1806853494" index="168" name="Buchinyan"/>
  <item id="1550619972" index="169" name="Sailornyan"/>
  <item id="1147659048" index="170" name="Aventurnyan"/>
  <item id="68125970" index="171" name="Aeronyan"/>
  <item id="610966554" index="172" name="Rosti"/>
  <item id="2791091410" index="173" name="Panja"/>
  <item id="3035169596" index="174" name="Panja-Pro"/>
  <item id="2490923674" index="175" name="Wandakappa"/>
  <item id="3424348876" index="176" name="Nomakappa"/>
  <item id="3573570445" index="177" name="Wassgeht"/>
  <item id="2249971501" index="178" name="Robokapp"/>
  <item id="1957105065" index="179" name="Komasan"/>
  <item id="1309620467" index="180" name="Komähne"/>
  <item id="2071344678" index="181" name="Komasan S"/>
  <item id="1841052904" index="182" name="Komajiro"/>
  <item id="2084133489" index="183" name="Komatigga"/>
  <item id="1651312487" index="184" name="Komajiro S"/>
  <item id="2494462147" index="185" name="Robokoma"/>
  <item id="3165905527" index="186" name="Jibakoma"/>
  <item id="643344010" index="187" name="Baku"/>
  <item id="3880700931" index="188" name="Bakulia"/>
  <item id="1061394379" index="189" name="Wapir"/>
  <item id="1296499848" index="190" name="Nieselse"/>
  <item id="4126893037" index="191" name="Renné"/>
  <item id="1152508273" index="192" name="Knuffiwuffi"/>
  <item id="1443122847" index="193" name="Schnuckiputz"/>
  <item id="1327464414" index="194" name="Schnuckiwatz"/>
  <item id="1048957631" index="195" name="Peter Petz"/>
  <item id="753303304" index="196" name="Frostina"/>
  <item id="2488932461" index="197" name="Glazia"/>
  <item id="2588494293" index="197" name="Glitzi"/>
  <item id="2369857836" index="198" name="Dämona"/>
  <item id="2056910010" index="199" name="Japakappa"/>
  <item id="1669514747" index="200" name="Tigappa"/>
  <item id="3257242591" index="201" name="Meister Nyada"/>
  <item id="3989993334" index="202" name="Sabba"/>
  <item id="4106831415" index="203" name="Nascha"/>
  <item id="4228744724" index="204" name="Walza"/>
  <item id="1696488402" index="205" name="Samba"/>
  <item id="3843471189" index="206" name="Plattla"/>
  <item id="3460031638" index="207" name="Tschatscha"/>
  <item id="3554148426" index="208" name="Opa Gusto"/>
  <item id="2344292380" index="209" name="Nimmersatt"/>
  <item id="3401789707" index="210" name="Reisgreis"/>
  <item id="739385254" index="211" name="Robopa"/>
  <item id="3499113521" index="212" name="Zungus"/>
  <item id="4173947755" index="213" name="Zungustine"/>
  <item id="810502914" index="214" name="Sanderl"/>
  <item id="1081410574" index="215" name="Herr Körner"/>
  <item id="1747737428" index="216" name="Schirmschelm"/>
  <item id="1388358624" index="217" name="Paragroll"/>
  <item id="825576937" index="218" name="Süßspross"/>
  <item id="1767267775" index="219" name="Jubelstielchen"/>
  <item id="1879396303" index="220" name="Blanko"/>
  <item id="2988432595" index="221" name="Blank-Man"/>
  <item id="1763606158" index="222" name="Heita"/>
  <item id="3474428761" index="223" name="Wichtel"/>
  <item id="3934047365" index="224" name="Oberwichtel"/>
  <item id="3647396296" index="225" name="Freundsfalta"/>
  <item id="3229477001" index="226" name="Freundspalta"/>
  <item id="1641725613" index="227" name="Besserling"/>
  <item id="2025951212" index="228" name="Feinschwing"/>
  <item id="2007757884" index="229" name="Kuhrigella"/>
  <item id="178502582" index="230" name="Nostierdamus"/>
  <item id="3718397111" index="231" name="Strahlemann"/>
  <item id="4005046778" index="232" name="Frohland"/>
  <item id="3067820460" index="233" name="Labiliese"/>
  <item id="2948597997" index="234" name="Labilotte"/>
  <item id="241655497" index="235" name="Trickolaus"/>
  <item id="394030984" index="236" name="Wunderwilli"/>
  <item id="2043791553" index="237" name="Knobold"/>
  <item id="1623914880" index="238" name="Pascha"/>
  <item id="1233379831" index="239" name="Papa Blitzig"/>
  <item id="1352192182" index="240" name="Onkel Omni"/>
  <item id="4047472274" index="241" name="Mama Aura"/>
  <item id="3894720467" index="242" name="Tante Herzi"/>
  <item id="1254874508" index="243" name="Kyryn"/>
  <item id="1406201037" index="244" name="Feinhorn"/>
  <item id="3562330446" index="245" name="Wirreführer"/>
  <item id="3444566031" index="246" name="Schieba"/>
  <item id="1530285593" index="247" name="Autschi"/>
  <item id="3817482620" index="248" name="Peyn"/>
  <item id="4203812925" index="249" name="Agon"/>
  <item id="3770815751" index="250" name="Aufbleiba"/>
  <item id="876284733" index="251" name="Durchmacha"/>
  <item id="3316206299" index="252" name="Farni"/>
  <item id="3660506547" index="253" name="Karni"/>
  <item id="2120028613" index="254" name="Miesmücke"/>
  <item id="3336664736" index="255" name="Schlimskito"/>
  <item id="3757721569" index="256" name="Juckmuck"/>
  <item id="1367906203" index="257" name="Simpel"/>
  <item id="166430669" index="258" name="Huschemen"/>
  <item id="284210828" index="259" name="Nihilo"/>
  <item id="3658254148" index="260" name="Argwoni"/>
  <item id="3273111045" index="261" name="Renitoni"/>
  <item id="3896174022" index="262" name="Onimich"/>
  <item id="691944325" index="263" name="Motzääär"/>
  <item id="999003243" index="264" name="Obermotzääär"/>
  <item id="1433276435" index="265" name="Fledalein"/>
  <item id="3367577770" index="266" name="Flederhaus"/>
  <item id="3517061611" index="267" name="Flederemit"/>
  <item id="1484681826" index="268" name="Schwupp"/>
  <item id="4063461127" index="269" name="Moppsa"/>
  <item id="2098539966" index="270" name="Wirzbald"/>
  <item id="1872790096" index="271" name="Fu Machdu"/>
  <item id="3608995125" index="272" name="Graf Zappula"/>
  <item id="2030553752" index="273" name="Rattus I."/>
  <item id="1655758881" index="274" name="Finstengu"/>
  <item id="2074857824" index="275" name="Schmöka"/>
  <item id="935563782" index="276" name="Zickeria"/>
  <item id="2407527779" index="277" name="Glibbamanda"/>
  <item id="2357685336" index="278" name="Dracunyan"/>
  <item id="3390690701" index="279" name="Usapyon"/>
  <item id="3540182220" index="280" name="Usapyon"/>
  <item id="4163876623" index="281" name="Usapyon"/>
  <item id="3778315854" index="282" name="Usapyon"/>
  <item id="2926907529" index="283" name="Usapyon"/>
  <item id="1961084999" index="284" name="Negasus"/>
  <item id="1845033222" index="285" name="Schandmähre"/>
  <item id="2188351250" index="286" name="Schämon"/>
  <item id="986968183" index="287" name="Muzifer"/>
  <item id="600359222" index="288" name="Graf Karies"/>
  <item id="1653768918" index="289" name="Barbargus"/>
  <item id="2072621975" index="290" name="Glitzglotz"/>
  <item id="2059114061" index="291" name="König Knausa"/>
  <item id="1671472908" index="292" name="Maximalefiz"/>
  <item id="646882515" index="293" name="Awokalypso"/>
  <item id="1002127958" index="294" name="Finsterkyubi"/>
  <item id="456691514" index="295" name="Hustanie"/>
  <item id="35896955" index="296" name="Wehigel"/>
  <item id="2975326376" index="297" name="Tropfi"/>
  <item id="1205583869" index="298" name="Don Densato"/>
  <item id="2823606761" index="299" name="Zapfi"/>
  <item id="1589677756" index="300" name="Don Gelato"/>
  <item id="2204205610" index="301" name="Gusstav"/>
  <item id="1827192363" index="302" name="Stibitza"/>
  <item id="1228096695" index="303" name="Filzfink"/>
  <item id="1978896234" index="304" name="Wampsel"/>
  <item id="741375313" index="305" name="Timmitus"/>
  <item id="2984723944" index="306" name="Krachmed"/>
  <item id="2970821958" index="307" name="Jammsel"/>
  <item id="2819101703" index="308" name="Schlabat"/>
  <item id="2200258500" index="309" name="Dunkelfeder"/>
  <item id="856127353" index="310" name="Möter"/>
  <item id="1936658755" index="311" name="Dobbelmann"/>
  <item id="1785995266" index="312" name="Sir Berus"/>
  <item id="2982487839" index="313" name="Roböter"/>
  <item id="2654127030" index="314" name="Fellix"/>
  <item id="156967565" index="315" name="Haartwig"/>
  <item id="65403663" index="316" name="Nein-nein"/>
  <item id="4284995736" index="317" name="Tristine"/>
  <item id="881569405" index="318" name="Schnattalie"/>
  <item id="764452668" index="319" name="Nörgelika"/>
  <item id="341709365" index="320" name="Dankedün"/>
  <item id="116112859" index="321" name="Needankedün"/>
  <item id="3143212138" index="322" name="Eugen Lob"/>
  <item id="290477281" index="323" name="Wim Wendig"/>
  <item id="1128085621" index="324" name="Pupsi"/>
  <item id="1512442164" index="325" name="Furzfürst"/>
  <item id="2850829188" index="326" name="Toilettina"/>
  <item id="468618595" index="327" name="Maledixi"/>
  <item id="4052689874" index="328" name="Wabbelwutz"/>
  <item id="4219559696" index="329" name="Floppo"/>
  <item id="3801771601" index="330" name="Kalaua"/>
  <item id="1716938665" index="331" name="Dörrte"/>
  <item id="3739877580" index="332" name="Glamourella"/>
  <item id="3354472845" index="333" name="Eternia"/>
  <item id="3540910611" index="334" name="Darknyan"/>
  <item id="3912560894" index="335" name="Insomnina"/>
  <item id="4029661631" index="336" name="Sandy"/>
  <item id="2740120070" index="337" name="Arachnius"/>
  <item id="3125402439" index="338" name="Arachnia"/>
  <item id="2251929050" index="339" name="Qnack"/>
  <item id="3255300392" index="340" name="Noko"/>
  <item id="3501350598" index="341" name="Florinoko"/>
  <item id="3676094569" index="342" name="Pandanoko"/>
  <item id="158941306" index="343" name="Robonoko"/>
  <item id="2492209716" index="344" name="Wirrma"/>
  <item id="3542900964" index="345" name="Jammalia"/>
  <item id="2997844371" index="346" name="Whisper"/>
  <item id="3166447659" index="347" name="Whispocrates"/>
  <item id="3419633190" index="348" name="Aalbernd"/>
  <item id="3536340839" index="349" name="Laalaalaal"/>
  <item id="4192539812" index="350" name="Urnakonda"/>
  <item id="1298491007" index="351" name="Ätzardine"/>
  <item id="1607518609" index="352" name="Makrekel"/>
  <item id="1187772624" index="353" name="Amokrele"/>
  <item id="3968471914" index="354" name="Takoyakid"/>
  <item id="2900522320" index="355" name="Takoyaking"/>
  <item id="1951624455" index="356" name="Pümpel"/>
  <item id="3248082698" index="357" name="Sankt Saugus"/>
  <item id="4131864376" index="358" name="Zornzwicker"/>
  <item id="2032511087" index="359" name="Furorwurm"/>
  <item id="1745762723" index="360" name="Dracki"/>
  <item id="4124639514" index="361" name="Drachenfürst"/>
  <item id="3972149339" index="362" name="Azurdrache"/>
  <item id="466415508" index="363" name="Robodracki"/>
  <item id="1325095005" index="364" name="Meermaid"/>
  <item id="1804601217" index="365" name="Meermadonna"/>
  <item id="1921726144" index="366" name="Meermutter"/>
  <item id="1548679091" index="367" name="Fr. Langhals"/>
  <item id="4138950550" index="368" name="Tranatol"/>
  <item id="4020793047" index="369" name="Wirrtropf"/>
  <item id="3882659572" index="370" name="Lungerhai"/>
  <item id="4269252533" index="371" name="Meermassler"/>
  <item id="3205480098" index="372" name="Prassa"/>
  <item id="2786365411" index="373" name="Zauster"/>
  <item id="129227207" index="374" name="Labernase"/>
  <item id="514386054" index="375" name="Bananase"/>
  <item id="3841102038" index="376" name="Zaudrak"/>
  <item id="3438217826" index="377" name="Kutterkahn"/>
  <item id="1025240221" index="378" name="Kobramotz"/>
  <item id="254643743" index="379" name="Griesgramba"/>
  <item id="604036572" index="380" name="Schiriviper"/>
  <item id="2242350072" index="381" name="Viptor"/>
  <item id="2629614265" index="382" name="Schattenato"/>
  <item id="2534548502" index="383" name="Shogunyan"/>
  <item id="799949683" index="384" name="Komasura"/>
  <item id="410039105" index="385" name="Gilgaros"/>
  <item id="2337239218" index="386" name="Spoilerina"/>
  <item id="180690095" index="387" name="Vati Blum"/>
  <item id="3408336520" index="388" name="Schlaubärga"/>
  <item id="2994305994" index="389" name="Dandackel"/>
  <item id="1939567085" index="390" name="Polyglossa"/>
  <item id="829356020" index="391" name="Moderzunge"/>
  <item id="2607234943" index="392" name="Grapschmampf"/>
  <item id="3382219868" index="393" name="Miefasmia"/>
  <item id="2085762641" index="394" name="Killakappa"/>
  <item id="1860671935" index="395" name="Schirmschäm"/>
  <item id="3386659250" index="396" name="Pechtel"/>
  <item id="1902130903" index="397" name="Stunkrigella"/>
  <item id="2566455645" index="398" name="Filzix"/>
  <item id="1211144886" index="399" name="Unfairmaid"/>
  <item id="1518679384" index="400" name="Fr. Fanghals"/>
  <item id="4244235962" index="401" name="Nervo"/>
  <item id="3997976916" index="402" name="Miserika"/>
  <item id="1458581041" index="403" name="Ganzo"/>
  <item id="244530791" index="404" name="Konfusius"/>
  <item id="3056556290" index="405" name="Verheerbert"/>
  <item id="1857823650" index="406" name="Jibanyan B"/>
  <item id="2081000524" index="407" name="Komasan B"/>
  <item id="3300256553" index="408" name="Sir Nyancelot"/>
  <item id="2631334783" index="409" name="Maginyan"/>
  <item id="3789468917" index="410" name="Momonyan"/>
  <item id="4083882779" index="411" name="Welpenyan"/>
  <item id="1272413310" index="412" name="Schimpanyan"/>
  <item id="3590341831" index="413" name="Fasanyan"/>
  <item id="1709933416" index="414" name="Wabbelwutz"/>
  <item id="1485548248" index="415" name="Dunkelwutz"/>
  <item id="2276961136" index="416" name="Gierrippe"/>
  <item id="3134685888" index="417" name="Goldrippe"/>
  <item id="4252497936" index="418" name="Glitzerrippe"/>
  <item id="3949233291" index="419" name="Kutterkahn"/>
  <item id="3590630715" index="420" name="Käpt’n Karon"/>
  <item id="2839643126" index="421" name="Glibbamanda"/>
  <item id="2485234246" index="422" name="Glotzmanda"/>
  <item id="3191510965" index="423" name="Gargaros"/>
  <item id="2412940584" index="424" name="Ogralus"/>
  <item id="698713756" index="425" name="Orcanos"/>
  <item id="3400319082" index="426" name="Verspeiser"/>
  <item id="4157401562" index="427" name="Verschlinger"/>
  <item id="808705292" index="428" name="Blabbermunde"/>
  <item id="442429900" index="429" name="Jibalzebub"/>
  <item id="3606376786" index="430" name="Kolossokoma"/>
  <item id="3054409949" index="431" name="Awokalypso"/>
  <item id="3910389664" index="432" name="Massenmurrer"/>
  <item id="4105032442" index="433" name="Whispersahne"/>
  <item id="1008376696" index="434" name="Frau Fergällt"/>
  <item id="1260235758" index="435" name="Frau Fatal"/>
  <item id="2743372527" index="436" name="McKraken"/>
  <item id="2057607235" index="437" name="McKraken"/>
  <item id="632934206" index="438" name="Kabuking"/>
  <item id="4237942162" index="439" name="Robonyan 28"/>
  <item id="1414705349" index="440" name="Garna"/>
  <item id="278657237" index="441" name="Hinovator"/>
  <item id="940036708" index="442" name="Rote Pfoten"/>
  <item id="3062420871" index="443" name="Spiralen-Omai"/>
  <item id="3195385929" index="444" name="Bison Schleifer"/>
  <item id="2224638205" index="445" name="Spinnübel"/>
  <item id="3860244511" index="446" name="Krötiger Dämon"/>
  <item id="2898270119" index="447" name="Fuu 2"/>
  <item id="113893164" index="448" name="Kintaronyan"/>
  <item id="1588252538" index="449" name="Kabuking"/>
  <item id="2716997409" index="450" name="Jibalzebub"/>
  <item id="2519525139" index="451" name="Kolossokoma"/>
  <item id="424570948" index="452" name="Seegras-Sensei"/>
  <item id="343699650" index="453" name="Odyssenyan"/>
  <item id="201056170" index="454" name="Gierrippe"/>
  <item id="2602493845" index="455" name="Usapyon B"/>
  <item id="3007822031" index="456" name="Durchnässa"/>
  <item id="781222006" index="457" name="Sternenoko"/>
  <item id="823602974" index="458" name="Meister Enma"/>
  <item id="3159219358" index="459" name="Käpt'n Donner"/>
  <item id="851630973" index="460" name="Käpt'n Donner"/>
  <item id="4268284899" index="461" name="Herzog Hundi"/>
  <item id="659081551" index="462" name="Alickokat"/>
  <item id="2049103129" index="463" name="Sasel"/>
  <item id="1894243328" index="464" name="Sasalptraum"/>
  <item id="771477861" index="465" name="Wacher Hinovator"/>
  <item id="3254383650" index="466" name="Robonyan 3000"/>
  <item id="90700756" index="467" name="Goldene Krallen"/>
  <item id="2347301943" index="468" name="Spiralen-Gold"/>
  <item id="3957508561" index="469" name="Shogun-König"/>
</items>
