<?xml version='1.0' encoding='utf-8'?>
<items>
  <item id="2415208695" name="Friend Finder"/>
  <item id="385644877" name="Sure Jackpot"/>
  <item id="1643858395" name="Explosive Big"/>
  <item id="4288666744" name="Ninja Mode"/>
  <item id="2291723502" name="XL Oni Orbs"/>
  <item id="294763860" name="Popularity"/>
  <item id="1721142722" name="Items Blessed"/>
  <item id="4129919059" name="Extra Oni Orbs"/>
  <item id="2385986240" name="Demuncher"/>
  <item id="389944186" name="Super Demuncher"/>
  <item id="1614357484" name="Ultra Demuncher"/>
  <item id="4267554383" name="Wobblewok"/>
  <item id="2304411353" name="Super Wobblewok"/>
  <item id="273930083" name="Ultra Wobblewok"/>
  <item id="1733617653" name="McKraken"/>
  <item id="4159437412" name="Super McKraken"/>
  <item id="2163002098" name="Ultra McKraken"/>
  <item id="3760931607" name="Glitzy Bones"/>
  <item id="2536272769" name="Super Glitzy Bones"/>
  <item id="237314619" name="Ultra Glitzy Bones"/>
  <item id="2032276141" name="Kat Kraydel"/>
  <item id="3880158990" name="Super Kat Kraydel"/>
  <item id="2420225944" name="Ultra Kat Kraydel"/>
  <item id="155772450" name="Dame Dedtime"/>
  <item id="2119161524" name="S Dame Dedtime"/>
  <item id="4008758053" name="U Dame Dedtime"/>
  <item id="2583165875" name="Kabuking"/>
  <item id="3406172372" name="Super Kabuking"/>
  <item id="3154190402" name="Ultra Kabuking"/>
  <item id="621310456" name="Rubeus J"/>
  <item id="1376731502" name="Super Rubeus J"/>
  <item id="3429618893" name="Ultra Rubeus J"/>
  <item id="3144475739" name="Hardy Hound"/>
  <item id="577091041" name="S Hardy Hound"/>
  <item id="1432520055" name="U Hardy Hound"/>
  <item id="3319634150" name="Mass Mutterer"/>
  <item id="3000674416" name="S Mass Mutterer"/>
  <item id="3525124501" name="U Mass Mutterer"/>
  <item id="2769948931" name="Tattleterror"/>
  <item id="1007894713" name="Super Tattleterror"/>
  <item id="1259630639" name="Ultra Tattleterror"/>
  <item id="3580945804" name="Whisped Cream"/>
  <item id="2725762330" name="S Whisped Cream"/>
  <item id="998147232" name="U Whisped Cream"/>
  <item id="1283044406" name="Robonyan 28"/>
  <item id="3704007079" name="S Robonyan 28"/>
  <item id="2881591601" name="U Robonyan 28"/>
  <item id="2640099154" name="Hinozall"/>
  <item id="3931867076" name="Super Hinozall"/>
  <item id="1934808702" name="Ultra Hinozall"/>
  <item id="72738536" name="Swirlious Omai"/>
  <item id="2586932043" name="S Swirlious Omai"/>
  <item id="3979756509" name="U Swirlious Omai"/>
  <item id="1950290535" name="Red Paws"/>
  <item id="54010609" name="Super Red Paws"/>
  <item id="2475114336" name="Ultra Red Paws"/>
  <item id="3833597942" name="Orcanos"/>
  <item id="2219279891" name="Super Orcanos"/>
  <item id="4081104517" name="Ultra Orcanos"/>
  <item id="1783228223" name="Captain Thunder"/>
  <item id="491706281" name="S Captain Thunder"/>
  <item id="2200584714" name="U Captain Thunder"/>
  <item id="4096619164" name="Robonyan 3000"/>
  <item id="1831084838" name="S Robonyan 3000"/>
  <item id="438506416" name="U Robonyan 3000"/>
  <item id="2325483041" name="Golden Claws"/>
  <item id="4254809783" name="S Golden Claws"/>
  <item id="2943014352" name="U Golden Claws"/>
  <item id="3631080774" name="Swirlious Gold"/>
  <item id="1097118972" name="S Swirlious Gold"/>
  <item id="912491626" name="U Swirlious Gold"/>
  <item id="2819035593" name="Hinozall Awoken"/>
  <item id="3741327711" name="S Hinozall Awoken"/>
  <item id="1175023845" name="U Hinozall Awoken"/>
  <item id="823017587" name="Zazel"/>
  <item id="2712755682" name="Super Zazel"/>
  <item id="3602279796" name="Ultra Zazel"/>
  <item id="3060917393" name="Shogun King"/>
  <item id="3245790215" name="Super Shogun King"/>
  <item id="1484752317" name="Ultra Shogun King"/>
</items>
