<?xml version='1.0' encoding='utf-8'?>
<items>
  <item id="3379315793" name="Chocobar"/>
  <item id="1421573352" name="Plum Rice Ball"/>
  <item id="1909465908" name="Shrimp Rice Ball"/>
  <item id="1667599578" name="Deluxe Rice Ball"/>
  <item id="4273124451" name="Staminum"/>
  <item id="3688491967" name="Staminum Alpha"/>
  <item id="2210069481" name="Staminum Omega"/>
  <item id="990289036" name="Str. Talisman"/>
  <item id="2070870710" name="Super Str. Talisman"/>
  <item id="3285360083" name="Ultra Str. Talisman"/>
  <item id="3513201213" name="Spirit Talisman"/>
  <item id="1775981912" name="Sup. Spirit Talisman"/>
  <item id="4094455265" name="Ult. Spirit Talisman"/>
  <item id="1286605444" name="Def. Talisman"/>
  <item id="1577428330" name="Sup. Def. Talisman"/>
  <item id="3870933519" name="Ultra Def. Talisman"/>
  <item id="3202011737" name="Getaway Plush"/>
  <item id="107394364" name="Getaway Puppet"/>
  <item id="1020166246" name="Getaway Daruma"/>
  <item id="2879873373" name="Signibble Trap"/>
  <item id="2222122755" name="Signiton Trap"/>
  <item id="2529642733" name="Statiking Trap"/>
  <item id="3105017523" name="Blaze Bomb"/>
  <item id="779825032" name="Super Blaze Bomb"/>
  <item id="3014399793" name="Ultra Blaze Bomb"/>
  <item id="185626708" name="Force Blaster"/>
  <item id="430301114" name="Force Blaster G"/>
  <item id="2702817503" name="Force Blaster GX"/>
  <item id="320538168" name="Robo Fist"/>
  <item id="4185565321" name="Robo Fist F"/>
  <item id="1103548396" name="Golden Fist"/>
  <item id="2395750017" name="Dimmy Field"/>
  <item id="913332708" name="Blandon Field"/>
  <item id="616953354" name="Nul Field"/>
</items>
