<?xml version='1.0' encoding='utf-8'?>
<items>
  <item id="2592718716" name="Brave Shard"/>
  <item id="1955061328" name="Mysterious Shard"/>
  <item id="2648996709" name="Tough Shard"/>
  <item id="1944721993" name="Charming Shard"/>
  <item id="3814000600" name="Heartful Shard"/>
  <item id="3940764659" name="Shady Shard"/>
  <item id="82651871" name="Eerie Shard"/>
  <item id="58781382" name="Slippery Shard"/>
  <item id="2488416078" name="Brave Essence"/>
  <item id="2207419965" name="Myster. Essence"/>
  <item id="1839001361" name="Tough Essence"/>
  <item id="2231323172" name="Charming Essence"/>
  <item id="502668190" name="Heartful Essence"/>
  <item id="446422919" name="Shady Essence"/>
  <item id="4093147826" name="Eerie Essence"/>
  <item id="4103454379" name="Slippery Essence"/>
  <item id="1794190088" name="Brave Crystal"/>
  <item id="2370373135" name="Mysterious Crystal"/>
  <item id="2831146494" name="Tough Crystal"/>
  <item id="1186053330" name="Charming Crystal"/>
  <item id="3637848433" name="Heartful Crystal"/>
  <item id="3753438568" name="Shady Crystal"/>
  <item id="834047044" name="Eerie Crystal"/>
  <item id="4199429785" name="Slippery Crystal"/>
  <item id="2949781991" name="Brave Orb"/>
  <item id="1104967883" name="Mysterious Orb"/>
  <item id="2791593420" name="Tough Orb"/>
  <item id="2980375743" name="Charming Orb"/>
  <item id="682474757" name="Heartful Orb"/>
  <item id="3512952154" name="Shady Orb"/>
  <item id="3332627497" name="Eerie Orb"/>
  <item id="920340573" name="Slippery Orb"/>
  <item id="1605012883" name="Sproink Bucket"/>
  <item id="3251509296" name="Sproink Rope"/>
  <item id="3066636454" name="Crafted Pigbucket"/>
  <item id="801143068" name="Straw Rope"/>
  <item id="1489455498" name="Metal Pigbucket"/>
  <item id="3363329051" name="Fine Rope"/>
  <item id="3212797069" name="Gutsy's Pelvis"/>
  <item id="2313308910" name="Gutsy's Tooth"/>
  <item id="4276451960" name="Gutsy's Spine"/>
  <item id="1743530946" name="Gutsy's Ribcage"/>
  <item id="283843412" name="Gutsy's Skull"/>
  <item id="2391772919" name="Gutsy's Heart"/>
  <item id="4186488417" name="Tattleterror Towel"/>
  <item id="1619128283" name="Tattleterror Teeth"/>
  <item id="394714957" name="Gold Tattletowel"/>
  <item id="2268709596" name="Tattledentures"/>
  <item id="4030657098" name="Turbo Tattletowel"/>
  <item id="2432269231" name="Fine Tattledentures"/>
  <item id="3892202297" name="Snaggerjag Hook"/>
  <item id="2130123395" name="Snaggerjag Ship"/>
  <item id="166734357" name="Big Snaggerjag Hk"/>
  <item id="2543108022" name="Ghost Snaggership"/>
  <item id="3767766816" name="Snaggerjag Rod"/>
  <item id="2040192666" name="Treasure Ship"/>
  <item id="245231116" name="Slimatongue"/>
  <item id="2653090717" name="Slimamander Eye"/>
  <item id="3911566091" name="Super Slimatongue"/>
  <item id="3151243372" name="Large Slimy Eye"/>
  <item id="3436386554" name="Ult. Slimatongue"/>
  <item id="1440368960" name="Black Slimy Eye"/>
  <item id="584939990" name="Gargaros Horn"/>
  <item id="3166301301" name="Gargaros Spike"/>
  <item id="3418283235" name="S. Gargaros Horn"/>
  <item id="1387760985" name="S. Gargaros Spike"/>
  <item id="632339919" name="U. Gargaros Horn"/>
  <item id="3037700190" name="U. Gargaros Spike"/>
  <item id="3255341256" name="Goldy's Pelvis"/>
  <item id="2731481389" name="Goldy's Tooth"/>
  <item id="3586664891" name="Goldy's Spine"/>
  <item id="1287747585" name="Goldy's Ribcage"/>
  <item id="1002850455" name="Goldy's Skull"/>
  <item id="2778914100" name="Goldy's Heart"/>
  <item id="3534089634" name="Demuncher Tooth"/>
  <item id="1269611544" name="Demuncher Beads"/>
  <item id="1017875598" name="Demuncher Fang"/>
  <item id="2887029023" name="Blue Demunchbead"/>
  <item id="3675496841" name="Demuncher Molar"/>
  <item id="626460130" name="Demuncher Pearls"/>
  <item id="1380988276" name="Ogralus Horn"/>
  <item id="3411633358" name="Ogralus Spike"/>
  <item id="3160298584" name="S. Ogralus Horn"/>
  <item id="574276091" name="S. Ogralus Spike"/>
  <item id="1430122861" name="U. Ogralus Horn"/>
  <item id="3426001111" name="U. Ogralus Spike"/>
  <item id="3140718657" name="Mass Muttercloth"/>
  <item id="730631632" name="Mass Mutterchain"/>
  <item id="1552661830" name="Fine Muttercloth"/>
  <item id="1011627171" name="Strong Mutterchain"/>
  <item id="1263207477" name="Fancy Muttercloth"/>
  <item id="3527562639" name="Flashy Mutterchain"/>
  <item id="2772788505" name="Devourer Tooth"/>
  <item id="992080058" name="Devourer Beads"/>
  <item id="1277607980" name="Devourer Fang"/>
  <item id="3576664470" name="Red Devourbeads"/>
  <item id="2720571648" name="Devourer Molar"/>
  <item id="848805009" name="Evil Devourbeads"/>
  <item id="1167100935" name="Hoggles Bucket"/>
  <item id="3964462557" name="Hoggles Rope"/>
  <item id="2605438283" name="Crafted Hogbucket"/>
  <item id="37913841" name="Rough Rope"/>
  <item id="1967502439" name="Shiny Hogbucket"/>
  <item id="3944817092" name="Dark Rope"/>
  <item id="2619740498" name="Wobblewok Pot"/>
  <item id="86982888" name="Wobblewok Gunk"/>
  <item id="1915252862" name="Black Wobblepot"/>
  <item id="3801574895" name="Evil Wobblegunk"/>
  <item id="2509266297" name="Gold Wobblepot"/>
  <item id="4116173980" name="Great Wobblegunk"/>
  <item id="2186339338" name="Styx Hook"/>
  <item id="458864048" name="Styx Ship"/>
  <item id="1818133798" name="Big Styx Hook"/>
  <item id="4063891589" name="Styx Ghost Ship"/>
  <item id="2235375635" name="Styx Fishing Rod"/>
  <item id="473199017" name="Styx Battleship"/>
  <item id="1798521151" name="Eyedra Tongue"/>
  <item id="4220279982" name="Eyedra Eye"/>
  <item id="2357947448" name="S. Eyedra Tongue"/>
  <item id="3732571999" name="Huge Eyedra Eye"/>
  <item id="2843588553" name="U. Eyedra Tongue"/>
  <item id="812967539" name="Golden Eyedra Eye"/>
  <item id="1198773989" name="Hound Pouch"/>
  <item id="3642180422" name="Hound Bomb"/>
  <item id="2920313808" name="Fine Hound Pouch"/>
  <item id="924394090" name="Huge Hound Bomb"/>
  <item id="1075712764" name="Great Hound Pouch"/>
  <item id="3500216173" name="Hound Skull Bomb"/>
  <item id="2812690427" name="Rubeus J Fang"/>
  <item id="3345069598" name="Rubeus J Bead"/>
  <item id="2959509128" name="S. Rubeus J Fang"/>
  <item id="695195442" name="S. Rubeus J Bead"/>
  <item id="1583933348" name="U. Rubeus J Fang"/>
  <item id="3222041095" name="U. Rubeus J Bead"/>
  <item id="3070968465" name="Robonyan Motor"/>
  <item id="771887915" name="Robonyan Battery"/>
  <item id="1493509053" name="S. Robonyan Motor"/>
  <item id="3384426028" name="S. Robobattery"/>
  <item id="3200061114" name="U. Robonyan Motor"/>
  <item id="2283806937" name="U. Robobattery"/>
  <item id="4280750159" name="Kat Kraydel Yarn"/>
  <item id="1714307573" name="Kat Kraydel Gem"/>
  <item id="287928675" name="Kat Kraydel Web"/>
  <item id="2404246720" name="Kat Kraydel Crystal"/>
  <item id="4165653590" name="Kat Kraydel Gold"/>
  <item id="1631815148" name="Kat Kraydel Ruby"/>
  <item id="373601658" name="McKraken Ink"/>
  <item id="2264639723" name="McKraken Tentacle"/>
  <item id="4059863165" name="Thick McKraken Ink"/>
  <item id="2436567448" name="Tough McKraktacle"/>
  <item id="3862700302" name="Solid McKraken Ink"/>
  <item id="2134208692" name="Grand McKraktacle"/>
  <item id="137510946" name="Whisp Cream Puff"/>
  <item id="2522273153" name="Whispoplasm"/>
  <item id="3780240663" name="Dbl Whisp Cream"/>
  <item id="2019079341" name="S. Whispoplasm"/>
  <item id="257918011" name="Trpl Whisp Cream"/>
  <item id="2682296746" name="U. Whispoplasm"/>
  <item id="3907496252" name="Kabuking Mask"/>
  <item id="3122020955" name="Kabuking Lantern"/>
  <item id="3440472781" name="Lg Kabuking Mask"/>
  <item id="1410868087" name="L. Kabuking Lantern"/>
  <item id="589239265" name="Kabuking Bag"/>
  <item id="3178989122" name="Kabuking Pipe"/>
  <item id="3397170900" name="Glitzy's Pelvis"/>
  <item id="1400235886" name="Glitzy's Tooth"/>
  <item id="611506168" name="Glitzy's Spine"/>
  <item id="3033385577" name="Glitzy's Ribcage"/>
  <item id="3284859647" name="Glitzy's Skull"/>
  <item id="2735567642" name="Glitzy's Heart"/>
  <item id="3557442444" name="Dire Dame Down"/>
  <item id="1292046902" name="Dire Dame Heart"/>
  <item id="973349536" name="Dismal Down"/>
  <item id="2757801731" name="Dismal Dame Heart"/>
  <item id="3546777493" name="Delight Down"/>
  <item id="1248777775" name="Wistful Dame Heart"/>
  <item id="1030350521" name="Orcanos Horn"/>
  <item id="2916547368" name="Orcanos Spike"/>
  <item id="3671182270" name="S. Orcanos Horn"/>
  <item id="613773269" name="S. Orcanos Spike"/>
  <item id="1402101571" name="U. Orcanos Horn"/>
  <item id="3399159545" name="U. Orcanos Spike"/>
  <item id="3181133423" name="Hinozall's Plan"/>
  <item id="603499468" name="Hinozall Underling"/>
  <item id="1426037594" name="Hinozall's Scheme"/>
  <item id="3455503072" name="Hinozall's Servant"/>
  <item id="3136420470" name="Hinozall's Mstr Plan"/>
  <item id="709814247" name="Hinozall's Sidekick"/>
  <item id="1565120369" name="Swirlious Claw"/>
  <item id="1032740500" name="Swirlious Orb"/>
  <item id="1250520578" name="Swirlious Necklace"/>
  <item id="3548397496" name="Evil Swirlious Orb"/>
  <item id="2760314670" name="Swirlious Fang"/>
  <item id="987994765" name="Gold Swirlious Orb"/>
  <item id="1306831387" name="Red Paws Claw"/>
  <item id="3572366241" name="Bronze Paws Coin"/>
  <item id="2750073655" name="Red Paws Necklace"/>
  <item id="861263526" name="Silver Paws Coin"/>
  <item id="1146283568" name="Red Paws Whisker"/>
  <item id="3993656196" name="Gold Paws Coin"/>
  <item id="2567793426" name="Zazelmare Claw"/>
  <item id="277160" name="Zazelmare Horn"/>
  <item id="1996687934" name="S. Zazelmare Claw"/>
  <item id="3915882397" name="S. Zazelmare Horn"/>
  <item id="2657136395" name="U. Zazelmare Claw"/>
  <item id="124386993" name="U. Zazelmare Horn"/>
  <item id="1886309927" name="Thunder Helmet"/>
  <item id="3771847606" name="Thunder Rocket"/>
  <item id="2547442464" name="Thunder Visor"/>
  <item id="4145113797" name="S. Thunder Rocket"/>
  <item id="2148948563" name="U. Thunder Helmet"/>
  <item id="421465065" name="U. Thunder Rocket"/>
  <item id="1847081855" name="King Bauble"/>
  <item id="4034703068" name="King Gauntlets"/>
  <item id="2273025610" name="S. King Bauble"/>
  <item id="510840816" name="S. King Gauntlets"/>
  <item id="1769340774" name="U. King Bauble"/>
  <item id="4190823159" name="U. King Gauntlets"/>
  <item id="326094650" name="King Moon Bauble"/>
  <item id="2366331545" name="King Moon Gauntlet"/>
  <item id="2395853409" name="Awoken Crown"/>
  <item id="3694934278" name="Awoken Underling"/>
  <item id="2872773008" name="S. Awoken Crown"/>
  <item id="842160170" name="Awoken Sidekick"/>
  <item id="1161128124" name="U. Awoken Crown"/>
  <item id="3679583519" name="Awoken Dx Card"/>
  <item id="2891369865" name="Robo 3000 Motor"/>
  <item id="895458355" name="Robo 3000 Battery"/>
  <item id="1113107621" name="Super Motor 3000"/>
  <item id="3538399540" name="Super Battery 3000"/>
  <item id="2782953890" name="Strong Horn"/>
  <item id="3307669575" name="Tornado Spinner"/>
  <item id="2988456145" name="Swirlious 18K Fang"/>
  <item id="724134251" name="Swirlious Lucky Orb"/>
  <item id="1546541565" name="Swirlious 24K Fang"/>
  <item id="3259681886" name="Swirlious Holy Orb"/>
  <item id="3041787080" name="Swirlious Gold Claw"/>
  <item id="742698354" name="Swirlious Gold Orb"/>
  <item id="1531157988" name="Golden Thick Rope"/>
  <item id="3422322805" name="Golden Lucky Coin"/>
  <item id="3170611427" name="Victory Rope"/>
  <item id="2321981056" name="Gold Amulet Coin"/>
  <item id="4251037206" name="Treasure Rope"/>
  <item id="1684602796" name="Super Lucky Coin"/>
  <item id="4195117583" name="Moonstone"/>
</items>
