<?xml version='1.0' encoding='utf-8'?>
<items>
  <item id="1332445335" name="Beginner's Trophy"/>
  <item id="3596800301" name="Gratitude Trophy"/>
  <item id="2707808699" name="Grand Trophy"/>
  <item id="1057059864" name="Paws and Claws Award"/>
  <item id="1208370318" name="Komander Award"/>
  <item id="3507426612" name="Hinozall's Autograph"/>
  <item id="2785551778" name="Lumps of Love"/>
  <item id="917977139" name="Champion's Belt"/>
  <item id="1102055589" name="Master Blaster"/>
  <item id="561480000" name="Pure Gold Oni Orb"/>
  <item id="1450226134" name="Thank-You Note"/>
  <item id="3480871020" name="Sgt. Burly's Motto"/>
  <item id="3095318778" name="Sgt. Burly Statue"/>
  <item id="639255897" name="Golden Fan"/>
  <item id="1360885199" name="Orcanos Statue"/>
  <item id="3356763253" name="Kat Kraydel Statue"/>
  <item id="3205698787" name="Hardy Hound Statue"/>
  <item id="799803762" name="Rubeus J Statue"/>
  <item id="1487616484" name="Hinozall Statue"/>
  <item id="173724291" name="Mass Mutterer Statue"/>
  <item id="2103304725" name="Tattleterror Statue"/>
  <item id="3830756271" name="Wobblewok Statue"/>
  <item id="496659440" name="Red Challenge Scroll"/>
  <item id="1788697446" name="White Challenge Scroll"/>
  <item id="2471723833" name="Spirit Doughnut"/>
  <item id="221714074" name="Soul Doughnut"/>
  <item id="2049975820" name="Specter Doughnut"/>
  <item id="4196550391" name="Jibanyan B Suit"/>
  <item id="2368042593" name="Komasan B Suit"/>
  <item id="75586225" name="Football Gear"/>
  <item id="1938188839" name="Scuba Gear"/>
  <item id="323085250" name="GI Gear"/>
  <item id="1682363220" name="Racing Gear"/>
  <item id="3812194230" name="Magic Bell"/>
  <item id="2487109408" name="Knight's Bell"/>
  <item id="4249846510" name="First Place Flag"/>
  <item id="2320020088" name="Doggy Dumpling"/>
  <item id="338438107" name="Monkey Dumpling"/>
  <item id="1663768397" name="Pheasant Dumpling"/>
  <item id="1543533829" name="Dragon King's Chest"/>
  <item id="721896851" name="Kintaronyan Candy"/>
  <item id="2987267113" name="Usapyon B Suit"/>
  <item id="3305710783" name="Enma Medal"/>
  <item id="1533915420" name="Emperor's Scroll"/>
  <item id="3261391014" name="The Brave"/>
  <item id="745177482" name="The Mysterious"/>
  <item id="3043217456" name="The Tough"/>
  <item id="1390148919" name="The Charming"/>
  <item id="635227553" name="The Heartful"/>
  <item id="1159414852" name="The Shady"/>
  <item id="840725714" name="The Eerie"/>
  <item id="2870289768" name="The Slippery"/>
  <item id="3692172798" name="The Legendary"/>
  <item id="1115062365" name="The Wicked"/>
  <item id="896643275" name="The Neatles"/>
  <item id="2893603185" name="Pinto Crusaders"/>
  <item id="3682587111" name="The Water Boyz"/>
  <item id="1270926454" name="Mystery"/>
  <item id="1019739360" name="Nomnom Brothers"/>
  <item id="1849038727" name="Red Hot Oni Backers"/>
  <item id="422651665" name="Kintaronyan Trio (A)"/>
  <item id="2046209780" name="Kintaronyan Trio (B)"/>
  <item id="4148119101" name="Sgt. Burly"/>
  <item id="1767625630" name="Hovernyan"/>
  <item id="2270540466" name="Cornfused"/>
  <item id="4031939108" name="Roughraff"/>
  <item id="1626185653" name="Jibanyan"/>
  <item id="401256227" name="Komasan"/>
  <item id="2758224" name="Hidabat"/>
  <item id="2569226218" name="Dismarelda"/>
  <item id="1883300575" name="Usapyon"/>
  <item id="122147401" name="Shogunyan"/>
  <item id="2655945715" name="Lucky Song"/>
  <item id="4038408713" name="VIP Star Pass"/>
</items>
