<?xml version='1.0' encoding='utf-8'?>
<items>
  <item id="1178824207" name="Ogralus Soul"/>
  <item id="2938161978" name="Slimamander Soul"/>
  <item id="826564249" name="Orcanos Soul"/>
  <item id="3515987847" name="Styx Mk.VI Soul"/>
  <item id="3150863230" name="Beetler Soul"/>
  <item id="676361786" name="Baddinyan Soul"/>
  <item id="885381504" name="Steppa Soul"/>
  <item id="2919891138" name="Bruff Soul"/>
  <item id="2366712203" name="Draggie Soul"/>
  <item id="2909367425" name="Grumpus Khan Soul"/>
  <item id="878722363" name="Groupus Khan Soul"/>
  <item id="631951069" name="Beetall Soul"/>
  <item id="1387134539" name="Cruncha Soul"/>
  <item id="497955866" name="Dragon Lord Soul"/>
  <item id="1789461644" name="Azure Dragon Soul"/>
  <item id="4077561967" name="Toadal Demon Soul"/>
  <item id="1428724637" name="Arachnevil Soul"/>
  <item id="3410759230" name="Zazel Soul"/>
  <item id="535333443" name="Komajiro Soul"/>
  <item id="3861271068" name="Komiger Soul"/>
  <item id="1136847126" name="Rhyth Soul"/>
  <item id="1599555244" name="Robonyan Soul"/>
  <item id="136852272" name="Komajiro S Soul"/>
  <item id="2759509009" name="Wiglin Soul"/>
  <item id="697441293" name="Suspicioni Soul"/>
  <item id="3106734492" name="Timidevil Soul"/>
  <item id="337147953" name="Noko Soul"/>
  <item id="4195752221" name="Bloominoko Soul"/>
  <item id="1539200731" name="Kelpacabana Soul"/>
  <item id="2404882386" name="Komasan Soul"/>
  <item id="2133787558" name="Komane Soul"/>
  <item id="1760541397" name="Komasan S Soul"/>
  <item id="531289813" name="Buchinyan Soul"/>
  <item id="610837738" name="Hungramps Soul"/>
  <item id="3395732934" name="Hungorge Soul"/>
  <item id="3610312779" name="Grubsnitch Soul"/>
  <item id="2473057491" name="Chummer Soul"/>
  <item id="218319216" name="Shrook Soul"/>
  <item id="1658659472" name="Herbiboy Soul"/>
  <item id="1056391621" name="Mermaidyn Soul"/>
  <item id="1240494419" name="Scaremaiden Soul"/>
  <item id="1141557684" name="Samureel Soul"/>
  <item id="3568686117" name="Time Keeler Soul"/>
  <item id="341451943" name="Kyubi Soul"/>
  <item id="4252753156" name="Greesel Soul"/>
  <item id="2323443090" name="Awevil Soul"/>
  <item id="2564125239" name="Mermadonna Soul"/>
  <item id="2788981320" name="Mudmunch Soul"/>
  <item id="3581394450" name="Predictabull Soul"/>
  <item id="2725285508" name="Defectabull Soul"/>
  <item id="2177778550" name="Tyrat Soul"/>
  <item id="914581465" name="Madmunch Soul"/>
  <item id="3144400837" name="Smashibull Soul"/>
  <item id="1245116843" name="Orcanos Soul"/>
  <item id="2434884234" name="Daiz Soul"/>
  <item id="256243497" name="Confuze Soul"/>
  <item id="402178202" name="Puppynyan Soul"/>
  <item id="421742760" name="Usapyon Soul"/>
  <item id="1847883838" name="Usapyon Soul"/>
  <item id="249819611" name="Usapyon Soul"/>
  <item id="2045034829" name="Usapyon Soul"/>
  <item id="3773665527" name="Usapyon Soul"/>
  <item id="1915880300" name="Reversa Soul"/>
  <item id="87372794" name="Reversette Soul"/>
  <item id="814296396" name="Dismarelda Soul"/>
  <item id="3207023369" name="Dandoodle Soul"/>
  <item id="724769401" name="Toadal Dude Soul"/>
  <item id="3458871562" name="Contrarioni Soul"/>
  <item id="2042818846" name="Mimikin Soul"/>
  <item id="1919967226" name="Ben Tover Soul"/>
  <item id="927010286" name="Draaagin Soul"/>
  <item id="1778645461" name="Kabuking Soul"/>
  <item id="3626498988" name="Eyedra Soul"/>
  <item id="3271180821" name="Robonyan 3000 Sl."/>
  <item id="2621203008" name="Ol' Saint Trick Soul"/>
  <item id="3946533590" name="Ol' Fortune Soul"/>
  <item id="2658851865" name="Smogling Soul"/>
  <item id="2362655676" name="Yoodooit Soul"/>
  <item id="4054104057" name="Robonyan F Soul"/>
  <item id="1026672957" name="Robokapp Soul"/>
  <item id="1576419544" name="Robokoma Soul"/>
  <item id="720465998" name="Robogramps Soul"/>
  <item id="3019383284" name="Robomutt Soul"/>
  <item id="3305050466" name="Robonoko Soul"/>
  <item id="1520141505" name="Robodraggie Soul"/>
  <item id="3641520212" name="Negasus Soul"/>
  <item id="3656026233" name="Nul Soul"/>
  <item id="2687906013" name="Hidabat Soul"/>
  <item id="3237067064" name="Abodabat Soul"/>
  <item id="3086387630" name="Belfree Soul"/>
  <item id="476864045" name="Ct. Zapaway Soul"/>
  <item id="3091894032" name="Shadow Venoct Sl."/>
  <item id="1756227139" name="Darknyan Soul"/>
  <item id="2591780257" name="Kabuking Soul"/>
  <item id="502032524" name="Alloo Soul"/>
  <item id="1060449266" name="Tublappa Soul"/>
  <item id="1211243364" name="Grublappa Soul"/>
  <item id="2871097986" name="No-Go Kart Soul"/>
  <item id="893775649" name="Mistank Soul"/>
  <item id="2038476168" name="Gleam Soul"/>
  <item id="3440050655" name="Tengu Soul"/>
  <item id="3121361225" name="Flengu Soul"/>
  <item id="3102698411" name="Dianyan Soul"/>
  <item id="288555633" name="Sapphinyan Soul"/>
  <item id="1714696935" name="Emenyan Soul"/>
  <item id="4282213213" name="Rubinyan Soul"/>
  <item id="2285523915" name="Topanyan Soul"/>
  <item id="841493304" name="Zappary Soul"/>
  <item id="1837538307" name="Statiking Soul"/>
  <item id="457426594" name="Uncle Infinite Soul"/>
  <item id="1022599946" name="Frazzel Soul"/>
  <item id="3260071756" name="Drizzelda Soul"/>
  <item id="3685496352" name="Faux Kappa Soul"/>
  <item id="899831564" name="Mad Kappa Soul"/>
  <item id="1499270201" name="Snaggly Soul"/>
  <item id="31204237" name="Whinona Soul"/>
  <item id="1599627086" name="Gutsy Bones Soul"/>
  <item id="918633295" name="Coughkoff Soul"/>
  <item id="3334057787" name="Blowkade Soul"/>
  <item id="1490893464" name="Ledballoon Soul"/>
  <item id="3917343887" name="So-Sorree Soul"/>
  <item id="1768918132" name="Bowminos Soul"/>
  <item id="827017083" name="Swosh Soul"/>
  <item id="735355476" name="Scarasol Soul"/>
  <item id="3416567793" name="Benkei Soul"/>
  <item id="3164839783" name="B3-NK1 Soul"/>
  <item id="1274319772" name="Carniboy Soul"/>
  <item id="750347853" name="Ray O'Light Soul"/>
  <item id="1528541792" name="Snartle Soul"/>
  <item id="2911818924" name="Gargaros Soul"/>
  <item id="2308724025" name="Rudy Soul"/>
  <item id="486852931" name="Rubeus J Soul"/>
  <item id="1447358012" name="Cynake Soul"/>
  <item id="2890710683" name="Eyesoar Soul"/>
  <item id="2344519589" name="Wydeawake Soul"/>
  <item id="3852633714" name="Allnyta Soul"/>
  <item id="3722715171" name="Snottle Soul"/>
  <item id="3071357315" name="Insomni Soul"/>
  <item id="3222667541" name="Sandi Soul"/>
  <item id="3679161869" name="Eyellure Soul"/>
  <item id="1198106103" name="Peckpocket Soul"/>
  <item id="1200496090" name="Wantston Soul"/>
  <item id="2047113702" name="Spenp Soul"/>
  <item id="3809290332" name="Almi Soul"/>
  <item id="545371293" name="Robbinyu Soul"/>
  <item id="3387036072" name="Arachnia Soul"/>
  <item id="2679682606" name="Slurpent Soul"/>
  <item id="3131692530" name="Momonyan Soul"/>
  <item id="945352683" name="Lie-in Soul"/>
  <item id="1331683197" name="Brushido Soul"/>
  <item id="1099192143" name="Sgt. Burly Soul"/>
  <item id="1270271754" name="Dummkap Soul"/>
  <item id="3535773360" name="Lafalotta Soul"/>
  <item id="91713388" name="Toiletta Soul"/>
  <item id="1185664960" name="Frostail Soul"/>
  <item id="506126452" name="Mochismo Soul"/>
  <item id="1764610274" name="Minochi Soul"/>
  <item id="1365997235" name="Rhinoggin Soul"/>
  <item id="644630053" name="Rhinormous Soul"/>
  <item id="3626558030" name="Hornaplenty Soul"/>
  <item id="4240029491" name="Pittapatt Soul"/>
  <item id="1627385868" name="Chimpanyan Soul"/>
  <item id="2271341912" name="Chymera Soul"/>
  <item id="4033273294" name="Kingmera Soul"/>
  <item id="677343192" name="Goldy Bones Soul"/>
  <item id="791849921" name="Hardy Hound Soul"/>
  <item id="2975219298" name="McKraken Soul"/>
  <item id="69203970" name="Red Paws Soul"/>
  <item id="2493572499" name="Swirlious Omai Soul"/>
  <item id="3057384059" name="Glitzy Bones Soul"/>
  <item id="4103065017" name="Illoo Soul"/>
  <item id="1179416557" name="Cadin Soul"/>
  <item id="3606276732" name="Cadable Soul"/>
  <item id="2717145834" name="Singcada Soul"/>
  <item id="1480229557" name="Jibanyan Soul"/>
  <item id="362303120" name="Mynimo Soul"/>
  <item id="1353260164" name="Dimmy Soul"/>
  <item id="665725970" name="Blandon Soul"/>
  <item id="3042414554" name="Nekidspeed Soul"/>
  <item id="4140397536" name="Apelican Soul"/>
  <item id="3328055062" name="Jibanyan S Soul"/>
  <item id="1361652261" name="Shogunyan Soul"/>
  <item id="1132508544" name="Moximous N Soul"/>
  <item id="881296662" name="Moximous K Soul"/>
  <item id="3139893937" name="Starry Noko Soul"/>
  <item id="2794882833" name="SV Snaggerjag Soul"/>
  <item id="3587332777" name="Espy Soul"/>
  <item id="2731895359" name="Infour Soul"/>
  <item id="812553569" name="Rockabelly Soul"/>
  <item id="3595996871" name="Hissfit Soul"/>
  <item id="4225004330" name="K'mon-K'mon Soul"/>
  <item id="2512941821" name="Papa Windbag Soul"/>
  <item id="2867007669" name="Wondernyan Soul"/>
  <item id="1249158461" name="Betterfly Soul"/>
  <item id="3548247175" name="Peppillon Soul"/>
  <item id="209944529" name="Auntie Heart Soul"/>
  <item id="1662994599" name="Pandanoko Soul"/>
  <item id="2736193544" name="Enerfly Soul"/>
  <item id="1030985131" name="Enefly Soul"/>
  <item id="1969211253" name="Shmoopie Soul"/>
  <item id="39385059" name="Pinkipoo Soul"/>
  <item id="2605819481" name="Pookivil Soul"/>
  <item id="1118136218" name="Master Nyada Soul"/>
  <item id="2013305641" name="Unkaind Soul"/>
  <item id="2215483641" name="Bison Burly Soul"/>
  <item id="1004288901" name="Snotsolong Soul"/>
  <item id="1052056915" name="Grumples Soul"/>
  <item id="3348921633" name="Tengloom Soul"/>
  <item id="2962967991" name="Nird Soul"/>
  <item id="195880798" name="Snobetty Soul"/>
  <item id="777665711" name="Cricky Soul"/>
  <item id="1584567478" name="Everfore Soul"/>
  <item id="669806724" name="Foiletta Soul"/>
  <item id="3904865976" name="Unfairy Soul"/>
  <item id="3241986797" name="Dame Dedtime Soul"/>
  <item id="4278126954" name="Pandle Soul"/>
  <item id="2314746364" name="Undy Soul"/>
  <item id="2430798013" name="Chansin Soul"/>
  <item id="587555059" name="Rollen Soul"/>
  <item id="1409437797" name="Dubbles Soul"/>
  <item id="1532620534" name="Boyclops Soul"/>
  <item id="396143711" name="Tanbo Soul"/>
  <item id="243768606" name="Sheen Soul"/>
  <item id="3510323934" name="Hovernyan Soul"/>
  <item id="3819427077" name="Usapyon B Soul"/>
  <item id="1835941324" name="Odyseynyan Soul"/>
  <item id="443092314" name="Kintaronyan Soul"/>
  <item id="284256326" name="Whisper Soul"/>
  <item id="1744197840" name="Whispocrates Soul"/>
  <item id="3159047848" name="Capt. Thunder Soul"/>
  <item id="625110802" name="Shogun King Soul"/>
  <item id="2949147381" name="Hurchin Soul"/>
  <item id="2185926424" name="Ake Soul"/>
  <item id="4115507086" name="Payn Soul"/>
  <item id="1797861933" name="Agon Soul"/>
  <item id="2694042726" name="Irewig Soul"/>
  <item id="2521605779" name="Swelterrier Soul"/>
  <item id="326482984" name="Beelzebold Soul"/>
  <item id="1486841358" name="Gilgaros Soul"/>
  <item id="1078345080" name="Firewig Soul"/>
  <item id="252160959" name="Untidy Soul"/>
  <item id="3965097679" name="Happierre Soul"/>
  <item id="2072268615" name="Mama Aura Soul"/>
  <item id="4144699863" name="Master Oden Soul"/>
  <item id="744414816" name="Leggly Soul"/>
  <item id="2258863983" name="Verygoodsir Soul"/>
  <item id="4100418678" name="Fuu 2 Soul"/>
  <item id="2635508152" name="Tattleterror Soul"/>
  <item id="3985964280" name="Tattletell Soul"/>
  <item id="1945135451" name="Skranny Soul"/>
  <item id="83319245" name="Tattlecast Soul"/>
  <item id="1509484674" name="Chippa Soul"/>
  <item id="3266774881" name="Gnomey Soul"/>
  <item id="3048224759" name="Gnomine Soul"/>
  <item id="1561458933" name="Happycane Soul"/>
  <item id="3450791268" name="Starrycane Soul"/>
  <item id="640555699" name="Illuminoct Soul"/>
  <item id="1557369538" name="High Gnomey Soul"/>
  <item id="472777403" name="Negatibuzz Soul"/>
  <item id="2233946881" name="Moskevil Soul"/>
  <item id="4062208919" name="Scritchy Soul"/>
  <item id="1088674243" name="Gush Soul"/>
  <item id="1941059021" name="Copperled Soul"/>
  <item id="2091636680" name="Dracunyan Soul"/>
  <item id="3767139378" name="Snee Soul"/>
  <item id="1667044401" name="Damona Soul"/>
  <item id="1793808410" name="Elloo Soul"/>
  <item id="3177313616" name="Manjimutt Soul"/>
  <item id="769583297" name="Multimutt Soul"/>
  <item id="125013411" name="Brokenbrella Soul"/>
  <item id="1524226135" name="Sir Berus Soul"/>
  <item id="1620810953" name="D'wanna Soul"/>
  <item id="4187147635" name="N'more Soul"/>
  <item id="2392194533" name="Q'wit Soul"/>
  <item id="2780343846" name="Blips Soul"/>
  <item id="788518932" name="Lodo Soul"/>
  <item id="695575584" name="Eterna Soul"/>
  <item id="3429666643" name="Supoor Hero Soul"/>
  <item id="2960979354" name="Cheeksqueek Soul"/>
  <item id="3346777356" name="Cuttincheez Soul"/>
  <item id="175017321" name="Fishpicable Soul"/>
  <item id="2104081919" name="Rageon Soul"/>
  <item id="3994036374" name="Demuncher Soul"/>
  <item id="1886698805" name="Devourer Soul"/>
  <item id="112322452" name="Poofessor Soul"/>
  <item id="975065522" name="Heheheel Soul"/>
  <item id="1293508900" name="Croonger Soul"/>
  <item id="3557830814" name="Urnaconda Soul"/>
  <item id="4193690038" name="Pheasanyan Soul"/>
  <item id="314037791" name="Kyryn Soul"/>
  <item id="1706092169" name="Unikirin Soul"/>
  <item id="1629203048" name="Sailornyan Soul"/>
  <item id="3067304884" name="Mad Mountain Soul"/>
  <item id="3251923746" name="Lava Lord Soul"/>
  <item id="78972251" name="Bananose Soul"/>
  <item id="3805233771" name="Nosirs Soul"/>
  <item id="1130827181" name="Slumberhog Soul"/>
  <item id="2990164931" name="Uber Geeko Soul"/>
  <item id="3708000270" name="Snortlehog Soul"/>
  <item id="2650671223" name="Baku Soul"/>
  <item id="773349433" name="Lamedian Soul"/>
  <item id="635998795" name="Bakulia Soul"/>
  <item id="833421142" name="Darkyubi Soul"/>
  <item id="1586834587" name="Tantroni Soul"/>
  <item id="1874862682" name="Unpleasant Soul"/>
  <item id="2542718116" name="Helmsman Soul"/>
  <item id="802818574" name="Armsman Soul"/>
  <item id="120705333" name="Reuknight Soul"/>
  <item id="1882644899" name="Corptain Soul"/>
  <item id="2460333796" name="Wobblewok Soul"/>
  <item id="419789051" name="Smogmella Soul"/>
  <item id="2148280641" name="Badsmella Soul"/>
  <item id="1318958410" name="Flushback Soul"/>
  <item id="1994068763" name="Vacuumory Soul"/>
  <item id="1685228734" name="Count Cavity Soul"/>
  <item id="4023534241" name="Mermother Soul"/>
  <item id="765244503" name="Melonyan Soul"/>
  <item id="3029722605" name="Oranyan Soul"/>
  <item id="3281180027" name="Kiwinyan Soul"/>
  <item id="1395509482" name="Grapenyan Soul"/>
  <item id="606795900" name="Strawbnyan Soul"/>
  <item id="3664665623" name="Watermelnyan Soul"/>
  <item id="4271596975" name="Maginyan Soul"/>
  <item id="1998158124" name="Washogun Soul"/>
  <item id="870990095" name="Jetnyan Soul"/>
  <item id="2204130528" name="Lord Enma Soul"/>
  <item id="3637467747" name="Dazzabel Soul"/>
  <item id="1215318002" name="Rattelle Soul"/>
  <item id="1064793956" name="Skelebella Soul"/>
  <item id="3505987817" name="Lady Longnek Soul"/>
  <item id="2818445439" name="Wrongnek Soul"/>
  <item id="3477979014" name="Venoct Soul"/>
  <item id="1357594642" name="Arachnus Soul"/>
  <item id="1907808002" name="Spoilerina Soul"/>
  <item id="3309140821" name="Faysoff Soul"/>
  <item id="213984071" name="Furgus Soul"/>
  <item id="2076578769" name="Feargus Soul"/>
  <item id="3112756519" name="Furdinand Soul"/>
  <item id="1479908183" name="Kat Kraydel Soul"/>
  <item id="583469764" name="Blazion Soul"/>
  <item id="4206683204" name="Gutsy Bones Soul"/>
  <item id="573549323" name="Hardy Hound Soul"/>
  <item id="57818139" name="Mass Mutterer Soul"/>
  <item id="1380278148" name="Hinozall Awoken Sl."/>
  <item id="1956490562" name="Cupistol Soul"/>
  <item id="60464596" name="Casanuva Soul"/>
  <item id="3005192665" name="Whateverest Soul"/>
  <item id="3357571999" name="Komashura Soul"/>
  <item id="1156411801" name="Jibakoma Soul"/>
  <item id="706136163" name="Whatuption Soul"/>
  <item id="3424766503" name="Drenchetta Soul"/>
  <item id="375309928" name="Walkappa Soul"/>
  <item id="2934814959" name="Droplette Soul"/>
  <item id="1633285886" name="Appak Soul"/>
  <item id="4166035268" name="Supyo Soul"/>
  <item id="3733408864" name="Drizzle Soul"/>
  <item id="3616859376" name="SV Snaggerjag Soul"/>
  <item id="2051417456" name="Signibble Soul"/>
  <item id="1816458804" name="Papa Bolt Soul"/>
  <item id="1624883295" name="Terrorpotta Soul"/>
  <item id="222369254" name="Signiton Soul"/>
  <item id="1438661202" name="Quaken Soul"/>
  <item id="2829430508" name="Dulluma Soul"/>
  <item id="3751976570" name="Darumacho Soul"/>
  <item id="2822903489" name="Dromp Soul"/>
  <item id="1170776963" name="Sandmeh Soul"/>
  <item id="3027393984" name="Danke Sand Soul"/>
  <item id="3000890350" name="Mr. Sandmeh Soul"/>
  <item id="763038842" name="No Sandkyu Soul"/>
  <item id="2229614902" name="Frostina Soul"/>
  <item id="2017642431" name="Pupsicle Soul"/>
  <item id="937748821" name="Slush Soul"/>
  <item id="4091677088" name="Blizzaria Soul"/>
  <item id="3779827205" name="Chilhuahua Soul"/>
  <item id="2843770102" name="Alhail Soul"/>
  <item id="1289423635" name="Duchoo Soul"/>
  <item id="3241399055" name="Buhu Soul"/>
  <item id="3056919449" name="Flumpy Soul"/>
  <item id="852464405" name="Shamasol Soul"/>
  <item id="792572451" name="Skreek Soul"/>
  <item id="2939146968" name="Castelius I Soul"/>
  <item id="1092727796" name="Castelius II Soul"/>
  <item id="908493666" name="Castelius III Soul"/>
  <item id="3745850967" name="Castelius Max Soul"/>
  <item id="2548736097" name="Blizzie Soul"/>
  <item id="3942201569" name="Whapir Soul"/>
  <item id="1399821436" name="Grainpa Soul"/>
  <item id="400486601" name="Wotchagot Soul"/>
  <item id="1111678903" name="Pride Shrimp Soul"/>
  <item id="3703697977" name="Tongus Soul"/>
  <item id="3319448440" name="Nurse Tongus Soul"/>
  <item id="3202687294" name="Harry Barry Soul"/>
  <item id="798512792" name="Elder Bloom Soul"/>
  <item id="1953827981" name="Devourer Soul"/>
  <item id="2842150107" name="Chatalie Soul"/>
  <item id="3730895949" name="Nagatha Soul"/>
  <item id="3693496852" name="Gimme Soul"/>
  <item id="366612998" name="Yoink Soul"/>
  <item id="2852432024" name="Panja Pupil Soul"/>
  <item id="856553762" name="Panja Pro Soul"/>
  <item id="2896889526" name="Tigappa Soul"/>
  <item id="415699660" name="Unkeen Soul"/>
  <item id="3666469946" name="Ogralus Soul"/>
  <item id="3435752424" name="Siro Soul"/>
  <item id="1103498201" name="Goruma Soul"/>
  <item id="1074029038" name="Roughraff Soul"/>
  <item id="3831557189" name="Tunatic Soul"/>
  <item id="740066038" name="Zerberker Soul"/>
  <item id="922964344" name="Badude Soul"/>
  <item id="2706488913" name="Slicenrice Soul"/>
  <item id="2568427520" name="Flamurice Soul"/>
  <item id="1018298268" name="Wazzat Soul"/>
  <item id="2593377390" name="Casanono Soul"/>
  <item id="1654619654" name="Leadoni Soul"/>
  <item id="2483689674" name="Babblong Soul"/>
  <item id="247841160" name="Failian Soul"/>
  <item id="1845643373" name="Houzzat Soul"/>
  <item id="1391436509" name="Jumbelina Soul"/>
  <item id="3488111421" name="Goldenyan Soul"/>
  <item id="1236413893" name="Neighfarious Soul"/>
  <item id="370973438" name="Machonyan Soul"/>
  <item id="1737634837" name="Sir Nyansalot Soul"/>
  <item id="1605435009" name="Noway Soul"/>
  <item id="683134487" name="Impass Soul"/>
  <item id="2982059949" name="Walldin Soul"/>
  <item id="558096042" name="Slitheref Soul"/>
  <item id="1518091500" name="Sumodon Soul"/>
  <item id="3289950543" name="Yokozudon Soul"/>
  <item id="1931004052" name="Whisped Cream Sl."/>
  <item id="1984954" name="Lie-in Heart Soul"/>
  <item id="3465532849" name="Rawry Soul"/>
  <item id="966428124" name="Squeeky Soul"/>
  <item id="3927021870" name="Robonyan 28 Soul"/>
  <item id="1160715182" name="Swelton Soul"/>
  <item id="2881929903" name="Pallysol Soul"/>
  <item id="3984350519" name="Demuncher Soul"/>
  <item id="1802202811" name="Slimamander Soul"/>
  <item id="1468433419" name="Sproink Soul"/>
  <item id="3327201012" name="Wobblewok Soul"/>
  <item id="1107329825" name="Kapunki Soul"/>
  <item id="116636418" name="Fidgephant Soul"/>
  <item id="1911851924" name="Touphant Soul"/>
  <item id="1495224495" name="Compunzer Soul"/>
  <item id="1546922735" name="Enduriphant Soul"/>
  <item id="2377897170" name="Seaweed S. Soul"/>
  <item id="166353159" name="Cutta-nah Soul"/>
  <item id="2129488273" name="Cutta-nah-nah Soul"/>
  <item id="3890493483" name="Slacka-slash Soul"/>
  <item id="444705941" name="Mirapo Soul"/>
  <item id="2206793007" name="Mircle Soul"/>
  <item id="2975410048" name="Thornyan Soul"/>
  <item id="510180578" name="Miradox Soul"/>
  <item id="2746410163" name="Takoyakid Soul"/>
  <item id="3279252822" name="Takoyaking Soul"/>
  <item id="889697207" name="Sushiyama Soul"/>
  <item id="2398196000" name="Jibanyan B Soul"/>
  <item id="278201475" name="Komasan B Soul"/>
  <item id="3364521670" name="Hinozall Soul"/>
  <item id="3213735504" name="Rubeus J Soul"/>
  <item id="3746185141" name="Gargaros Soul"/>
  <item id="908696192" name="Hoggles Soul"/>
  <item id="1093577238" name="Sproink Soul"/>
  <item id="3577412454" name="Swirlious Gold Soul"/>
  <item id="3053286019" name="Golden Claws Soul"/>
  <item id="3456077915" name="Spiteful Soul"/>
  <item id="1425457633" name="Serene Soul"/>
  <item id="603058551" name="Slick Soul"/>
  <item id="3180684500" name="Sneaky Soul"/>
  <item id="3398587458" name="Survivor Soul"/>
  <item id="1402668536" name="Sickly Soul"/>
  <item id="614217070" name="Skillful Soul"/>
  <item id="3022203135" name="Searing Soul"/>
  <item id="3273922665" name="Sodden Soul"/>
  <item id="2749600140" name="Storm Soul"/>
  <item id="3571753242" name="Sprouting Soul"/>
  <item id="1307439264" name="Snow Soul"/>
  <item id="988463158" name="Squall Soul"/>
  <item id="3548996867" name="Unstoppable Soul"/>
  <item id="1249916089" name="Steel Soul"/>
  <item id="1032258607" name="Steadfast Soul"/>
  <item id="2906134974" name="Spiky Soul"/>
  <item id="3661572392" name="Summoner's Soul"/>
  <item id="2295251535" name="Selfless Soul"/>
  <item id="4291424985" name="Superstar Soul"/>
</items>
