<?xml version='1.0' encoding='utf-8'?>
<items>
  <item id="3493734398" name="Green Cicada"/>
  <item id="1753366683" name="★Green Cicada"/>
  <item id="1228371524" name="Brown Cicada"/>
  <item id="4052422945" name="★Brown Cicada"/>
  <item id="1702355358" name="Large Cicada"/>
  <item id="3721103099" name="★Large Cicada"/>
  <item id="4236161060" name="African Cicada"/>
  <item id="1153619777" name="★African Cicada"/>
  <item id="1043351250" name="Evening Cicada"/>
  <item id="2257330615" name="★Evening Cicada"/>
  <item id="2339995826" name="Asian Cicada"/>
  <item id="868607959" name="★Asian Cicada"/>
  <item id="1314566749" name="Sawtooth Stag"/>
  <item id="4142323000" name="★Sawtooth Stag"/>
  <item id="858605080" name="Giant Stag"/>
  <item id="2341544317" name="★Giant Stag"/>
  <item id="354227473" name="Miyama Stag"/>
  <item id="2913038964" name="★Miyama Stag"/>
  <item id="3612599271" name="Dorcus Stag"/>
  <item id="1877968002" name="★Dorcus Stag"/>
  <item id="2689913713" name="Rhino Beetle"/>
  <item id="417903636" name="★Rhino Beetle"/>
  <item id="2350138539" name="White Moth"/>
  <item id="883434446" name="★White Moth"/>
  <item id="3374651071" name="Swallowtail"/>
  <item id="1905881562" name="★Swallowtail"/>
  <item id="2063668422" name="Peacock Butterfly"/>
  <item id="3283973027" name="★Peacock Butterfl."/>
  <item id="541504394" name="Violet Butterfly"/>
  <item id="2566575343" name="★Violet Butterfly"/>
  <item id="3662603053" name="Whitetail"/>
  <item id="1660060744" name="★Whitetail"/>
  <item id="2907296699" name="Blue Emperor"/>
  <item id="368424158" name="★Blue Emperor"/>
  <item id="2969153051" name="Big Dragonfly"/>
  <item id="138791294" name="★Big Dragonfly"/>
  <item id="3189909033" name="Firefly"/>
  <item id="111034700" name="★Firefly"/>
  <item id="3109020208" name="Ladybug"/>
  <item id="32736597" name="★Ladybug"/>
  <item id="962429643" name="Grasshopper"/>
  <item id="2179065262" name="★Grasshopper"/>
  <item id="1463911196" name="Rice Grasshopper"/>
  <item id="4026393721" name="★Rice Grasshop."/>
  <item id="3739594700" name="Locust"/>
  <item id="1717160105" name="★Locust"/>
  <item id="2455941619" name="Cricket"/>
  <item id="719246998" name="★Cricket"/>
  <item id="2087506143" name="Bell Cricket"/>
  <item id="3302012858" name="★Bell Cricket"/>
  <item id="201729104" name="Bush Cricket"/>
  <item id="3032105781" name="★Bush Cricket"/>
  <item id="1563510735" name="Asian Mantis"/>
  <item id="3851231402" name="★Asian Mantis"/>
  <item id="2850201434" name="Praying Mantis"/>
  <item id="291436607" name="★Praying Mantis"/>
  <item id="1345079045" name="Longhorn"/>
  <item id="3901759584" name="★Longhorn"/>
  <item id="3448658526" name="Stick Insect"/>
  <item id="1966226747" name="★Stick Insect"/>
  <item id="3710068532" name="Mole Cricket"/>
  <item id="1704935505" name="★Mole Cricket"/>
  <item id="2614427096" name="Wood Louse"/>
  <item id="594057917" name="★Wood Louse"/>
  <item id="657160083" name="Flower Scarab"/>
  <item id="2677477622" name="★Flower Scarab"/>
  <item id="3848634725" name="Scarab Beetle"/>
  <item id="1574561280" name="★Scarab Beetle"/>
  <item id="2500818410" name="Drone Beetle"/>
  <item id="766710415" name="★Drone Beetle"/>
  <item id="3792192892" name="Stinkbug"/>
  <item id="1521754649" name="★Stinkbug"/>
  <item id="4123589647" name="Diving Beetle"/>
  <item id="1299487594" name="★Diving Beetle"/>
  <item id="3025330938" name="Water Bug"/>
  <item id="216958367" name="★Water Bug"/>
  <item id="191619145" name="Jewel Beetle"/>
  <item id="3017246508" name="★Jewel Beetle"/>
  <item id="3973303630" name="Grass Lizard"/>
  <item id="1416604203" name="★Grass Lizard"/>
  <item id="2854492066" name="Lizard"/>
  <item id="311980231" name="★Lizard"/>
  <item id="2194656409" name="Fire-Belly Newt"/>
  <item id="980659196" name="★Fire-Belly Newt"/>
  <item id="1516012502" name="Tadpole Shrimp"/>
  <item id="3806389427" name="★Tadpole Shrimp"/>
  <item id="708212569" name="Pond Snail"/>
  <item id="2458521660" name="★Pond Snail"/>
  <item id="1143633550" name="Apple Snail"/>
  <item id="4237693419" name="★Apple Snail"/>
  <item id="3355352717" name="Snail"/>
  <item id="2135095784" name="★Snail"/>
  <item id="3460879014" name="Tree Frog"/>
  <item id="1995748803" name="★Tree Frog"/>
  <item id="4212356157" name="Toad"/>
  <item id="1135547224" name="★Toad"/>
  <item id="3566562079" name="Red Dragonfly"/>
  <item id="1814629498" name="★Red Dragonfly"/>
  <item id="2744277897" name="Water Strider"/>
  <item id="456015084" name="★Water Strider"/>
  <item id="4049842414" name="Weevil"/>
  <item id="1239406475" name="★Weevil"/>
  <item id="2254733432" name="Water Beetle"/>
  <item id="1054402333" name="★Water Beetle"/>
  <item id="527290818" name="Dragonfly Larva"/>
  <item id="2815538855" name="★Dragonfly Larva"/>
  <item id="1751834964" name="Water Scorpion"/>
  <item id="3503719985" name="★Water Scorpion"/>
  <item id="4128142583" name="Tiger Beetle"/>
  <item id="1320293266" name="★Tiger Beetle"/>
  <item id="2164868193" name="Hawk Moth"/>
  <item id="968172292" name="★Hawk Moth"/>
  <item id="402658779" name="Damselfly"/>
  <item id="2696704702" name="★Damselfly"/>
  <item id="1862739277" name="Click Beetle"/>
  <item id="3619373608" name="★Click Beetle"/>
  <item id="3522973129" name="Turtle"/>
  <item id="1765812908" name="★Turtle"/>
  <item id="3325883578" name="Softshell Turtle"/>
  <item id="2122355679" name="★Softshell Turtle"/>
  <item id="230968935" name="Crab"/>
  <item id="3044550914" name="★Crab"/>
  <item id="2496471005" name="Crayfish"/>
  <item id="745633976" name="★Crayfish"/>
  <item id="2108603112" name="Lobster"/>
  <item id="3306347917" name="★Lobster"/>
  <item id="3321527362" name="Shrimp"/>
  <item id="2101746471" name="★Shrimp"/>
  <item id="3002944724" name="Starfish"/>
  <item id="172043185" name="★Starfish"/>
  <item id="350191398" name="Sea Horse"/>
  <item id="2892175427" name="★Sea Horse"/>
  <item id="2711009606" name="Carp"/>
  <item id="422239779" name="★Carp"/>
  <item id="3599862224" name="Sweetfish"/>
  <item id="1848503989" name="★Sweetfish"/>
  <item id="748280183" name="Mullet"/>
  <item id="2485501458" name="★Mullet"/>
  <item id="2476792772" name="Cherry Salmon"/>
  <item id="723303585" name="★Cherry Salmon"/>
  <item id="2973484076" name="Koi"/>
  <item id="159884105" name="★Koi"/>
  <item id="1224023155" name="Black Bass"/>
  <item id="4031347478" name="★Black Bass"/>
  <item id="2059632369" name="Salmon"/>
  <item id="3263109524" name="★Salmon"/>
  <item id="1072835813" name="Giant Huchen"/>
  <item id="2270055296" name="★Giant Huchen"/>
  <item id="178883198" name="Sardine"/>
  <item id="2987781403" name="★Sardine"/>
  <item id="950003964" name="Mackerel"/>
  <item id="2149814169" name="★Mackerel"/>
  <item id="4208008714" name="Chub Mackerel"/>
  <item id="1114470767" name="★Chub Mackerel"/>
  <item id="2379624092" name="Whiting"/>
  <item id="896158201" name="★Whiting"/>
  <item id="3683420442" name="Barracuda"/>
  <item id="1664151167" name="★Barracuda"/>
  <item id="2327571077" name="Flying Fish"/>
  <item id="839355872" name="★Flying Fish"/>
  <item id="1335416938" name="Snakehead"/>
  <item id="4146380559" name="★Snakehead"/>
  <item id="3481974929" name="Rockfish"/>
  <item id="2000084980" name="★Rockfish"/>
  <item id="1537141217" name="Grunt"/>
  <item id="3810692740" name="★Grunt"/>
  <item id="1559440888" name="Sea Bass"/>
  <item id="3830401693" name="★Sea Bass"/>
  <item id="2884009365" name="Blackfish"/>
  <item id="324672240" name="★Blackfish"/>
  <item id="3977357177" name="Filefish"/>
  <item id="1437450268" name="★Filefish"/>
  <item id="1689619369" name="Halibut"/>
  <item id="3691637964" name="★Halibut"/>
  <item id="3264723035" name="Flounder"/>
  <item id="2049695550" name="★Flounder"/>
  <item id="2820732269" name="Red Snapper"/>
  <item id="278696456" name="★Red Snapper"/>
  <item id="1451485483" name="Beakfish"/>
  <item id="3997142606" name="★Beakfish"/>
  <item id="3705752835" name="Porgy"/>
  <item id="1683827302" name="★Porgy"/>
  <item id="330480447" name="Amberjack"/>
  <item id="2869877850" name="★Amberjack"/>
  <item id="4257012243" name="Porcupine Fish"/>
  <item id="1157676406" name="★Porcupine Fish"/>
  <item id="562354621" name="Loach"/>
  <item id="2570632920" name="★Loach"/>
  <item id="737418606" name="Beltfish"/>
  <item id="2471000587" name="★Beltfish"/>
  <item id="3836210002" name="Conger Eel"/>
  <item id="1545309239" name="★Conger Eel"/>
  <item id="3821678411" name="Eel"/>
  <item id="1534478382" name="★Eel"/>
  <item id="3096283143" name="Catfish"/>
  <item id="3272546" name="★Catfish"/>
  <item id="3370613896" name="Jellyfish"/>
  <item id="1885019117" name="★Jellyfish"/>
  <item id="1675120560" name="Octopus"/>
  <item id="3680774357" name="★Octopus"/>
  <item id="2894838156" name="Reef Squid"/>
  <item id="339205865" name="★Reef Squid"/>
  <item id="4094334520" name="Cuttlefish"/>
  <item id="1287057757" name="★Cuttlefish"/>
  <item id="1374563634" name="Firefly Squid"/>
  <item id="3914484311" name="★Firefly Squid"/>
  <item id="3046148301" name="Squid"/>
  <item id="221048744" name="★Squid"/>
  <item id="897771574" name="Spear Squid"/>
  <item id="2369687379" name="★Spear Squid"/>
  <item id="1116068000" name="Anglerfish"/>
  <item id="4198088645" name="★Anglerfish"/>
  <item id="2585171951" name="Stingray"/>
  <item id="581628042" name="★Stingray"/>
  <item id="3219147806" name="Marlin"/>
  <item id="123480955" name="★Marlin"/>
  <item id="2198709934" name="Tuna"/>
  <item id="1001505227" name="★Tuna"/>
  <item id="854535215" name="Cowfish"/>
  <item id="2320714570" name="★Cowfish"/>
  <item id="1172839609" name="Pike Conger"/>
  <item id="4250172380" name="★Pike Conger"/>
  <item id="3579248936" name="Freshwater Clam"/>
  <item id="1844143693" name="★Freshwater Clam"/>
  <item id="2723164606" name="Musk Turtle"/>
  <item id="451696347" name="★Musk Turtle"/>
  <item id="4037139161" name="Chinook Salmon"/>
  <item id="1209908668" name="★Chinook Salmon"/>
  <item id="2275863119" name="Giant Catfish"/>
  <item id="1058704682" name="★Giant Catfish"/>
  <item id="514833397" name="Alligator Gar"/>
  <item id="2786319504" name="★Alligator Gar"/>
  <item id="1772653411" name="White Bass"/>
  <item id="3507809286" name="★White Bass"/>
  <item id="4157349568" name="Bluegill"/>
  <item id="1332771237" name="★Bluegill"/>
  <item id="2160799318" name="Pumpkinseed"/>
  <item id="947341619" name="★Pumpkinseed"/>
  <item id="432177132" name="Red-eared Slider"/>
  <item id="2709395593" name="★Red-eared Slider"/>
  <item id="1858424698" name="Brook Trout"/>
  <item id="3598264351" name="★Brook Trout"/>
</items>
