<?xml version='1.0' encoding='utf-8'?>
<items>
  <item id="1158785574" name="Worn Bangle"/>
  <item id="3681894277" name="Cheap Bracelet"/>
  <item id="3692624796" name="Rocker Wrist"/>
  <item id="2893156115" name="Power Bracelet"/>
  <item id="2870987530" name="Brute Bracer"/>
  <item id="1020072578" name="Grand Bracelet"/>
  <item id="897277609" name="Sun Bracelet"/>
  <item id="1271538196" name="Comet Bracelet"/>
  <item id="1115450943" name="Fiend Band"/>
  <item id="722316273" name="Legend Bracelet"/>
  <item id="1544199015" name="Mythical Bangle"/>
  <item id="1154727953" name="Rusty Ring"/>
  <item id="3669448114" name="Ugly Ring"/>
  <item id="3722088875" name="Pretty Ring"/>
  <item id="2914018596" name="Rainbow Ring"/>
  <item id="2866651453" name="Illusion Ring"/>
  <item id="1024424117" name="Fairy Ring"/>
  <item id="884552862" name="Lunar Ring"/>
  <item id="1242056739" name="Ring of Fate"/>
  <item id="1136526344" name="Fiend Ring"/>
  <item id="718258630" name="Legend Ring"/>
  <item id="1573450064" name="Mythical Ring"/>
  <item id="1184202312" name="Aged Charm"/>
  <item id="3639733227" name="Old Charm"/>
  <item id="3751555058" name="Runic Charm"/>
  <item id="2952190845" name="Protective Charm"/>
  <item id="2828738404" name="Armor Charm"/>
  <item id="1061799660" name="Lucky Charm"/>
  <item id="922716871" name="Galaxy Charm"/>
  <item id="1213134458" name="Earth Charm"/>
  <item id="1106819665" name="Fiend Charm"/>
  <item id="680099743" name="Legend Charm"/>
  <item id="1603161865" name="Mythical Charm"/>
  <item id="1196889215" name="Simple Badge"/>
  <item id="3644031452" name="Black Badge"/>
  <item id="3730720197" name="Shiny Badge"/>
  <item id="2922688842" name="Cute Badge"/>
  <item id="2841212243" name="Hermes Badge"/>
  <item id="1049341147" name="Aurora Badge"/>
  <item id="926802160" name="Meteor Badge"/>
  <item id="1233951821" name="Lightning Badge"/>
  <item id="1077596262" name="Fiend Badge"/>
  <item id="692786600" name="Legend Badge"/>
  <item id="1582048574" name="Mythical Badge"/>
  <item id="3671275895" name="Fungi Fest Band"/>
  <item id="1100797588" name="Monkey Circlet"/>
  <item id="1108869882" name="Cicada Sword"/>
  <item id="3675345728" name="Beefy Bell"/>
  <item id="2887148502" name="Spell Bell"/>
  <item id="846394997" name="Tough Bell"/>
  <item id="1165346531" name="Speed Bell"/>
  <item id="3699152729" name="Bottomless Bottle"/>
  <item id="2877007823" name="Tengu Fan"/>
  <item id="1002748510" name="Cheery Coat"/>
  <item id="1287883464" name="Nail Bat"/>
  <item id="1550776226" name="Drumsticks"/>
  <item id="3311904280" name="Robovitamin E"/>
  <item id="2992674446" name="Burly's Wristband"/>
  <item id="585075487" name="Memory Chime"/>
  <item id="738460461" name="Reversword"/>
  <item id="1526936507" name="Turnabeads"/>
  <item id="3255460353" name="Reflector"/>
  <item id="1440267145" name="Paradise Ball"/>
  <item id="120148206" name="Daedalus' Wings"/>
  <item id="1882087544" name="Patriot's T-Shirt"/>
  <item id="3911659970" name="Ancestral Sash"/>
  <item id="2652897620" name="Emperor's Seal"/>
  <item id="4494583" name="Badge of Honor"/>
  <item id="2000921697" name="Bunny Blaster"/>
  <item id="3997890011" name="Glamorous Straw"/>
  <item id="2572010829" name="Swirly Pack"/>
  <item id="2130045002" name="Warlord's Banner"/>
  <item id="506618287" name="Dull Blade"/>
  <item id="1765101881" name="Imperial Chip"/>
  <item id="4030464131" name="Star-spangle Blade"/>
  <item id="2268803093" name="Stars n Stripes Rod"/>
  <item id="425698742" name="Star-spangl. Shield"/>
  <item id="166910172" name="Enma Blade"/>
  <item id="283765149" name="Illustrious Bead"/>
  <item id="1851299104" name="Chairman's Staff"/>
  <item id="4149331098" name="Enchanted Flute"/>
  <item id="2153182220" name="Maul Attachment"/>
  <item id="1743706379" name="Golden Ankh"/>
</items>
