<?xml version='1.0' encoding='utf-8'?>
<items>
  <item id="1332445335" name="Yo-kai Watch"/>
  <item id="1208370318" name="UFO-kai Watch"/>
  <item id="3596800301" name="Yo-kai Watch M. U"/>
  <item id="2707808699" name="Yo-kai Watch M. U2"/>
  <item id="1057059864" name="Yo-kai Watc. Dream"/>
  <item id="896643275" name="Yo-kai Watc. Dream"/>
  <item id="3507426612" name="Yo-kai Medallium"/>
  <item id="2893603185" name="Yo-kai Medallium"/>
  <item id="3480871020" name="Yo-kai Blaster"/>
  <item id="3095318778" name="Yo-kai Drill"/>
  <item id="639255897" name="Yo-kai Cleaner"/>
  <item id="1115062365" name="Mom's Glasses"/>
  <item id="1543533829" name="Office Loc. Memo"/>
  <item id="2785551778" name="Bug Net"/>
  <item id="917977139" name="Fishing Rod"/>
  <item id="635227553" name="Zombie Whomper"/>
  <item id="1159414852" name="Protective Vest"/>
  <item id="840725714" name="Backpack"/>
  <item id="1360885199" name="Transceiver"/>
  <item id="1102055589" name="Storeroom Key"/>
  <item id="561480000" name="Potential Sites Map"/>
  <item id="3812194230" name="Yo-kai World Key"/>
  <item id="721896851" name="Torch"/>
  <item id="1450226134" name="Mech Model Kit"/>
  <item id="2987267113" name="Yopple Invitation"/>
  <item id="3305710783" name="Yopple Invitation"/>
  <item id="3356763253" name="Undergroun. Key ◇"/>
  <item id="3205698787" name="Undergroun. Key ○"/>
  <item id="799803762" name="Undergroun. Key ▽"/>
  <item id="1487616484" name="East Rec. Hall Key"/>
  <item id="173724291" name="West Rec. Hall Key"/>
  <item id="1533915420" name="East Entrance Key"/>
  <item id="745177482" name="West Entrance Key"/>
  <item id="2103304725" name="East Bedroom Key"/>
  <item id="3830756271" name="West Bedroom Key"/>
  <item id="1574842233" name="Fancy That! Issue 1"/>
  <item id="3302457027" name="Fancy That! Issue 2"/>
  <item id="3016773205" name="Fancy That! Issue 3"/>
  <item id="766827510" name="Fancy That! Issue 4"/>
  <item id="1521740640" name="Fancy That! Issue 5"/>
  <item id="3283794650" name="Fancy That! Issue 6"/>
  <item id="3032320588" name="Fancy That! Issue 7"/>
  <item id="604149725" name="Fancy That! Issue 8"/>
  <item id="1392879435" name="Fancy That! Issue 9"/>
  <item id="868363950" name="Fancy That! Iss. 10"/>
  <item id="1153769016" name="Fancy That! Iss. 11"/>
  <item id="3721154434" name="Fancy That! Iss. 12"/>
  <item id="2865463060" name="Fancy That! Iss. 13"/>
  <item id="883944119" name="Fancy That! Iss. 14"/>
  <item id="1135139361" name="Fancy That! Iss. 15"/>
  <item id="3668020123" name="Fancy That! Iss. 16"/>
  <item id="2913385229" name="Fancy That! Iss. 17"/>
  <item id="1025091228" name="Fancy That! Iss. 18"/>
  <item id="1243518474" name="Fancy That! Iss. 19"/>
  <item id="418348397" name="Fancy That! Iss. 20"/>
  <item id="2179345623" name="Fancy That! Iss. 23"/>
  <item id="2025156773" name="Design Document"/>
  <item id="3787202847" name="Empty Noodle Bowl"/>
  <item id="2528842121" name="Soulmate Party Inv."/>
  <item id="148866090" name="Helicopter Cog 1"/>
  <item id="2144908476" name="Helicopter Cog 2"/>
  <item id="3872515334" name="Helicopter Cog 3"/>
  <item id="2446775696" name="Calming Candy"/>
  <item id="23709697" name="Suspicious Packag."/>
  <item id="1986984087" name="Y9 Processor Chip"/>
  <item id="380203378" name="Springdale Elm. Key"/>
  <item id="1638810084" name="Old Mansion Key"/>
  <item id="4171698270" name="Abandon. Tun. Key"/>
  <item id="2409636040" name="Booth Key 1"/>
  <item id="298104171" name="Booth Key 2"/>
  <item id="1724089853" name="Za-Fone"/>
  <item id="4291482695" name="Funky Fillet"/>
  <item id="2295194833" name="Fabled Fungus"/>
  <item id="410188096" name="Unreal Egg"/>
  <item id="1869990358" name="Golden Beans"/>
  <item id="1032069809" name="Grand Aura Box"/>
  <item id="1250103847" name="Under. Cham. Note"/>
  <item id="2049975820" name="Free 'n' Easy Pass"/>
  <item id="2487109408" name="Day Pass"/>
  <item id="3261391014" name="Pocket Mirapo"/>
  <item id="1390148919" name="Shambling Shorts"/>
  <item id="2870289768" name="Sighborg Sensor"/>
  <item id="3692172798" name="Payn Oil"/>
  <item id="1682363220" name="Key to Apt. A-104"/>
  <item id="4249846510" name="Key to Apt. A-201"/>
  <item id="2320020088" name="Key to Apt. A-303"/>
  <item id="338438107" name="Key to Apt. B-204"/>
  <item id="1663768397" name="Key to Apt. B-301"/>
  <item id="4196550391" name="Key to Apt. C-104"/>
  <item id="2368042593" name="Key to Apt. C-201"/>
  <item id="496659440" name="Key to Apt. C-204"/>
  <item id="1788697446" name="Key to Apt. C-301"/>
  <item id="3984554921" name="Sushi Pillow"/>
  <item id="2591574847" name="Tempura Purse"/>
  <item id="180836014" name="Tofu Cushion"/>
  <item id="69000860" name="Spirit Bell"/>
  <item id="1931210250" name="Soul Sack"/>
  <item id="3927097264" name="Specter Sack"/>
  <item id="2635435814" name="Red Cat Corp. Card"/>
  <item id="57744005" name="Whi. Dog Squ. Card"/>
  <item id="1953901075" name="Promise Pie"/>
  <item id="1778442059" name="Wib Wob"/>
  <item id="4077489905" name="Inferno Report"/>
  <item id="443165636" name="Playing Card: King"/>
  <item id="1835866962" name="Play. Card: Queen"/>
  <item id="4100213480" name="Playing Card: Jack"/>
  <item id="2204334718" name="Playing Card: Ace"/>
  <item id="333211631" name="Playing Card: 10"/>
  <item id="1692096377" name="Play. Card: Joker"/>
  <item id="2109761080" name="Studio Pass"/>
  <item id="791776607" name="Express Pass"/>
  <item id="1479982537" name="Kupo Nut"/>
  <item id="3242191987" name="Gysahl Greens"/>
  <item id="3057179877" name="Meat Bun Trio"/>
  <item id="677136710" name="Hero's Milk Cap"/>
  <item id="1599830480" name="Blasters T Badge"/>
  <item id="3327273066" name="Wobbly Egg"/>
  <item id="2975144188" name="∞ Iron Ogre Stone"/>
  <item id="568984941" name="∞ S Stone"/>
  <item id="1458386427" name="∞ Steely Fox Stone"/>
  <item id="908770334" name="∞ Steel. Dra. Stone"/>
  <item id="1093504136" name="∞ Oblivion Stone"/>
  <item id="3626294578" name="∞ Hinixstone"/>
  <item id="2938367396" name="∞ Meopetra"/>
  <item id="826767367" name="∞ Silly Stone"/>
  <item id="1178618001" name="∞ Gilded Stone"/>
  <item id="2823694781" name="∞ Underworl. Ston."/>
  <item id="955331628" name="∞ Legend. Stone"/>
  <item id="4158121970" name="Bike: Plain Sailing"/>
  <item id="1860089416" name="Bike: Rock n' Roller"/>
  <item id="433686238" name="Bike: Blue Streak"/>
  <item id="2277315453" name="Bike: Bubblegum"/>
  <item id="4038730731" name="Bike: Bossa Nova"/>
  <item id="1773367889" name="Bike: Night Rider"/>
  <item id="515130055" name="Bike: Count. Charm"/>
  <item id="2383109974" name="Bike: Funky Fresh"/>
  <item id="4178341824" name="Bike: Hot Rod"/>
  <item id="2580276773" name="Bike: Vortex"/>
  <item id="4006401715" name="Bike: Buttercream"/>
  <item id="2009433865" name="Bike: Sweet Berry"/>
  <item id="12760991" name="Bike: Cool Breeze"/>
  <item id="2661687868" name="Bike: Oran. Sorbet"/>
  <item id="3919647402" name="Bike: Pick 'n' Mix"/>
  <item id="1890075408" name="Bike: Fresh Lime"/>
  <item id="128938886" name="Bike: Zesty Lemon"/>
  <item id="2534436375" name="Bike: On the Grap."/>
  <item id="3759627905" name="Bike: Black Coffee"/>
  <item id="3001464294" name="Bike: Shooting Star"/>
  <item id="3535583278" name="Popping Hopper"/>
  <item id="1270213012" name="Hammerhead Hand"/>
  <item id="1018353922" name="Wooden Body"/>
  <item id="2731953313" name="Wiglin Body"/>
  <item id="3587275831" name="Tin Hull"/>
  <item id="1289235853" name="Pirate Ship Hull"/>
  <item id="1004477723" name="Waverider Hull"/>
  <item id="2875195530" name="Wooden Oar"/>
  <item id="3697750044" name="Steppa Oar"/>
  <item id="3164649977" name="Rusty Oar"/>
  <item id="3416754543" name="Trident Oar"/>
  <item id="1387190485" name="Aquamarine Oar"/>
  <item id="631892035" name="My First Flag"/>
  <item id="3150806496" name="Rhyth's Sail"/>
  <item id="3435810166" name="Scrap Propeller"/>
  <item id="1438850252" name="Pirate Flag"/>
  <item id="583281754" name="Blue Sky Sail"/>
  <item id="3313238365" name="Sunlight Charm"/>
  <item id="2542660154" name="Flying Fish Wings"/>
  <item id="3767196332" name="Rainbow Muffler"/>
  <item id="3221821376" name="Sailor Cuties Poster"/>
  <item id="1493190266" name="Moximous Mask"/>
  <item id="772241132" name="RC Car"/>
  <item id="2959336271" name="Life-sized Raina"/>
  <item id="3345273817" name="Cosplay Wig"/>
  <item id="1584235107" name="Soft Toy"/>
  <item id="694858485" name="Spherical Helmet"/>
  <item id="3117789028" name="Model Rocket"/>
  <item id="3469910002" name="Ghetto Blaster"/>
  <item id="2920617495" name="Arcade Game"/>
  <item id="2982536637" name="Golden Ticket 1"/>
  <item id="3334657323" name="Golden Ticket 2"/>
  <item id="1607173265" name="Golden Ticket 3"/>
  <item id="684504071" name="Golden Ticket 4"/>
  <item id="3064471972" name="Golden Ticket 5"/>
  <item id="3249475890" name="Golden Ticket 6"/>
  <item id="836207942" name="Golden Ticket 7"/>
  <item id="2947748069" name="Golden Ticket 8"/>
  <item id="1487290504" name="Hoaxy-Coaxy Statu."/>
  <item id="799109150" name="Slackerjack Statue"/>
  <item id="3206442383" name="Dr. Maddiman Stat."/>
  <item id="3357105433" name="Yopple-Bot Statue"/>
  <item id="2833175804" name="Beddy-Byes Statue"/>
  <item id="3755598954" name="Rongo Swirll Statu."/>
  <item id="1188083152" name="The Executor Statu."/>
</items>
