<?xml version='1.0' encoding='utf-8'?>
<items>
  <item id="1993296984" name="Épée d'apprenti"/>
  <item id="4022738402" name="Épée de bon élève"/>
  <item id="2562796916" name="Épée du maître"/>
  <item id="111524055" name="Cimeterre fripouille"/>
  <item id="1906477121" name="Épée du sorcier"/>
  <item id="3903576571" name="Sabre de roi pirate"/>
  <item id="2678909293" name="Épée du malin"/>
  <item id="252966140" name="Sabre de tonnerre"/>
  <item id="2014626922" name="Croissant de lune"/>
  <item id="416501135" name="Épée écarlate"/>
  <item id="1876196633" name="Sabre divin"/>
  <item id="4141690019" name="Dupandal"/>
  <item id="3463654205" name="Moustache féline"/>
  <item id="1467644551" name="Mousqueton félin"/>
  <item id="545081873" name="Oreilles du lapin"/>
  <item id="3189366706" name="Lance du dragon"/>
  <item id="3374247716" name="Canne gardienne"/>
  <item id="1343733406" name="Sphère céleste"/>
  <item id="655396360" name="Croc félin"/>
  <item id="3081737113" name="Griffes du goupil"/>
  <item id="3232277263" name="Codex gardien"/>
  <item id="2691640042" name="Patte du chat"/>
  <item id="3613923964" name="Arc du spectre"/>
  <item id="1314999238" name="Bâton princier"/>
  <item id="963017552" name="Grimoire canin"/>
  <item id="3703997651" name="Treasure Watch"/>
  <item id="197592018" name="Épée écarlate"/>
  <item id="2462995048" name="Épée écarlate"/>
  <item id="3855180542" name="Épée écarlate"/>
  <item id="2574200442" name="Bouclier rond"/>
  <item id="6717376" name="Bouclier de fer"/>
  <item id="2002866006" name="Bouclier d'argent"/>
  <item id="3909475061" name="Bouclier de soldat"/>
  <item id="2650991203" name="Bouclier de paladin"/>
  <item id="118209497" name="Bouclier de cristal"/>
  <item id="1879870287" name="Bouclier de vérité"/>
  <item id="3769865950" name="Bouclier légendaire"/>
  <item id="2545198664" name="Bouclier de héros"/>
  <item id="4151521197" name="Bouclier de Neptune"/>
  <item id="2155093819" name="Bouclier d'éternité"/>
  <item id="427642497" name="Bouclier diabolique"/>
  <item id="567494943" name="Rondache féline"/>
  <item id="3831980528" name="Bouclier de héros"/>
  <item id="2104373322" name="Bouclier de héros"/>
  <item id="174653660" name="Bouclier de héros"/>
</items>
