<?xml version='1.0' encoding='utf-8'?>
<items>
  <item id="3493734398" name="Cigale verte"/>
  <item id="1753366683" name="Cigale verte★"/>
  <item id="1228371524" name="Cigale marron"/>
  <item id="4052422945" name="Cigale marron★"/>
  <item id="1702355358" name="Grosse cigale"/>
  <item id="3721103099" name="Grosse cigale★"/>
  <item id="4236161060" name="Cigale d'Afrique"/>
  <item id="1153619777" name="Cigale d'Afrique★"/>
  <item id="1043351250" name="Cigale du soir"/>
  <item id="2257330615" name="Cigale du soir★"/>
  <item id="2339995826" name="Cigale d'Asie"/>
  <item id="868607959" name="Cigale d'Asie★"/>
  <item id="1314566749" name="Lucane"/>
  <item id="4142323000" name="Lucane★"/>
  <item id="858605080" name="Lucane cerf-volant"/>
  <item id="2341544317" name="Lucane cerf-vol.★"/>
  <item id="354227473" name="Lucane du Japon"/>
  <item id="2913038964" name="Lucane du Japon★"/>
  <item id="3612599271" name="Petite biche"/>
  <item id="1877968002" name="Petite biche★"/>
  <item id="2689913713" name="Scarabée rhino."/>
  <item id="417903636" name="Scarab. rhino.★"/>
  <item id="2350138539" name="Phalène blanche"/>
  <item id="883434446" name="Phalène blanche★"/>
  <item id="3374651071" name="Machaon"/>
  <item id="1905881562" name="Machaon★"/>
  <item id="2063668422" name="Papillon paon"/>
  <item id="3283973027" name="Papillon paon★"/>
  <item id="541504394" name="Papillon mauve"/>
  <item id="2566575343" name="Papillon mauve★"/>
  <item id="3662603053" name="Libellule lydienne"/>
  <item id="1660060744" name="Libellule lydienne★"/>
  <item id="2907296699" name="Anax empereur"/>
  <item id="368424158" name="Anax empereur★"/>
  <item id="2969153051" name="Libellule géante"/>
  <item id="138791294" name="Libellule géante★"/>
  <item id="3189909033" name="Luciole"/>
  <item id="111034700" name="Luciole★"/>
  <item id="3109020208" name="Coccinelle"/>
  <item id="32736597" name="Coccinelle★"/>
  <item id="962429643" name="Criquet"/>
  <item id="2179065262" name="Criquet★"/>
  <item id="1463911196" name="Criquet du riz"/>
  <item id="4026393721" name="Criquet du riz★"/>
  <item id="3739594700" name="Sauterelle"/>
  <item id="1717160105" name="Sauterelle★"/>
  <item id="2455941619" name="Grillon"/>
  <item id="719246998" name="Grillon★"/>
  <item id="2087506143" name="Grillon du Japon"/>
  <item id="3302012858" name="Grillon du Japon★"/>
  <item id="201729104" name="Sauterelle verte"/>
  <item id="3032105781" name="Sauterelle verte★"/>
  <item id="1563510735" name="Mante d'Asie"/>
  <item id="3851231402" name="Mante d'Asie★"/>
  <item id="2850201434" name="Mante religieuse"/>
  <item id="291436607" name="Mante religieuse★"/>
  <item id="1345079045" name="Longicorne"/>
  <item id="3901759584" name="Longicorne★"/>
  <item id="3448658526" name="Phasme"/>
  <item id="1966226747" name="Phasme★"/>
  <item id="3710068532" name="Courtilière"/>
  <item id="1704935505" name="Courtilière★"/>
  <item id="2614427096" name="Cloporte"/>
  <item id="594057917" name="Cloporte★"/>
  <item id="657160083" name="Cétoine"/>
  <item id="2677477622" name="Cétoine★"/>
  <item id="3848634725" name="Scarabée commun"/>
  <item id="1574561280" name="Scarab. commun★"/>
  <item id="2500818410" name="Scarabée du Japon"/>
  <item id="766710415" name="Scarab. du Japon★"/>
  <item id="3792192892" name="Punaise"/>
  <item id="1521754649" name="Punaise★"/>
  <item id="4123589647" name="Dytique"/>
  <item id="1299487594" name="Dytique★"/>
  <item id="3025330938" name="Punaise d'eau"/>
  <item id="216958367" name="Punaise d'eau★"/>
  <item id="191619145" name="Bupreste"/>
  <item id="3017246508" name="Bupreste★"/>
  <item id="3973303630" name="Lézard du Japon"/>
  <item id="1416604203" name="Lézard du Japon★"/>
  <item id="2854492066" name="Lézard"/>
  <item id="311980231" name="Lézard★"/>
  <item id="2194656409" name="Triton cynops"/>
  <item id="980659196" name="Triton cynops★"/>
  <item id="1516012502" name="Crevette à bouclier"/>
  <item id="3806389427" name="Crev. à bouclier★"/>
  <item id="708212569" name="Limnée"/>
  <item id="2458521660" name="Limnée★"/>
  <item id="1143633550" name="Escargot-pomme"/>
  <item id="4237693419" name="Escargot-pomme★"/>
  <item id="3355352717" name="Escargot"/>
  <item id="2135095784" name="Escargot★"/>
  <item id="3460879014" name="Grenouille arbor."/>
  <item id="1995748803" name="Grenouille arbor.★"/>
  <item id="4212356157" name="Crapaud"/>
  <item id="1135547224" name="Crapaud★"/>
  <item id="3566562079" name="Libellule rouge"/>
  <item id="1814629498" name="Libellule rouge★"/>
  <item id="2744277897" name="Gerris"/>
  <item id="456015084" name="Gerris★"/>
  <item id="4049842414" name="Charançon"/>
  <item id="1239406475" name="Charançon★"/>
  <item id="2254733432" name="Gyrin"/>
  <item id="1054402333" name="Gyrin★"/>
  <item id="527290818" name="Larve de libellule"/>
  <item id="2815538855" name="Larve de libellule★"/>
  <item id="1751834964" name="Nèpe"/>
  <item id="3503719985" name="Nèpe★"/>
  <item id="4128142583" name="Cicindèle"/>
  <item id="1320293266" name="Cicindèle★"/>
  <item id="2164868193" name="Sphinx"/>
  <item id="968172292" name="Sphinx★"/>
  <item id="402658779" name="Demoiselle"/>
  <item id="2696704702" name="Demoiselle★"/>
  <item id="1862739277" name="Taupin"/>
  <item id="3619373608" name="Taupin★"/>
  <item id="3522973129" name="Tortue"/>
  <item id="1765812908" name="Tortue★"/>
  <item id="3325883578" name="Tortue molle"/>
  <item id="2122355679" name="Tortue molle★"/>
  <item id="230968935" name="Crabe"/>
  <item id="3044550914" name="Crabe★"/>
  <item id="2496471005" name="Écrevisse"/>
  <item id="745633976" name="Écrevisse★"/>
  <item id="2108603112" name="Homard"/>
  <item id="3306347917" name="Homard★"/>
  <item id="3321527362" name="Crevette"/>
  <item id="2101746471" name="Crevette★"/>
  <item id="3002944724" name="Étoile de mer"/>
  <item id="172043185" name="Étoile de mer★"/>
  <item id="350191398" name="Hippocampe"/>
  <item id="2892175427" name="Hippocampe★"/>
  <item id="2711009606" name="Carpe"/>
  <item id="422239779" name="Carpe★"/>
  <item id="3599862224" name="Ayu"/>
  <item id="1848503989" name="Ayu★"/>
  <item id="748280183" name="Mulet"/>
  <item id="2485501458" name="Mulet★"/>
  <item id="2476792772" name="Saumon du Japon"/>
  <item id="723303585" name="Saum. du Japon★"/>
  <item id="2973484076" name="Carpe koï"/>
  <item id="159884105" name="Carpe koï★"/>
  <item id="1224023155" name="Perche noire"/>
  <item id="4031347478" name="Perche noire★"/>
  <item id="2059632369" name="Saumon"/>
  <item id="3263109524" name="Saumon★"/>
  <item id="1072835813" name="Huchon géant"/>
  <item id="2270055296" name="Huchon géant★"/>
  <item id="178883198" name="Sardine"/>
  <item id="2987781403" name="Sardine★"/>
  <item id="950003964" name="Maquereau"/>
  <item id="2149814169" name="Maquereau★"/>
  <item id="4208008714" name="Lisette"/>
  <item id="1114470767" name="Lisette★"/>
  <item id="2379624092" name="Sillago"/>
  <item id="896158201" name="Sillago★"/>
  <item id="3683420442" name="Barracuda"/>
  <item id="1664151167" name="Barracuda★"/>
  <item id="2327571077" name="Poisson volant"/>
  <item id="839355872" name="Poisson volant★"/>
  <item id="1335416938" name="Têtes-de-serpent"/>
  <item id="4146380559" name="Têtes-de-serp.★"/>
  <item id="3481974929" name="Rascasse"/>
  <item id="2000084980" name="Rascasse★"/>
  <item id="1537141217" name="Maigre"/>
  <item id="3810692740" name="Maigre★"/>
  <item id="1559440888" name="Bar"/>
  <item id="3830401693" name="Bar★"/>
  <item id="2884009365" name="Brème noire"/>
  <item id="324672240" name="Brème noire★"/>
  <item id="3977357177" name="Monacanthe"/>
  <item id="1437450268" name="Monacanthe★"/>
  <item id="1689619369" name="Flétan"/>
  <item id="3691637964" name="Flétan★"/>
  <item id="3264723035" name="Flet"/>
  <item id="2049695550" name="Flet★"/>
  <item id="2820732269" name="Vivaneau rouge"/>
  <item id="278696456" name="Vivaneau rouge★"/>
  <item id="1451485483" name="Daurade rayée"/>
  <item id="3997142606" name="Daurade rayée★"/>
  <item id="3705752835" name="Marbré"/>
  <item id="1683827302" name="Marbré★"/>
  <item id="330480447" name="Sériole"/>
  <item id="2869877850" name="Sériole★"/>
  <item id="4257012243" name="Poisson-lune"/>
  <item id="1157676406" name="Poisson-lune★"/>
  <item id="562354621" name="Silure"/>
  <item id="2570632920" name="Silure★"/>
  <item id="737418606" name="Sabre argenté"/>
  <item id="2471000587" name="Sabre argenté★"/>
  <item id="3836210002" name="Congre"/>
  <item id="1545309239" name="Congre★"/>
  <item id="3821678411" name="Anguille"/>
  <item id="1534478382" name="Anguille★"/>
  <item id="3096283143" name="Poisson-chat"/>
  <item id="3272546" name="Poisson-chat★"/>
  <item id="3370613896" name="Méduse"/>
  <item id="1885019117" name="Méduse★"/>
  <item id="1675120560" name="Pieuvre"/>
  <item id="3680774357" name="Pieuvre★"/>
  <item id="2894838156" name="Calamar de récif"/>
  <item id="339205865" name="Calamar de récif★"/>
  <item id="4094334520" name="Seiche"/>
  <item id="1287057757" name="Seiche★"/>
  <item id="1374563634" name="Calamar-luciole"/>
  <item id="3914484311" name="Calamar-luciole★"/>
  <item id="3046148301" name="Encornet"/>
  <item id="221048744" name="Encornet★"/>
  <item id="897771574" name="Calamar totam"/>
  <item id="2369687379" name="Calamar totam★"/>
  <item id="1116068000" name="Poisson-pêcheur"/>
  <item id="4198088645" name="Poisson-pêcheur★"/>
  <item id="2585171951" name="Raie"/>
  <item id="581628042" name="Raie★"/>
  <item id="3219147806" name="Marlin"/>
  <item id="123480955" name="Marlin★"/>
  <item id="2198709934" name="Thon"/>
  <item id="1001505227" name="Thon★"/>
  <item id="854535215" name="Poisson-vache"/>
  <item id="2320714570" name="Poisson-vache★"/>
  <item id="1172839609" name="Murène du Japon"/>
  <item id="4250172380" name="Murène du Japon★"/>
  <item id="3579248936" name="Palourde eau douce"/>
  <item id="1844143693" name="Palour. eau douce★"/>
  <item id="2723164606" name="Tortue d'eau"/>
  <item id="451696347" name="Tortue d'eau★"/>
  <item id="4037139161" name="Saumon royal"/>
  <item id="1209908668" name="Saumon royal★"/>
  <item id="2275863119" name="Poiss.-chat géant"/>
  <item id="1058704682" name="Poiss.-chat géant★"/>
  <item id="514833397" name="Garpique alligator"/>
  <item id="2786319504" name="Garpique alligator★"/>
  <item id="1772653411" name="Bar blanc"/>
  <item id="3507809286" name="Bar blanc★"/>
  <item id="4157349568" name="Crapet arlequin"/>
  <item id="1332771237" name="Crapet arlequin★"/>
  <item id="2160799318" name="Perche soleil"/>
  <item id="947341619" name="Perche soleil★"/>
  <item id="432177132" name="Tortue de Floride"/>
  <item id="2709395593" name="Tortue de Floride★"/>
  <item id="1858424698" name="Truite mouchetée"/>
  <item id="3598264351" name="Truite mouchetée★"/>
</items>
