<?xml version='1.0' encoding='utf-8'?>
<items>
  <item id="4040640462" index="1" name="Loupépin"/>
  <item id="1214980267" index="2" name="Antitaie"/>
  <item id="2046011958" index="3" name="Woko"/>
  <item id="1799751128" index="4" name="Pagno"/>
  <item id="1918710937" index="5" name="Alfoncéo"/>
  <item id="3827602063" index="6" name="Toumou"/>
  <item id="1553528298" index="7" name="Lamlam'mou"/>
  <item id="1166263467" index="8" name="Samoumouraï"/>
  <item id="2859601318" index="9" name="Samoussrai"/>
  <item id="2104724135" index="10" name="Ronimpec"/>
  <item id="3100090952" index="11" name="Roupilion"/>
  <item id="2992314685" index="12" name="Rugis"/>
  <item id="315517635" index="13" name="Trépigno"/>
  <item id="1643699290" index="14" name="Zerberker"/>
  <item id="2028203291" index="15" name="Fouétar"/>
  <item id="4201225804" index="16" name="Superfouétar"/>
  <item id="4136713569" index="17" name="Sumochi"/>
  <item id="4018801696" index="18" name="Mochimacho"/>
  <item id="2142621849" index="19" name="Ronain"/>
  <item id="2201481998" index="20" name="Bon-huiii"/>
  <item id="518048695" index="21" name="Verrascible"/>
  <item id="206922841" index="22" name="Samuren"/>
  <item id="1412854799" index="23" name="Barrakéda"/>
  <item id="1828749175" index="24" name="Caliméballe"/>
  <item id="3906744738" index="25" name="Battant"/>
  <item id="1150518150" index="26" name="Heaumer"/>
  <item id="1445342312" index="27" name="Bushidos"/>
  <item id="1329405225" index="28" name="Âmiral"/>
  <item id="2400801402" index="29" name="Agonigiri"/>
  <item id="182943320" index="30" name="Onigirix"/>
  <item id="933573919" index="31" name="Sale de bain"/>
  <item id="1348490951" index="32" name="XXL de bain"/>
  <item id="3585873938" index="33" name="El Gallardo"/>
  <item id="1121319209" index="34" name="Gran. Gallardo"/>
  <item id="2645360020" index="35" name="Bouh"/>
  <item id="2674567082" index="36" name="Barbokai"/>
  <item id="668385487" index="37" name="Moinon"/>
  <item id="3645160255" index="38" name="Benkei"/>
  <item id="3227486846" index="39" name="B3-NK1"/>
  <item id="4003089165" index="40" name="Feulion"/>
  <item id="4152457804" index="41" name="Vibrilion"/>
  <item id="3702270351" index="42" name="Siro"/>
  <item id="83617212" index="43" name="Bonneto"/>
  <item id="3158803161" index="44" name="Sabri"/>
  <item id="4230997219" index="45" name="Padelou"/>
  <item id="2774315928" index="46" name="Orox"/>
  <item id="621845233" index="47" name="Hovernyan"/>
  <item id="3406132351" index="48" name="Ultramax N"/>
  <item id="1941508890" index="49" name="Ultramax K"/>
  <item id="3873622193" index="50" name="Bobdruche"/>
  <item id="294016696" index="51" name="Sushiyama"/>
  <item id="144533497" index="52" name="Kapunki"/>
  <item id="1934455732" index="53" name="Scatcheur"/>
  <item id="3421574353" index="54" name="Scarmouche"/>
  <item id="3538560400" index="55" name="Scarnage"/>
  <item id="3838898721" index="56" name="Maskonyan"/>
  <item id="3789468917" index="57" name="Momonyan"/>
  <item id="3300256553" index="58" name="Sire Nyancelot"/>
  <item id="3318738370" index="59" name="Coach Antonic"/>
  <item id="3195385929" index="60" name="Bison Antonic"/>
  <item id="408080822" index="61" name="Démophage"/>
  <item id="21618935" index="62" name="Vampéric"/>
  <item id="3079793018" index="63" name="Luminoct"/>
  <item id="2224638205" index="64" name="Suprarachnus"/>
  <item id="3451350654" index="65" name="Shurikenny"/>
  <item id="3568066367" index="66" name="Nunchucky"/>
  <item id="1473178932" index="67" name="Camélia"/>
  <item id="2699998931" index="68" name="Pleurapluie"/>
  <item id="4067932905" index="69" name="Gastong"/>
  <item id="448194943" index="70" name="Bradguette"/>
  <item id="538893349" index="71" name="Toutournemal"/>
  <item id="966511628" index="72" name="Morvobec"/>
  <item id="545324365" index="73" name="Matchou"/>
  <item id="3556401853" index="74" name="Papa Ress"/>
  <item id="1311595012" index="75" name="Ralbouc"/>
  <item id="1463184197" index="76" name="Bastata"/>
  <item id="3146751539" index="77" name="Chaipô"/>
  <item id="2012164562" index="78" name="Mémogre"/>
  <item id="2727653234" index="79" name="Gagalurin"/>
  <item id="2560801600" index="80" name="Duc Delafeuille"/>
  <item id="3078044958" index="81" name="Feuildechou"/>
  <item id="2316768430" index="82" name="Curryeux"/>
  <item id="264985211" index="83" name="Curryogi"/>
  <item id="1431073508" index="84" name="Ovide"/>
  <item id="1456622790" index="85" name="Narinos"/>
  <item id="3339302908" index="86" name="Lescampette"/>
  <item id="850097099" index="87" name="Boulet frit"/>
  <item id="2944158578" index="88" name="Épigerien"/>
  <item id="3024028005" index="89" name="Kœud"/>
  <item id="53737814" index="90" name="Marra"/>
  <item id="438880279" index="91" name="Violette"/>
  <item id="2354146817" index="92" name="Toutouïe"/>
  <item id="2665791983" index="93" name="Babalance"/>
  <item id="2504679232" index="94" name="Mémétal"/>
  <item id="2839163357" index="95" name="Cupistol"/>
  <item id="887949668" index="96" name="Donjouant"/>
  <item id="771110949" index="97" name="Nonjuan"/>
  <item id="2240145679" index="98" name="Trodésolé"/>
  <item id="931616744" index="99" name="Pardomino"/>
  <item id="1027182186" index="100" name="Brumette"/>
  <item id="3478345399" index="101" name="Brumella"/>
  <item id="2117842652" index="102" name="Padrézo"/>
  <item id="3330789817" index="103" name="Émettor"/>
  <item id="2403020941" index="104" name="Maître Oden"/>
  <item id="3751600376" index="105" name="Dynamo"/>
  <item id="797712772" index="106" name="Mythovni"/>
  <item id="3250302461" index="107" name="Apélicain"/>
  <item id="2898270119" index="108" name="MoiYihin"/>
  <item id="1740547829" index="109" name="Lord Écibel"/>
  <item id="398470167" index="110" name="Steuf"/>
  <item id="91587577" index="111" name="Crânéidoscope"/>
  <item id="3377588726" index="112" name="Lionguiste"/>
  <item id="1045680358" index="113" name="Hiblusion"/>
  <item id="659087783" index="114" name="Hibrouille"/>
  <item id="207991396" index="115" name="Hibourling"/>
  <item id="2166860649" index="116" name="Espi"/>
  <item id="2554108456" index="117" name="Étassivilia"/>
  <item id="2263857027" index="118" name="Télémir"/>
  <item id="624097286" index="119" name="Triptic-tac"/>
  <item id="2683602626" index="120" name="Nuiroir"/>
  <item id="4133838287" index="121" name="Valetino"/>
  <item id="3184125084" index="122" name="Wattson"/>
  <item id="3853186250" index="123" name="Pr Plumage"/>
  <item id="1561760687" index="124" name="Volroulo"/>
  <item id="494859669" index="125" name="Imadjinn"/>
  <item id="2947172651" index="126" name="Aramis Taire"/>
  <item id="2631334783" index="127" name="Maginyan"/>
  <item id="2780992240" index="128" name="Eddylapid"/>
  <item id="1801742127" index="129" name="Tengu"/>
  <item id="1920947822" index="130" name="Tengurou"/>
  <item id="160243924" index="131" name="Kyubi"/>
  <item id="278270357" index="132" name="Barakabo"/>
  <item id="2643369827" index="133" name="Chymère"/>
  <item id="2224401954" index="134" name="Chyper"/>
  <item id="3860244511" index="135" name="Popcorne"/>
  <item id="715130279" index="136" name="Sodartha"/>
  <item id="940943945" index="137" name="Mata Hase"/>
  <item id="554605320" index="138" name="Blanche Hase"/>
  <item id="1618393631" index="139" name="Otto"/>
  <item id="2972796849" index="140" name="Darabajoie"/>
  <item id="2743396447" index="141" name="Darumastar"/>
  <item id="3131037982" index="142" name="Goruma"/>
  <item id="3102064831" index="143" name="Jalouseriz"/>
  <item id="3365620317" index="144" name="Fanfanfaron"/>
  <item id="1250891874" index="145" name="Égare-dare"/>
  <item id="1881615672" index="146" name="Charivari"/>
  <item id="5875674" index="147" name="Potache"/>
  <item id="3528877583" index="148" name="Dépotache"/>
  <item id="886008723" index="149" name="Nanpart"/>
  <item id="2356350198" index="150" name="Passpa"/>
  <item id="2506636727" index="151" name="Granpart"/>
  <item id="2352466200" index="152" name="Loubarbare"/>
  <item id="3428822818" index="153" name="Racaïd"/>
  <item id="4268346784" index="154" name="Frérosse"/>
  <item id="3689170456" index="155" name="Graffaël"/>
  <item id="2158611756" index="156" name="Chameuhllow"/>
  <item id="713189200" index="157" name="Pot-au-meuh"/>
  <item id="3637173626" index="158" name="Piètros"/>
  <item id="847843644" index="159" name="Bricolos"/>
  <item id="645579901" index="160" name="Hauber"/>
  <item id="2536523489" index="161" name="Humainequin"/>
  <item id="2942183813" index="162" name="Big O'Max"/>
  <item id="400707296" index="163" name="Axelérator"/>
  <item id="2663818008" index="164" name="Boulapic"/>
  <item id="2279445081" index="165" name="Bouldacier"/>
  <item id="3193428670" index="166" name="Sumodon"/>
  <item id="595649031" index="167" name="Soupotori"/>
  <item id="2604434786" index="168" name="Pfffuji"/>
  <item id="2307467916" index="169" name="Krakatouaaah"/>
  <item id="3245191076" index="170" name="Pachycoul"/>
  <item id="3631652581" index="171" name="Persévéfant"/>
  <item id="4282759791" index="172" name="Pachypipi"/>
  <item id="317458484" index="173" name="Antonnerre"/>
  <item id="1207557386" index="174" name="Parantonn"/>
  <item id="89645326" index="175" name="Navétéran"/>
  <item id="943179966" index="176" name="Navigarmateur"/>
  <item id="2857398097" index="177" name="Suinthan"/>
  <item id="3186329195" index="178" name="Pogorille"/>
  <item id="540851922" index="179" name="Mulangeur"/>
  <item id="2558581175" index="180" name="Andrécup"/>
  <item id="2318759513" index="181" name="Zozoparleur"/>
  <item id="3148741828" index="182" name="Lama Laya"/>
  <item id="2729889157" index="183" name="Etna Magma"/>
  <item id="2953011819" index="184" name="Castelius III"/>
  <item id="2603495848" index="185" name="Castelius II"/>
  <item id="2836943658" index="186" name="Castelius I"/>
  <item id="2184511721" index="187" name="Castelius Max"/>
  <item id="4083882779" index="188" name="Chionyan"/>
  <item id="51485601" index="189" name="Coléroptère"/>
  <item id="295973967" index="190" name="Rhinolimit"/>
  <item id="146736398" index="191" name="Corniaque"/>
  <item id="113893164" index="192" name="Kintaronyan"/>
  <item id="2453536821" index="193" name="Aloyau Ier"/>
  <item id="1047638545" index="194" name="Robonyan"/>
  <item id="1322859178" index="195" name="Robonyan F"/>
  <item id="1418121551" index="196" name="Superobonyan"/>
  <item id="661291856" index="197" name="Oronyan"/>
  <item id="4051387260" index="198" name="Misterre"/>
  <item id="3898634813" index="199" name="Ressak"/>
  <item id="3991934337" index="200" name="Crapop"/>
  <item id="4109051072" index="201" name="Geeko"/>
  <item id="63412728" index="202" name="Gargaros"/>
  <item id="3145465501" index="203" name="Ogralos"/>
  <item id="2848870771" index="204" name="Orqanos"/>
  <item id="1588252538" index="205" name="Extrabuki"/>
  <item id="492607330" index="206" name="Squale masqué"/>
  <item id="71804451" index="207" name="El Squalador"/>
  <item id="2156638171" index="208" name="Flèche d'azur"/>
  <item id="3046311383" index="209" name="Gambeth"/>
  <item id="3075825641" index="210" name="Vertipiou"/>
  <item id="266942604" index="211" name="Tatinmarre"/>
  <item id="836980656" index="212" name="Marceauterelle"/>
  <item id="1130078060" index="213" name="Squarlett"/>
  <item id="4226283529" index="214" name="Margoth"/>
  <item id="3808217416" index="215" name="Squelèbelle"/>
  <item id="1237787673" index="216" name="Cigalopin"/>
  <item id="162480675" index="217" name="Cigaillard"/>
  <item id="280261474" index="218" name="Cigazouille"/>
  <item id="1468672218" index="219" name="Éclopain"/>
  <item id="1212760668" index="220" name="Pain surprise"/>
  <item id="3825660024" index="221" name="Chihuaglagla"/>
  <item id="1555732253" index="222" name="Froahuahua"/>
  <item id="1168221788" index="223" name="Cho-cho"/>
  <item id="2782982151" index="224" name="Bambincroyab."/>
  <item id="1346516016" index="225" name="Bambinsupp."/>
  <item id="1230570865" index="226" name="Bambinflamm."/>
  <item id="1609739110" index="227" name="Traviolette"/>
  <item id="221209266" index="228" name="Yokœil"/>
  <item id="3798132768" index="229" name="Jeniflair"/>
  <item id="4013313983" index="230" name="Quésacourt"/>
  <item id="1830952320" index="231" name="V. de Gamiaou"/>
  <item id="2140648046" index="232" name="Erzestine"/>
  <item id="643344010" index="233" name="Baku"/>
  <item id="1061394379" index="234" name="Tapur"/>
  <item id="3880700931" index="235" name="Bakuku"/>
  <item id="2791091410" index="236" name="Petit panja"/>
  <item id="3035169596" index="237" name="Panja-san"/>
  <item id="3583933157" index="238" name="Ficheline"/>
  <item id="4042597689" index="239" name="Kay Mandeuse"/>
  <item id="2490923674" index="240" name="Kappacap"/>
  <item id="3424348876" index="241" name="Appak"/>
  <item id="3573570445" index="242" name="Kappaloha"/>
  <item id="2745600680" index="243" name="Jibanyan"/>
  <item id="1857823650" index="244" name="Jibanyan B"/>
  <item id="2893525287" index="245" name="Jibanyan S"/>
  <item id="4017261137" index="246" name="Jiban. Liu Bei"/>
  <item id="610966554" index="247" name="Rouminet"/>
  <item id="454749645" index="248" name="Épinyan"/>
  <item id="2261636468" index="249" name="Bandinyan"/>
  <item id="1806853494" index="250" name="Buchinyan"/>
  <item id="1957105065" index="251" name="Komasan"/>
  <item id="1309620467" index="252" name="Komaous"/>
  <item id="2081000524" index="253" name="Komasan B"/>
  <item id="2071344678" index="254" name="Komasan S"/>
  <item id="2828416367" index="255" name="Koma. Sun Ce"/>
  <item id="3165905527" index="256" name="Jibakoma"/>
  <item id="1841052904" index="257" name="Komajiro"/>
  <item id="2084133489" index="258" name="Komistigri"/>
  <item id="1651312487" index="259" name="Komajiro S"/>
  <item id="1296499848" index="260" name="Sabruine"/>
  <item id="4126893037" index="261" name="Vito"/>
  <item id="3341538571" index="262" name="Moufpète"/>
  <item id="1526525362" index="263" name="Raton glandeur"/>
  <item id="3795880663" index="264" name="Espreschiot"/>
  <item id="271208970" index="265" name="Fortuné"/>
  <item id="1152508273" index="266" name="Pitou"/>
  <item id="1443122847" index="267" name="Choubidou"/>
  <item id="1327464414" index="268" name="Satandre"/>
  <item id="1048957631" index="269" name="Timours"/>
  <item id="1147659048" index="270" name="Boucanyan"/>
  <item id="68125970" index="271" name="Jetnyan"/>
  <item id="1272413310" index="272" name="Chimpanyan"/>
  <item id="325217905" index="273" name="Tomnyan"/>
  <item id="3963270698" index="274" name="Komaventuriers"/>
  <item id="753303304" index="275" name="Angélik"/>
  <item id="2488932461" index="276" name="Blizzaria"/>
  <item id="2369857836" index="277" name="Damona"/>
  <item id="2742061297" index="278" name="Melonyan"/>
  <item id="3127622064" index="279" name="Oranyan"/>
  <item id="2437343859" index="280" name="Kiwinyan"/>
  <item id="2287852338" index="281" name="Vigninyan"/>
  <item id="3340520949" index="282" name="Maranyan"/>
  <item id="3725032628" index="283" name="Pastènyan"/>
  <item id="903818430" index="284" name="Saphinyan"/>
  <item id="519208829" index="285" name="Émeranyan"/>
  <item id="132730428" index="286" name="Rubinyan"/>
  <item id="1219025147" index="287" name="Topanyan"/>
  <item id="751050239" index="288" name="Diamanyan"/>
  <item id="2249971501" index="289" name="Robocap"/>
  <item id="2494462147" index="290" name="Robokoma"/>
  <item id="1550619972" index="291" name="Sailornyan"/>
  <item id="2716997409" index="292" name="Jiganyan"/>
  <item id="2519525139" index="293" name="Komak"/>
  <item id="1123523550" index="294" name="Faustille"/>
  <item id="3287232628" index="295" name="Chocobo-nyan"/>
  <item id="1580730573" index="296" name="Mog-nyan"/>
  <item id="3867439016" index="297" name="Wobblenyan"/>
  <item id="4096901190" index="298" name="Wibblekoma"/>
  <item id="2529042596" index="299" name="Sushinyan"/>
  <item id="771901377" index="300" name="Tempurasan"/>
  <item id="2056910010" index="301" name="Faux Kappa"/>
  <item id="1669514747" index="302" name="Kappadissi"/>
  <item id="3257242591" index="303" name="Maître Nyada"/>
  <item id="3908981589" index="304" name="Tenguriginal"/>
  <item id="4058341908" index="305" name="Ange garudien"/>
  <item id="1747737428" index="306" name="Parasolal"/>
  <item id="1738327042" index="307" name="Barbucheron"/>
  <item id="3743458151" index="308" name="Double croche"/>
  <item id="3989993334" index="309" name="Amoiz"/>
  <item id="4106831415" index="310" name="Pikor"/>
  <item id="4228744724" index="311" name="Noripop"/>
  <item id="1696488402" index="312" name="Algacarena"/>
  <item id="3843471189" index="313" name="Wakapoeira"/>
  <item id="3460031638" index="314" name="Salsalga"/>
  <item id="424570948" index="315" name="Alga Sensei"/>
  <item id="3554148426" index="316" name="Granpapéti"/>
  <item id="2344292380" index="317" name="Puissanfon"/>
  <item id="3401789707" index="318" name="Grainpère"/>
  <item id="1666720125" index="319" name="PapiXXL"/>
  <item id="3499113521" index="320" name="Papilla"/>
  <item id="4173947755" index="321" name="Mme Papilla"/>
  <item id="810502914" index="322" name="Felipaix"/>
  <item id="1081410574" index="323" name="M. Felipaix"/>
  <item id="4199283899" index="324" name="Bleun. de bain"/>
  <item id="1338350424" index="325" name="Antoilette"/>
  <item id="3449097353" index="326" name="Afronaute"/>
  <item id="1965648876" index="327" name="Charivariz"/>
  <item id="759856058" index="328" name="Optimiss"/>
  <item id="3855373267" index="329" name="Benjirouette"/>
  <item id="2796080252" index="330" name="Clic-bull"/>
  <item id="825576937" index="331" name="Lacanne"/>
  <item id="1767267775" index="332" name="Canastelle"/>
  <item id="1879396303" index="333" name="Nomoné"/>
  <item id="2988432595" index="334" name="Ivanupieds"/>
  <item id="1763606158" index="335" name="Noproblemo"/>
  <item id="3474428761" index="336" name="Lulutin"/>
  <item id="3934047365" index="337" name="Grégrigry"/>
  <item id="3647396296" index="338" name="Papiltation"/>
  <item id="3229477001" index="339" name="Papiltension"/>
  <item id="1641725613" index="340" name="Hyprapillon"/>
  <item id="2025951212" index="341" name="Vitapillon"/>
  <item id="2007757884" index="342" name="Métaureaulog"/>
  <item id="178502582" index="343" name="Tauracle"/>
  <item id="2297637991" index="344" name="DON-CHAN"/>
  <item id="3718397111" index="345" name="Sabrille"/>
  <item id="241655497" index="346" name="Ratatam"/>
  <item id="394030984" index="347" name="Supernoël"/>
  <item id="3741499792" index="348" name="Dagamberge"/>
  <item id="2515934431" index="349" name="Fourchelangue"/>
  <item id="1789838468" index="350" name="Papana Split"/>
  <item id="3524436961" index="351" name="Maudestique"/>
  <item id="3232173071" index="352" name="Papécolo"/>
  <item id="1503048510" index="353" name="Les frères Topla"/>
  <item id="1911393939" index="354" name="Tatartelette"/>
  <item id="4005046778" index="355" name="Jojojoyeux"/>
  <item id="3067820460" index="356" name="Paradoxa"/>
  <item id="2948597997" index="357" name="Potaumorose"/>
  <item id="3590341831" index="358" name="Faisanyan"/>
  <item id="2015062890" index="359" name="Javabien"/>
  <item id="1567634614" index="360" name="Fluorence"/>
  <item id="739385254" index="361" name="Robopapéti"/>
  <item id="2043791553" index="362" name="Dédé"/>
  <item id="1623914880" index="363" name="Dédestin"/>
  <item id="1388358624" index="364" name="Scarasol"/>
  <item id="343699650" index="365" name="Odyssényan"/>
  <item id="4151966781" index="366" name="Maintendante"/>
  <item id="1233379831" index="367" name="Tontonerre"/>
  <item id="1352192182" index="368" name="Omnitonton"/>
  <item id="4047472274" index="369" name="Tata Aura"/>
  <item id="3894720467" index="370" name="Tata Câlin"/>
  <item id="1254874508" index="371" name="Kyryn"/>
  <item id="1406201037" index="372" name="Kyrycorne"/>
  <item id="396790542" index="373" name="Survolt"/>
  <item id="247315023" index="374" name="Supervolt"/>
  <item id="1165705946" index="375" name="Auberchouine"/>
  <item id="3635182179" index="376" name="Timouchar"/>
  <item id="1611668742" index="377" name="Bazaronin"/>
  <item id="3562330446" index="378" name="Égaroni"/>
  <item id="3444566031" index="379" name="Onisoi"/>
  <item id="1530285593" index="380" name="Tortico"/>
  <item id="3817482620" index="381" name="Tendino"/>
  <item id="4203812925" index="382" name="Contracto"/>
  <item id="3316206299" index="383" name="Herbert"/>
  <item id="3660506547" index="384" name="Carnanova"/>
  <item id="3770815751" index="385" name="Couchtar"/>
  <item id="876284733" index="386" name="Noctambill"/>
  <item id="4257686975" index="387" name="Arbrézo"/>
  <item id="3952348633" index="388" name="Arbrézo social"/>
  <item id="2120028613" index="389" name="Nihilistik"/>
  <item id="3336664736" index="390" name="Émousstik"/>
  <item id="3757721569" index="391" name="Grattoptère"/>
  <item id="1367906203" index="392" name="Marcognito"/>
  <item id="166430669" index="393" name="Ninjamévu"/>
  <item id="284210828" index="394" name="Nihilo"/>
  <item id="2457519579" index="395" name="Tête de lard"/>
  <item id="3658254148" index="396" name="Suspicioni"/>
  <item id="3273111045" index="397" name="Ragioni"/>
  <item id="3896174022" index="398" name="Contrarioni"/>
  <item id="691944325" index="399" name="Mélobê"/>
  <item id="999003243" index="400" name="Geigneau"/>
  <item id="1433276435" index="401" name="Chauvekipeut"/>
  <item id="3367577770" index="402" name="Chauv'coucou"/>
  <item id="3517061611" index="403" name="Vampiloc"/>
  <item id="1484681826" index="404" name="Gloups"/>
  <item id="4063461127" index="405" name="Chip-Chope"/>
  <item id="1923461864" index="406" name="Indexter"/>
  <item id="436131076" index="407" name="Hacksel"/>
  <item id="1872790096" index="408" name="Amédélègue"/>
  <item id="3608995125" index="409" name="Comte Zapzap"/>
  <item id="2030553752" index="410" name="Raltesse"/>
  <item id="717660862" index="411" name="Flagesté"/>
  <item id="3695902187" index="412" name="Escrocorico"/>
  <item id="1693883022" index="413" name="Rocky Badboya"/>
  <item id="1984116064" index="414" name="Charlognard"/>
  <item id="1100858706" index="415" name="M. Orthogaffe"/>
  <item id="1655758881" index="416" name="Tengubre"/>
  <item id="2074857824" index="417" name="Bibliotengu"/>
  <item id="2098539966" index="418" name="Hâtila"/>
  <item id="935563782" index="419" name="Snobéa"/>
  <item id="2357685336" index="420" name="Dracunyan"/>
  <item id="3472839173" index="421" name="TuKappa"/>
  <item id="4179730999" index="422" name="Sinécureuil"/>
  <item id="3390690701" index="423" name="Usapyon"/>
  <item id="3540182220" index="424" name="Usapyon"/>
  <item id="4163876623" index="425" name="Usapyon"/>
  <item id="3778315854" index="426" name="Usapyon"/>
  <item id="2926907529" index="427" name="Usapyon"/>
  <item id="2602493845" index="428" name="Usapyon B"/>
  <item id="3470602482" index="429" name="Usap. Zhongda"/>
  <item id="2407527779" index="430" name="Triptyk"/>
  <item id="1961084999" index="431" name="Nimpégase"/>
  <item id="1845033222" index="432" name="Hennimi"/>
  <item id="201056170" index="433" name="Grolos"/>
  <item id="2188351250" index="434" name="Timidémon"/>
  <item id="986968183" index="435" name="Belzel"/>
  <item id="600359222" index="436" name="Dente"/>
  <item id="1653768918" index="437" name="Millyeux"/>
  <item id="2072621975" index="438" name="Précyeux"/>
  <item id="2059114061" index="439" name="Vénaldo"/>
  <item id="1671472908" index="440" name="Maltesse"/>
  <item id="646882515" index="441" name="Potofeu"/>
  <item id="1002127958" index="442" name="Obskyurbi"/>
  <item id="2705502817" index="443" name="Dr Néant"/>
  <item id="3092874016" index="444" name="Dr Crépuscule"/>
  <item id="3777680475" index="445" name="Entout' Hâtila"/>
  <item id="1260592336" index="446" name="Cravat'en"/>
  <item id="1850229516" index="447" name="Déshirley"/>
  <item id="3606324329" index="448" name="Maindécis"/>
  <item id="3682787585" index="449" name="Carquentin"/>
  <item id="456691514" index="450" name="Malmidal"/>
  <item id="35896955" index="451" name="Écchinose"/>
  <item id="2975326376" index="452" name="Humidon"/>
  <item id="1205583869" index="453" name="Délujien"/>
  <item id="2823606761" index="454" name="Fryzeur"/>
  <item id="1589677756" index="455" name="Kongel"/>
  <item id="2204205610" index="456" name="Hémorhino"/>
  <item id="1827192363" index="457" name="Chiperpiou"/>
  <item id="1228096695" index="458" name="Rapiaf"/>
  <item id="1978896234" index="459" name="Pioubidou"/>
  <item id="741375313" index="460" name="Zikafon"/>
  <item id="2984723944" index="461" name="Babarouf"/>
  <item id="2970821958" index="462" name="Flamente"/>
  <item id="2819101703" index="463" name="Volibrius"/>
  <item id="2200258500" index="464" name="Volatriste"/>
  <item id="856127353" index="465" name="Corniot"/>
  <item id="1936658755" index="466" name="Bicorniot"/>
  <item id="1785995266" index="467" name="Cerbébert"/>
  <item id="2654127030" index="468" name="Poilux"/>
  <item id="156967565" index="469" name="Poil-Émile"/>
  <item id="4087315381" index="470" name="Théopportun"/>
  <item id="2438225593" index="471" name="Triopportun"/>
  <item id="65403663" index="472" name="Non-non"/>
  <item id="3292629895" index="473" name="Crassiella"/>
  <item id="2097016034" index="474" name="Werner Avif"/>
  <item id="614399156" index="475" name="Rengainaël"/>
  <item id="881569405" index="476" name="Blablara"/>
  <item id="764452668" index="477" name="Umilie"/>
  <item id="4284995736" index="478" name="Lulugubre"/>
  <item id="3007822031" index="479" name="Trempetta"/>
  <item id="341709365" index="480" name="Avallée"/>
  <item id="116112859" index="481" name="Mont merci"/>
  <item id="3143212138" index="482" name="Pépésbrouf"/>
  <item id="290477281" index="483" name="Adolfo Jeton"/>
  <item id="4219559696" index="484" name="Misterbide"/>
  <item id="3801771601" index="485" name="Flopito"/>
  <item id="2619513809" index="486" name="Seulimane"/>
  <item id="2794106507" index="487" name="Maracraque"/>
  <item id="506907118" index="488" name="Taï basse"/>
  <item id="1128085621" index="489" name="Pégaz"/>
  <item id="1512442164" index="490" name="Méphito"/>
  <item id="2850829188" index="491" name="Ornella"/>
  <item id="468618595" index="492" name="Sornella"/>
  <item id="2982487839" index="493" name="Robocorniot"/>
  <item id="1395157692" index="494" name="Persépoil"/>
  <item id="209937920" index="495" name="Javamal"/>
  <item id="703085020" index="496" name="Malocœur"/>
  <item id="1716938665" index="497" name="Cenridion"/>
  <item id="3739877580" index="498" name="Jouvencia"/>
  <item id="3354472845" index="499" name="Éterna"/>
  <item id="4052689874" index="500" name="Crocho"/>
  <item id="3540910611" index="501" name="Darknyan"/>
  <item id="2212622679" index="502" name="Hadespote"/>
  <item id="995989042" index="503" name="Jean-Mèchel"/>
  <item id="3912560894" index="504" name="Insomnelle"/>
  <item id="4029661631" index="505" name="Morféa"/>
  <item id="2740120070" index="506" name="Arachnus"/>
  <item id="3125402439" index="507" name="Arachnia"/>
  <item id="1665042020" index="508" name="Oridjinn"/>
  <item id="2049292069" index="509" name="Horridjinn"/>
  <item id="3172984517" index="510" name="Diablotine"/>
  <item id="2251929050" index="511" name="Crampaud"/>
  <item id="592896094" index="512" name="Thépacap"/>
  <item id="2304714965" index="513" name="Escarcool"/>
  <item id="2615838523" index="514" name="Outransss"/>
  <item id="2440445006" index="515" name="Médisansss"/>
  <item id="3255300392" index="516" name="Noko"/>
  <item id="3501350598" index="517" name="Nénunoko"/>
  <item id="3676094569" index="518" name="Pandanoko"/>
  <item id="781222006" index="519" name="Scintinoko"/>
  <item id="2492209716" index="520" name="Maudieuse"/>
  <item id="3542900964" index="521" name="Jérémya"/>
  <item id="344461420" index="522" name="Ébobby"/>
  <item id="3196180711" index="523" name="Céfasslopode"/>
  <item id="104710018" index="524" name="Barbuzz"/>
  <item id="3419633190" index="525" name="Anghihihille"/>
  <item id="3536340839" index="526" name="Méroubadour"/>
  <item id="4192539812" index="527" name="Urnaconda"/>
  <item id="3968471914" index="528" name="Poulpatouch"/>
  <item id="2900522320" index="529" name="Poulpater"/>
  <item id="1298491007" index="530" name="Murhaine"/>
  <item id="1607518609" index="531" name="Saumhonni"/>
  <item id="1187772624" index="532" name="Vexturgeon"/>
  <item id="1951624455" index="533" name="Yvantouse"/>
  <item id="3248082698" index="534" name="Ed Mémoire"/>
  <item id="4131864376" index="535" name="Scoltine"/>
  <item id="2032511087" index="536" name="Scolérique"/>
  <item id="1745762723" index="537" name="Dracounet"/>
  <item id="4124639514" index="538" name="Sire Dragon"/>
  <item id="3972149339" index="539" name="Dragô"/>
  <item id="1325095005" index="540" name="Sirénée"/>
  <item id="1804601217" index="541" name="Sirènité"/>
  <item id="1921726144" index="542" name="Sireine-mère"/>
  <item id="2889119497" index="543" name="Tyragédie"/>
  <item id="211879159" index="544" name="Catastrosaure"/>
  <item id="364524982" index="545" name="Godichezilla"/>
  <item id="1548679091" index="546" name="Mlle Coucou"/>
  <item id="2997844371" index="547" name="Whisper"/>
  <item id="3166447659" index="548" name="Whispocrates"/>
  <item id="1583263700" index="549" name="Criquetif"/>
  <item id="701127467" index="550" name="Poulpulaire"/>
  <item id="2210632608" index="551" name="Poulpétard"/>
  <item id="4138950550" index="552" name="Bababou"/>
  <item id="4020793047" index="553" name="Tourneboul"/>
  <item id="3882659572" index="554" name="Croquin"/>
  <item id="4269252533" index="555" name="Inisquale"/>
  <item id="3205480098" index="556" name="Claquille"/>
  <item id="2786365411" index="557" name="Cocpille"/>
  <item id="129227207" index="558" name="Jacquasseur"/>
  <item id="514386054" index="559" name="Bananar"/>
  <item id="3512377242" index="560" name="Chocobananar"/>
  <item id="3841102038" index="561" name="Draconfus"/>
  <item id="158941306" index="562" name="Robonoko"/>
  <item id="466415508" index="563" name="Robodracou"/>
  <item id="998241477" index="564" name="Agraisseur"/>
  <item id="1025240221" index="565" name="Vipètesec"/>
  <item id="254643743" index="566" name="Vipérâle"/>
  <item id="604036572" index="567" name="Vipairflay"/>
  <item id="3438217826" index="568" name="Carpitaine"/>
  <item id="504671001" index="569" name="Diegoïste"/>
  <item id="2242350072" index="570" name="Octorgone"/>
  <item id="2629614265" index="571" name="Octorgombre"/>
  <item id="3021824914" index="572" name="Entraînette"/>
  <item id="756830014" index="573" name="Originyan"/>
  <item id="1793720682" index="574" name="Scientifiborg Y"/>
  <item id="4244235962" index="575" name="Injustin"/>
  <item id="3997976916" index="576" name="Fielippine"/>
  <item id="1458581041" index="577" name="Cyrustre"/>
  <item id="244530791" index="578" name="Maudicko"/>
  <item id="3056556290" index="579" name="Ronéan"/>
  <item id="829356020" index="580" name="Gale de bain"/>
  <item id="2607234943" index="581" name="Mabouhl"/>
  <item id="3382219868" index="582" name="Fumella"/>
  <item id="2085762641" index="583" name="Fou Kappa"/>
  <item id="1860671935" index="584" name="Pariasolal"/>
  <item id="3386659250" index="585" name="Fatalutin"/>
  <item id="1902130903" index="586" name="Métaréaulog"/>
  <item id="2566455645" index="587" name="Poulux"/>
  <item id="1211144886" index="588" name="Sinisrénée"/>
  <item id="1518679384" index="589" name="Mlle Courroux"/>
  <item id="94601632" index="590" name="Roi Jibanyan"/>
  <item id="2557786393" index="591" name="Dame Usapyon"/>
  <item id="550035068" index="592" name="Valet Komasan"/>
  <item id="847081874" index="593" name="Dix de Komajiro"/>
  <item id="2327910135" index="594" name="As de nyan"/>
  <item id="3533833889" index="595" name="Josper"/>
  <item id="2462736539" index="596" name="Benzaiten"/>
  <item id="2155859829" index="597" name="Hotei"/>
  <item id="2769588393" index="598" name="Daikokuten"/>
  <item id="952346640" index="599" name="Ebisu"/>
  <item id="497612748" index="600" name="Bishamonten"/>
  <item id="1963657499" index="601" name="Chagellan"/>
  <item id="2451333826" index="602" name="T. Energison"/>
  <item id="2937777259" index="603" name="Papy Charles"/>
  <item id="3604367006" index="604" name="Der. Nyanmuraï"/>
  <item id="2095025685" index="605" name="Komastar"/>
  <item id="3294882160" index="606" name="Platinos"/>
  <item id="4089256258" index="607" name="Papi Taliste"/>
  <item id="2534548502" index="608" name="Shogunyan"/>
  <item id="799949683" index="609" name="Komashura"/>
  <item id="410039105" index="610" name="Gorgouille"/>
  <item id="2337239218" index="611" name="Déballerine"/>
  <item id="180690095" index="612" name="Camaïeul"/>
  <item id="3408336520" index="613" name="Savantard"/>
  <item id="2994305994" index="614" name="Cabotin"/>
  <item id="1939567085" index="615" name="Slurpent"/>
  <item id="346714779" index="616" name="Saincope"/>
  <item id="3967710148" index="617" name="Corailline"/>
  <item id="1422005409" index="618" name="Asura"/>
  <item id="1986090903" index="619" name="Terminyanator"/>
  <item id="3580500555" index="620" name="Supernyan"/>
  <item id="717332862" index="621" name="Hovernyan S"/>
  <item id="2718600730" index="622" name="Hover. Cao Cao"/>
  <item id="1107557232" index="623" name="Yogaratoi"/>
  <item id="1776744703" index="624" name="Haltela"/>
  <item id="282997412" index="625" name="Grovide"/>
  <item id="389303481" index="626" name="Tristos"/>
  <item id="1177779873" index="627" name="Octorbot"/>
  <item id="1220354802" index="628" name="Orqanos Lu Bu"/>
  <item id="4270791108" index="629" name="Kyubot"/>
  <item id="2137248448" index="630" name="Robonyan ult."/>
  <item id="3803507321" index="631" name="Taupe-modèle"/>
  <item id="3892982779" index="632" name="Moqua glacé"/>
  <item id="92398423" index="633" name="Normaline"/>
  <item id="3954601774" index="634" name="Koalanyan"/>
  <item id="351188853" index="635" name="Jibanyan T"/>
  <item id="2891108368" index="636" name="Komasan T"/>
  <item id="2330162176" index="637" name="Œuxcellence"/>
  <item id="845091685" index="638" name="Deadcool"/>
  <item id="2436037024" index="639" name="Athlaitue"/>
  <item id="4206861333" index="640" name="Fantimoré"/>
  <item id="2069059345" index="641" name="Ailexagère"/>
  <item id="3755262921" index="642" name="Trèchérubine"/>
  <item id="697212613" index="643" name="Otempourmoa"/>
  <item id="1734911148" index="644" name="Céodieux"/>
  <item id="2944936924" index="645" name="Momignorante"/>
  <item id="3353327013" index="646" name="Justic. komasq."/>
  <item id="2825016769" index="647" name="Tofupyon"/>
  <item id="1977420610" index="648" name="Guillotin"/>
  <item id="1842773294" index="649" name="Amb. charme"/>
  <item id="2677982980" index="650" name="Domniscian"/>
  <item id="1009069976" index="651" name="Zazel"/>
  <item id="1354126494" index="652" name="Procrastinocch."/>
  <item id="3174925362" index="653" name="Escoffregriffe"/>
  <item id="3445713959" index="654" name="Coco Barjo"/>
  <item id="1510509852" index="655" name="W. Kongming"/>
  <item id="253581346" index="656" name="Jurojin"/>
  <item id="3080798023" index="657" name="Fukurokuju"/>
  <item id="1512763371" index="658" name="Sorcophage"/>
  <item id="1218396165" index="659" name="S. Trompelamor"/>
  <item id="4028835680" index="660" name="Pandore"/>
  <item id="1844715481" index="661" name="Génie du rire"/>
  <item id="3578296508" index="662" name="Bastetnyan"/>
  <item id="3355301714" index="663" name="Komanubis"/>
  <item id="3775444652" index="664" name="Baratina"/>
  <item id="1505022409" index="665" name="Institours"/>
  <item id="1258389031" index="666" name="Aristocorniot"/>
  <item id="2883455252" index="667" name="Mégalopaul"/>
  <item id="552254603" index="668" name="Roi Pourkoidon"/>
  <item id="823602974" index="669" name="Seigneur Enma"/>
  <item id="767433492" index="670" name="Zazel le bon"/>
  <item id="3757482302" index="671" name="Domniscian 2.0"/>
  <item id="2499968113" index="672" name="Enma l'Ancien"/>
  <item id="3801516174" index="673" name="Sgr Enma 2.0"/>
  <item id="2135011383" index="674" name="Somnoracle"/>
  <item id="656580705" index="675" name="Shivatenguerre"/>
  <item id="710173961" index="676" name="Cymbaline"/>
  <item id="2464678508" index="677" name="Gromel"/>
  <item id="2153622914" index="678" name="Vociféro"/>
  <item id="954321639" index="679" name="Glapie"/>
  <item id="2681864938" index="680" name="Affolanterne"/>
  <item id="2372906244" index="681" name="Meuhlinda"/>
  <item id="903072353" index="682" name="Hiiivon"/>
  <item id="1619188401" index="683" name="Turboss"/>
  <item id="3627990484" index="684" name="Alpinella"/>
  <item id="661022095" index="685" name="Lunatio"/>
  <item id="2588494293" index="686" name="Blizzie"/>
  <item id="1940825461" index="687" name="KJ"/>
  <item id="495621435" index="688" name="Enma solaire"/>
  <item id="255802069" index="689" name="Enma infini"/>
  <item id="3078839728" index="690" name="Enma funèbre"/>
  <item id="1279874064" index="691" name="Indiana Jaws"/>
  <item id="1593637886" index="692" name="M. Spioche"/>
  <item id="4109710197" index="693" name="Zombigoût"/>
  <item id="1763838924" index="694" name="Nyansès II"/>
  <item id="3516820649" index="695" name="Néfertyrannie"/>
  <item id="603239540" index="696" name="Cocassepied"/>
  <item id="2073535522" index="697" name="El Dragonor"/>
  <item id="3274425159" index="698" name="Phémniscian"/>
  <item id="3263271226" index="901" name="Fatracteur"/>
  <item id="4292982922" index="902" name="Supermanager"/>
  <item id="3091317338" index="903" name="Thibonimenteur"/>
  <item id="2543076356" index="904" name="Agent X"/>
  <item id="2233592810" index="905" name="Agent Rixe"/>
  <item id="1889619242" index="906" name="Minustrel"/>
  <item id="600866892" index="907" name="Méganyan"/>
  <item id="1355043874" index="908" name="Dr Jobard"/>
  <item id="922826746" index="909" name="Yo-kaiju"/>
  <item id="174136906" index="910" name="Yopple-bot"/>
  <item id="326774539" index="911" name="No-bot"/>
  <item id="1304519834" index="912" name="Dodorothée"/>
  <item id="4075936507" index="913" name="King Keskler"/>
  <item id="3482448715" index="914" name="Don Morleone"/>
  <item id="165495455" index="915" name="Don Spiration"/>
  <item id="1773829227" index="916" name="Magnustrel"/>
  <item id="1494274860" index="917" name="Volteface"/>
  <item id="1074520685" index="918" name="Voltéophyte"/>
  <item id="1685125788" index="919" name="Didgeai"/>
  <item id="2104216541" index="920" name="Didgéophyte"/>
  <item id="1289876874" index="921" name="Tornadoculaire"/>
  <item id="1030351905" index="922" name="Marm. en série"/>
  <item id="2060031729" index="923" name="Domniscian"/>
  <item id="1234451197" index="924" name="Clochemar"/>
  <item id="1316829263" index="925" name="Rôdin"/>
  <item id="2084060927" index="926" name="Gargaros"/>
  <item id="1169490490" index="927" name="Ogralos"/>
  <item id="1389237881" index="928" name="Orqanos"/>
  <item id="2364004398" index="929" name="Orqéophyte"/>
  <item id="884828975" index="930" name="Karmagister"/>
  <item id="1847075143" index="931" name="Boucanos"/>
  <item id="2405135496" index="932" name="Crocho"/>
  <item id="2990234936" index="933" name="Porcinator"/>
  <item id="3666029292" index="934" name="Tata la Terreur"/>
  <item id="3817364339" index="935" name="Firmain"/>
  <item id="3739775683" index="936" name="Maximain"/>
  <item id="2417258403" index="937" name="McKraken"/>
  <item id="1262695972" index="938" name="Komak"/>
  <item id="2280208058" index="939" name="Jiganyan"/>
  <item id="1674749872" index="940" name="Domniscian 2.0"/>
  <item id="2186891840" index="941" name="Robonyan 28"/>
  <item id="718475206" index="942" name="Garegamelle"/>
  <item id="3809351209" index="943" name="Sequestrella"/>
  <item id="4015178317" index="944" name="Shamanaconda"/>
  <item id="2013987832" index="945" name="Don Dorleone"/>
  <item id="799282871" index="946" name="Mécagolem"/>
  <item id="3153960591" index="947" name="Ténorque"/>
  <item id="2258483007" index="948" name="Morquis"/>
  <item id="2311138006" index="949" name="Hacharné"/>
  <item id="1459432318" index="950" name="Cap. Tonnerre"/>
  <item id="3631361181" index="951" name="Cap. Tonnerre"/>
  <item id="22167089" index="952" name="Roi Shogun"/>
  <item id="603505363" index="953" name="Hypertaupe"/>
  <item id="1009915777" index="954" name="Ult. Nyanmuraï"/>
</items>
