<?xml version='1.0' encoding='utf-8'?>
<items>
  <item id="2870987530" name="Blunt Sword"/>
  <item id="3692624796" name="Starling Sword"/>
  <item id="1158785574" name="Apprentice Sword"/>
  <item id="3722088875" name="Nightingale Sword"/>
  <item id="1154727953" name="Star Pupil's Sword"/>
  <item id="1136526344" name="Red Cat Blade"/>
  <item id="3669448114" name="Kitchen Knife"/>
  <item id="2866651453" name="Oni Smasher"/>
  <item id="884552862" name="Lethal Hammer"/>
  <item id="3751555058" name="Raven's Blade"/>
  <item id="1184202312" name="Master's Sword"/>
  <item id="1061799660" name="Bunny Blaster"/>
  <item id="3639733227" name="Red Cat Blade EX"/>
  <item id="2952190845" name="Chef's Knife"/>
  <item id="922716871" name="Oni Smasher (Blue)"/>
  <item id="2828738404" name="Oni Smasher (Red)"/>
  <item id="1106819665" name="Skull Hammer"/>
  <item id="3730720197" name="Peacock"/>
  <item id="1196889215" name="Sorcerer's Sword"/>
  <item id="2922688842" name="Starlight Blaster"/>
  <item id="3644031452" name="U. Oni Smasher (Bk)"/>
  <item id="1049341147" name="Sword of Solitude"/>
  <item id="2841212243" name="U. Oni Smasher (R)"/>
  <item id="926802160" name="U. Oni Smasher (Bl)"/>
  <item id="1077596262" name="Hell Hammer"/>
  <item id="3817166022" name="Captain Launcher"/>
  <item id="1233951821" name="Kingly Great Sword"/>
  <item id="2887148502" name="Blizzard Blade"/>
  <item id="846394997" name="Divine Blade"/>
  <item id="1108869882" name="Thunder Blade"/>
  <item id="3675345728" name="Doom Blade"/>
  <item id="1165346531" name="Oni Smasher (Fire)"/>
  <item id="3699152729" name="Ogre Breaker"/>
  <item id="2877007823" name="Oni Smasher (Sea)"/>
  <item id="1002748510" name="Ogre Striker"/>
  <item id="1287883464" name="Horror Hammer"/>
  <item id="738460461" name="Hammer of Despair"/>
  <item id="1526936507" name="Oni Smasher (Earth)"/>
  <item id="3255460353" name="Oni Smasher (Ult)"/>
  <item id="3037549207" name="Oni Smasher (Sky)"/>
  <item id="2170556351" name="Grenade Thunder"/>
  <item id="4133961513" name="Ultimate Beam"/>
  <item id="728352564" name="Water Dragonblade"/>
  <item id="1550776226" name="Oni Warlord Sword"/>
  <item id="3982810348" name="B Rabbit Launcher"/>
  <item id="1138387149" name="Moonbeam"/>
  <item id="3671275895" name="Moon Shadow"/>
  <item id="329493615" name="Dirty Bracelet"/>
  <item id="1688509689" name="Cheap Bracelet"/>
  <item id="4256025923" name="Worn Bangle"/>
  <item id="308397656" name="Colorful Bracelet"/>
  <item id="1701246670" name="Spotty Bracelet"/>
  <item id="4235175796" name="Striped Bracelet"/>
  <item id="2349159419" name="Killer Bracelet"/>
  <item id="2386816418" name="Go-Go Bracelet"/>
  <item id="1730168983" name="Kooky Bracelet"/>
  <item id="4264106285" name="Blue Bracelet"/>
  <item id="4182039860" name="Focus Bracelet"/>
  <item id="1615694990" name="Turnabracelet"/>
  <item id="271022081" name="Steel Handcuff"/>
  <item id="1636820665" name="Star Bracelet"/>
  <item id="1726096032" name="Bracelet of Purity"/>
  <item id="4293620506" name="Phantom Bracelet"/>
  <item id="378066479" name="Epic Turnabracelet"/>
  <item id="4169578243" name="Whisped Wristband"/>
  <item id="2251803582" name="Peerless Bracelet"/>
  <item id="300225078" name="Engraved Handcuff"/>
  <item id="2407630741" name="Hi-Tech Wristband"/>
  <item id="4046519080" name="Awoken Bracelet"/>
  <item id="346686643" name="Arctic Bracelet"/>
  <item id="2328793360" name="Legend Bracelet"/>
  <item id="4205077919" name="Neptune Band"/>
  <item id="1672295461" name="Fiend Band"/>
  <item id="4257849734" name="Terra Manacle"/>
  <item id="1690366012" name="Malicious Manacle"/>
  <item id="331858090" name="Mayhem Manacle"/>
  <item id="3820967134" name="Hurricane Bracer"/>
  <item id="2058749284" name="Demon Bracer"/>
  <item id="229717490" name="Blizzard Bracer"/>
  <item id="2205736251" name="Incandescent Arm"/>
  <item id="4102024621" name="Hypermagnetic Arm"/>
  <item id="2495112264" name="Mighty Armband"/>
  <item id="2480250961" name="Eden Bracelet"/>
  <item id="3839004871" name="Sun God Bracelet"/>
  <item id="2111553917" name="Valiant Bracelet"/>
  <item id="182252011" name="Gentle Bracelet"/>
  <item id="2590239866" name="Virtuous Bracelet"/>
  <item id="18219905" name="Sinister Stick"/>
  <item id="1980838679" name="Simple Stick"/>
  <item id="4011352749" name="Warped Wand"/>
  <item id="3921136771" name="Skull on a Stick"/>
  <item id="2010339616" name="Snazzy Stick"/>
  <item id="4007266458" name="Weird Wand"/>
  <item id="1891540281" name="Rad Rod"/>
  <item id="2662398997" name="White Dog Wand"/>
  <item id="13920694" name="Three-Head Wand"/>
  <item id="1928864608" name="Pessimistick"/>
  <item id="1972758393" name="Splendid Stick"/>
  <item id="3969693379" name="Wand of Chaos"/>
  <item id="100602870" name="Super-Rad Rod"/>
  <item id="2504003175" name="Koma's Pack"/>
  <item id="3958469338" name="White Dog Wand EX"/>
  <item id="2633384524" name="Wide-Eyed Wand"/>
  <item id="43177967" name="Triptych Stick"/>
  <item id="1951894862" name="Angelic Wand"/>
  <item id="3982417140" name="Wicked Wand"/>
  <item id="71137729" name="Swirly Pack"/>
  <item id="3929217261" name="Dame Staff"/>
  <item id="2491573328" name="Tengu Fan"/>
  <item id="55623128" name="Triple Dragon Wand"/>
  <item id="2637441147" name="Hell's Eye Wand"/>
  <item id="1933199703" name="Staff of Judgment"/>
  <item id="102738781" name="Crystal Wand"/>
  <item id="2558213886" name="Wand of Fortune"/>
  <item id="3893480049" name="Sea-Splitter Staff"/>
  <item id="1897438155" name="Staff of Ultimate Evil"/>
  <item id="4017884776" name="Triple Fever Wand"/>
  <item id="1987403730" name="Triple Trouble Wand"/>
  <item id="24276804" name="Eye of the Earth"/>
  <item id="2446160597" name="Eye of Death"/>
  <item id="3872014915" name="Holy Wind Wand"/>
  <item id="2249051046" name="Staff of Avarice"/>
  <item id="4044028720" name="Thunder God Wand"/>
  <item id="1745070730" name="Staff of Heaven"/>
  <item id="520395292" name="Creator's Wand"/>
  <item id="3922960454" name="Lunar Wand"/>
  <item id="1893396988" name="Moon God Wand"/>
  <item id="3467465842" name="Ugly Ring"/>
  <item id="1470367176" name="Rusty Ring"/>
  <item id="3114951908" name="Bone Ring"/>
  <item id="3480174149" name="Rainbow Ring"/>
  <item id="1449553919" name="Dawn Ring"/>
  <item id="1359719398" name="Ring of Insight"/>
  <item id="3093827283" name="Backbone Ring"/>
  <item id="638360432" name="Gilded Ring"/>
  <item id="3393471493" name="Ring of Knowledge"/>
  <item id="3442049052" name="Promise Ring"/>
  <item id="1411436966" name="Slumber Ring"/>
  <item id="3175314579" name="All-Seeing Ring"/>
  <item id="771516674" name="Turnaring"/>
  <item id="1397560767" name="Gleaming Ring"/>
  <item id="3123622026" name="Jawbone Ring"/>
  <item id="608838953" name="Metallic Ring"/>
  <item id="3414568498" name="Mystery Ring"/>
  <item id="3438012971" name="Wave Ring"/>
  <item id="1440922513" name="Lunar Ring"/>
  <item id="3162578596" name="Epic Turnaring"/>
  <item id="742261557" name="Peerless Ring"/>
  <item id="3152861885" name="Skull Ring"/>
  <item id="629690142" name="Goldy Ring"/>
  <item id="1385136008" name="Glitzy Ring"/>
  <item id="1530475427" name="Zazel's Ruby Ring"/>
  <item id="3198405688" name="Permafrost Ring"/>
  <item id="549935515" name="Legend Ring"/>
  <item id="1353559316" name="Wind God Ring"/>
  <item id="3383033006" name="Fiend Ring"/>
  <item id="1472227597" name="Incineration Ring"/>
  <item id="3469293751" name="Ring of Erosion"/>
  <item id="3117287457" name="Saint's Ring"/>
  <item id="695276976" name="Thunderheart"/>
  <item id="1584801062" name="Pinkheart"/>
  <item id="1051831491" name="Goldenheart"/>
  <item id="1236704341" name="Blue-Blood Ring"/>
  <item id="3502231023" name="Blood-Red Ring"/>
  <item id="2813918585" name="Diamond Ring"/>
  <item id="970746074" name="Zazel's Agate Ring"/>
  <item id="1322997836" name="Zazelmare's Ring"/>
  <item id="1400532171" name="Wooden Shield"/>
  <item id="3396550001" name="Round Shield"/>
  <item id="612195421" name="Bathhouse Bucket"/>
  <item id="3151733705" name="Trash Can Lid"/>
  <item id="1387792124" name="Iron Shield"/>
  <item id="3417397062" name="Sturdy Shield"/>
  <item id="3437007711" name="Elegant Shield"/>
  <item id="633288298" name="Pigbucket"/>
  <item id="1358870693" name="Silver Shield"/>
  <item id="3388467487" name="Alloy Shield"/>
  <item id="1469283516" name="Glitzy Shield"/>
  <item id="546589738" name="Force Shield"/>
  <item id="3114081680" name="Hogbucket"/>
  <item id="670664755" name="Fine Pigbucket"/>
  <item id="3466210566" name="Giant Cauldron Lid"/>
  <item id="1362940562" name="Paladin's Shield"/>
  <item id="3358950184" name="Tactician's Shield"/>
  <item id="559293981" name="Force Shield EX"/>
  <item id="2984852364" name="Innocent Shield"/>
  <item id="641458692" name="Gold Pigbucket"/>
  <item id="3478669105" name="Wobblewok Lid"/>
  <item id="1448154763" name="Twirly Swirler"/>
  <item id="3093264295" name="Evil Hogbucket"/>
  <item id="3337489178" name="Dark Matter Shield"/>
  <item id="594867329" name="Frost Shield"/>
  <item id="3171967266" name="Legend Shield"/>
  <item id="3447362989" name="Whirlpool Shield"/>
  <item id="1416872983" name="Shield of Resolve"/>
  <item id="3390525876" name="Blazing Pigbucket"/>
  <item id="1394475022" name="Alluring Pigbucket"/>
  <item id="605630616" name="Stone Hogbucket"/>
  <item id="3030789385" name="Lava Hogbucket"/>
  <item id="3282115999" name="Lid of Isolation"/>
  <item id="2741408890" name="Lid of Darkness"/>
  <item id="3563169004" name="Windbreaker"/>
  <item id="1298724182" name="Drain Dampener"/>
  <item id="980403648" name="Blossombrella"/>
  <item id="2752204899" name="Antigravity Shield"/>
  <item id="3540803829" name="Quantum Shield"/>
  <item id="3434676122" name="White Lunar Shield"/>
  <item id="1437707808" name="Gold Lunar Shield"/>
  <item id="3955624878" name="Patched-Up Charm"/>
  <item id="1926191636" name="Aged Charm"/>
  <item id="1952511034" name="Plain Pendant"/>
  <item id="3926155673" name="Fragrant Charm"/>
  <item id="1930244131" name="Warm Charm"/>
  <item id="3983123840" name="Spirit Charm"/>
  <item id="2634240271" name="One-Eyed Pouch"/>
  <item id="57132204" name="Sturdy Bag"/>
  <item id="1982220899" name="Courage Pendant"/>
  <item id="3896696768" name="Lucky Charm"/>
  <item id="1900777082" name="Happy Charm"/>
  <item id="4012841945" name="Charge-Up Charm"/>
  <item id="2552769359" name="Turnacharm"/>
  <item id="2672160598" name="Pink Pouch"/>
  <item id="18971381" name="Pink Bag"/>
  <item id="4008538606" name="Passion Pendant"/>
  <item id="3917526519" name="Noble Charm"/>
  <item id="1888085069" name="Pulsating Charm"/>
  <item id="2582266232" name="Epic Turnacharm"/>
  <item id="156589289" name="Clover Charm"/>
  <item id="2659681633" name="One-Eye Pouch XL"/>
  <item id="14880962" name="Hardy Bag"/>
  <item id="2011439188" name="Goddess Charm"/>
  <item id="2119330943" name="Golden Swirl Charm"/>
  <item id="2613613540" name="Thunder Charm"/>
  <item id="95159879" name="Legend Charm"/>
  <item id="1975972552" name="Volcano Charm"/>
  <item id="3973030770" name="Fiend Charm"/>
  <item id="1923823313" name="Make-Up Bag"/>
  <item id="3953289067" name="Swimming Bag"/>
  <item id="2628081661" name="Endurance Bag"/>
  <item id="203049580" name="Blizzard Bag"/>
  <item id="2065529594" name="Righteous Bag"/>
  <item id="467333919" name="Exorcist Bag"/>
  <item id="1826472841" name="Fair Wind Charm"/>
  <item id="4124348979" name="Bright Charm"/>
  <item id="2194907813" name="Guiding Charm"/>
  <item id="481769222" name="Tranquil Charm"/>
  <item id="1806698384" name="Royal Swirl Charm"/>
  <item id="2390004950" name="Grubby Belt"/>
  <item id="4185105472" name="Plain Sash"/>
  <item id="1618671098" name="Basic Belt"/>
  <item id="299002690" name="Designer Belt"/>
  <item id="4172402295" name="Flashy Sash"/>
  <item id="1639489485" name="Round-Buckle Belt"/>
  <item id="1725258708" name="Spiteful Sash"/>
  <item id="2411134689" name="Sturdy Sash"/>
  <item id="1687414157" name="Bold Belt"/>
  <item id="4210520110" name="Shinobi Sash"/>
  <item id="1677599124" name="Chic Belt"/>
  <item id="4254774327" name="Grudge Sash"/>
  <item id="2325578913" name="Ancestral Sash"/>
  <item id="328520987" name="Ceremonial Sash"/>
  <item id="2381332664" name="Glutton's Sash"/>
  <item id="4233682432" name="Fancy Belt"/>
  <item id="4214561305" name="Master Sash"/>
  <item id="1648118691" name="Victory Belt"/>
  <item id="2338320022" name="Sacred Sash"/>
  <item id="1699844026" name="Senator Sash"/>
  <item id="467727111" name="Cutie Belt"/>
  <item id="2352097935" name="Greedyguts Sash"/>
  <item id="307674924" name="Sentient Sash"/>
  <item id="1827128209" name="Golden Claws Cloth"/>
  <item id="2306685962" name="Alpine Sash"/>
  <item id="387557801" name="Legend Sash"/>
  <item id="1735613734" name="Splash Belt"/>
  <item id="4269411484" name="Ultimate Belt"/>
  <item id="1612618047" name="Blazing Sash"/>
  <item id="4179085445" name="Thunder Sash"/>
  <item id="2383476755" name="Succor Sash"/>
  <item id="514844034" name="Seismic Sash"/>
  <item id="1772672276" name="Salvation Sash"/>
  <item id="158293233" name="Serenity Sash"/>
  <item id="2120772711" name="Squall Sash"/>
  <item id="3881909725" name="Midnight Sun Sash"/>
  <item id="2422607179" name="Sovereign Sash"/>
  <item id="235051240" name="Living World Cloth"/>
  <item id="2030413950" name="Royal Claws Cloth"/>
  <item id="1104134949" name="Black Charm"/>
  <item id="3636892319" name="Rustic Amulet"/>
  <item id="2829870608" name="Broken Bell"/>
  <item id="919139251" name="Catfish Bauble"/>
  <item id="1074637074" name="Flower Charm"/>
  <item id="3640981672" name="Elegant Amulet"/>
  <item id="2842561575" name="Cat Bell"/>
  <item id="3731438769" name="Dimmy Amulet"/>
  <item id="923441540" name="Wht. Catfish Bauble"/>
  <item id="1112217419" name="Aurora Charm"/>
  <item id="3678553841" name="Intriguing Amulet"/>
  <item id="1160172370" name="Blandon Amulet"/>
  <item id="841081796" name="Turnabeads"/>
  <item id="2871571070" name="Gold Catfish Bauble"/>
  <item id="894183389" name="Big Catfish Bauble"/>
  <item id="3694101224" name="Cat's Paw Bell"/>
  <item id="1133084028" name="Violet Charm"/>
  <item id="3665833158" name="Midnight Amulet"/>
  <item id="2740753506" name="Epic Turnabeads"/>
  <item id="3562775796" name="Vampbloom Bauble"/>
  <item id="870550003" name="Nyanbelievabell"/>
  <item id="881741290" name="Pond Guard Bauble"/>
  <item id="2867517513" name="Marsh Lord Bauble"/>
  <item id="3723356383" name="Swirlious Amulet"/>
  <item id="1155840357" name="Red Paws Amulet"/>
  <item id="834755439" name="Plasma Charm"/>
  <item id="2946879180" name="Hero's Charm"/>
  <item id="3754900035" name="Mountain God Boon"/>
  <item id="1187408889" name="Annihilation Boon"/>
  <item id="3634560602" name="Fisherman Bauble"/>
  <item id="1101770720" name="Boatman Bauble"/>
  <item id="917282678" name="Invocation Bauble"/>
  <item id="2786296551" name="Glacier Bauble"/>
  <item id="3507794545" name="Underworld Bauble"/>
  <item id="2983410580" name="Evil Bauble"/>
  <item id="3335785218" name="Swirlious Bauble"/>
  <item id="1608342200" name="S. Swirlious Bauble"/>
  <item id="685402670" name="Hellhound Bauble"/>
  <item id="3065970573" name="Red Paws Bauble"/>
  <item id="3250179867" name="S. Red Paws Bauble"/>
  <item id="1487969953" name="Yo-kai Cat Bauble"/>
  <item id="3725414516" name="Moonlit Dog Bauble"/>
  <item id="1191444942" name="Moonlit Cat Bauble"/>
  <item id="941221292" name="Invader Chip"/>
</items>
