<?xml version='1.0' encoding='utf-8'?>
<items>
  <item id="1797004116" name="999 Blades"/>
  <item id="2985574129" name="A Father's Scorn"/>
  <item id="3013755707" name="A Fisher's Life (1)"/>
  <item id="2741247599" name="A Fisher's Life (2)"/>
  <item id="980242389" name="A Fisher's Life (3)"/>
  <item id="394474821" name="A Mother's Love"/>
  <item id="2573015958" name="Aaand Release"/>
  <item id="161756710" name="Abodaballad"/>
  <item id="2963023545" name="Abrupt Punch"/>
  <item id="517939813" name="Ah, Ah, Ah--"/>
  <item id="79831177" name="Air Support"/>
  <item id="184818023" name="Air of Happiness (1)"/>
  <item id="2326100189" name="Air of Happiness (2)"/>
  <item id="2841334809" name="Alien Encounter"/>
  <item id="3295043168" name="Alpha Omega"/>
  <item id="815668391" name="Ancient Zazel Shot"/>
  <item id="1116475211" name="Angry Cross Cut"/>
  <item id="2210800816" name="Arctic Abyss"/>
  <item id="3348238141" name="Attack (1)"/>
  <item id="3733536380" name="Attack (2)"/>
  <item id="4121193919" name="Attack (3)"/>
  <item id="3971964158" name="Attack (4)"/>
  <item id="2751384121" name="Attack (5)"/>
  <item id="3473029345" name="Attack (6)"/>
  <item id="1928887416" name="Attack (7)"/>
  <item id="1516726045" name="Attack (8)"/>
  <item id="2088676438" name="Attack (9)"/>
  <item id="3234788809" name="Attack Boost"/>
  <item id="4251379360" name="Awakened Hand"/>
  <item id="395379344" name="Awfully Awkward"/>
  <item id="426670742" name="Awkward Moment"/>
  <item id="679895051" name="Awkward Silence"/>
  <item id="3890501532" name="Axe Slash"/>
  <item id="1450980068" name="B3-NK1 GUN"/>
  <item id="2765707128" name="Babbleblast"/>
  <item id="453707368" name="Backache Buster"/>
  <item id="1427340886" name="Bacteria Barrage"/>
  <item id="2407780125" name="Bad Broth"/>
  <item id="420237970" name="Badger Bite"/>
  <item id="2579070664" name="Banana Splat"/>
  <item id="44981452" name="Bank Breaker"/>
  <item id="586292122" name="Barrage Carnival"/>
  <item id="3618844963" name="Barricade Block"/>
  <item id="2386671797" name="Bazooka Swing"/>
  <item id="247597759" name="Beach Wave (1)"/>
  <item id="1578081036" name="Beach Wave (2)"/>
  <item id="3530892027" name="Bear Knuckle"/>
  <item id="2170211590" name="Beat Camp"/>
  <item id="3938529094" name="Beauty Beam"/>
  <item id="885268374" name="Belfree Blues"/>
  <item id="1073427910" name="Belly Blasters (1)"/>
  <item id="3493420792" name="Belly Blasters (2)"/>
  <item id="4283121012" name="Bestacular"/>
  <item id="3654665352" name="Big Attack Boost"/>
  <item id="3935307382" name="Big Bloodsucker"/>
  <item id="3817319518" name="Big Defense Boost"/>
  <item id="2718335244" name="Big Defense Drop"/>
  <item id="2555701722" name="Big Offense Drop"/>
  <item id="4236446333" name="Big Pincers"/>
  <item id="2447998683" name="Big Speed Boost"/>
  <item id="3496498057" name="Big Speed Drop"/>
  <item id="1349654069" name="Big Wave"/>
  <item id="611089186" name="Bigmouth"/>
  <item id="2570695530" name="Blabber Belch"/>
  <item id="1969893639" name="Blabber Mouth"/>
  <item id="1298968097" name="Blades of Regret (1)"/>
  <item id="3235471778" name="Blades of Regret (2)"/>
  <item id="1199549153" name="Blades of Regret (3)"/>
  <item id="3985272922" name="Blades of Regret (4)"/>
  <item id="4263716156" name="Blank Face"/>
  <item id="4293213862" name="Blaze"/>
  <item id="1835435151" name="Blazing Belch (1)"/>
  <item id="4076998956" name="Blazing Belch (2)"/>
  <item id="463724078" name="Blazing Belch (3)"/>
  <item id="4072700699" name="Blazing Belch (4)"/>
  <item id="518834347" name="Blazing Belch (5)"/>
  <item id="1777072189" name="Blazing Belch (6)"/>
  <item id="3806571583" name="Blazing Belch (7)"/>
  <item id="2514787497" name="Blazing Belch (8)"/>
  <item id="192940298" name="Blazing Belch (9)"/>
  <item id="3886856890" name="Blazing Belch (10)"/>
  <item id="2427161132" name="Blazing Belch (11)"/>
  <item id="248455055" name="Blazing Belch (12)"/>
  <item id="3728863160" name="Blazing Belch (13)"/>
  <item id="2839994158" name="Blazing Belch (14)"/>
  <item id="924994189" name="Blazing Belch (15)"/>
  <item id="3670840074" name="Blazing Belch (16)"/>
  <item id="2915804060" name="Blazing Belch (17)"/>
  <item id="867120703" name="Blazing Belch (18)"/>
  <item id="1818309544" name="Blazing Belch (19)"/>
  <item id="459670334" name="Blazing Belch (20)"/>
  <item id="2231539357" name="Blazing Belch (21)"/>
  <item id="1839421855" name="Blazing Belch (22)"/>
  <item id="446982409" name="Blazing Belch (23)"/>
  <item id="2227240106" name="Blazing Belch (24)"/>
  <item id="3465029604" name="Blazing Belch (25)"/>
  <item id="1357689415" name="Blazing Belch (26)"/>
  <item id="3389348694" name="Blazing Belch (27)"/>
  <item id="3171052480" name="Blazing Belch (28)"/>
  <item id="3092086085" name="Blazing Belch (29)"/>
  <item id="1362024560" name="Blazing Belch (30)"/>
  <item id="724914159" name="Blazing Belch (31)"/>
  <item id="1546813305" name="Blazing Belch (32)"/>
  <item id="3260476122" name="Blazing Belch (33)"/>
  <item id="779770218" name="Blazing Belch (34)"/>
  <item id="1501391356" name="Blazing Belch (35)"/>
  <item id="3340368991" name="Blazing Belch (36)"/>
  <item id="2780287096" name="Blazing Belch (37)"/>
  <item id="3534807278" name="Blazing Belch (38)"/>
  <item id="1288992077" name="Blazing Belch (39)"/>
  <item id="2759178831" name="Blazing Belch (40)"/>
  <item id="3547499225" name="Blazing Belch (41)"/>
  <item id="1293295482" name="Blazing Belch (42)"/>
  <item id="395775080" name="Blazing Belch (43)"/>
  <item id="1620065534" name="Blazing Belch (44)"/>
  <item id="4277447005" name="Blazing Belch (45)"/>
  <item id="320499930" name="Blazing Belch (46)"/>
  <item id="1679638604" name="Blazing Belch (47)"/>
  <item id="4202288623" name="Blazing Belch (48)"/>
  <item id="958674163" name="Blazing Fist"/>
  <item id="3403289056" name="Blazing Gaze"/>
  <item id="2443393529" name="Blazing Red Capsule (1)"/>
  <item id="3869509999" name="Blazing Red Capsule (2)"/>
  <item id="2142066901" name="Blazing Red Capsule (3)"/>
  <item id="1555643389" name="Blazing Typhoon"/>
  <item id="3336941579" name="Blessed Bite"/>
  <item id="1620229055" name="Blessed Golden Bite"/>
  <item id="1706391112" name="Blitz Attack"/>
  <item id="2610334987" name="Blockbuster Beam (1)"/>
  <item id="156573683" name="Blockbuster Beam (2)"/>
  <item id="2421968457" name="Blockbuster Beam (3)"/>
  <item id="3881533151" name="Blockbuster Beam (4)"/>
  <item id="2034232188" name="Blockbuster Beam (5)"/>
  <item id="238607338" name="Blockbuster Beam (6)"/>
  <item id="2536606288" name="Blockbuster Beam (7)"/>
  <item id="296494965" name="Bloom Barrage (1)"/>
  <item id="1105288293" name="Bloom Barrage (2)"/>
  <item id="557236387" name="Blow This Joint (1)"/>
  <item id="1374721924" name="Blow This Joint (2)"/>
  <item id="492047241" name="Blue Kiss"/>
  <item id="750522644" name="Boastful Bomber"/>
  <item id="3098028497" name="Boastful Dance"/>
  <item id="2181646147" name="Bodacious Slash"/>
  <item id="3652691242" name="Body Blow (1)"/>
  <item id="2764350322" name="Body Blow (2)"/>
  <item id="2035448567" name="Body Blow (3)"/>
  <item id="3741449603" name="Body Press"/>
  <item id="574843154" name="Boing Blaster"/>
  <item id="1752389606" name="Boldakazam"/>
  <item id="2392665972" name="Bomb Blast"/>
  <item id="2542149173" name="Bomb Blitz"/>
  <item id="417553727" name="Bombardment"/>
  <item id="3595366585" name="Bombs Away"/>
  <item id="2593467551" name="Bon Appétit"/>
  <item id="2407883851" name="Boneshaker"/>
  <item id="676398177" name="Bonito Blade"/>
  <item id="471546701" name="Booby Prize"/>
  <item id="720448288" name="Boohoo Blast"/>
  <item id="3172869592" name="Bored Slice"/>
  <item id="2171878436" name="Borrowed Health"/>
  <item id="2780909793" name="Bow Wow Blaster"/>
  <item id="3878892534" name="Bowl Buster"/>
  <item id="2932586452" name="Break (1)"/>
  <item id="665151088" name="Break (2)"/>
  <item id="3976130873" name="Break a Leg (1)"/>
  <item id="1979162755" name="Break a Leg (2)"/>
  <item id="49319957" name="Break a Leg (3)"/>
  <item id="3109509109" name="Brilliant Barrage"/>
  <item id="3885257382" name="Bring it On"/>
  <item id="2716427963" name="Brutal Butt Bat"/>
  <item id="2409105386" name="Bubble Blast (1)"/>
  <item id="378623568" name="Bubble Blast (2)"/>
  <item id="2685870419" name="Bubble Trouble (1)"/>
  <item id="958296297" name="Bubble Trouble (2)"/>
  <item id="1871787744" name="Bucket Bash"/>
  <item id="2028610211" name="Bucket Bonk"/>
  <item id="3147189331" name="Bull Rush"/>
  <item id="1130519129" name="Bunny Beam"/>
  <item id="691608617" name="Burning Buster"/>
  <item id="2152533340" name="Bushy World"/>
  <item id="1951596671" name="C'mon, This Way!"/>
  <item id="2463249959" name="Callous Claw"/>
  <item id="2843848125" name="Captain Punch"/>
  <item id="2461209634" name="Carefree Hero"/>
  <item id="2704678507" name="Cat Nap (1)"/>
  <item id="1758578653" name="Cat Nap (2)"/>
  <item id="1559889358" name="Cat Slash (1)"/>
  <item id="1368213547" name="Cat Slash (2)"/>
  <item id="2337926699" name="Cat Slash (3)"/>
  <item id="485092306" name="Cat Slash (4)"/>
  <item id="406206695" name="Cataclysm"/>
  <item id="3535136953" name="Catch of the Day"/>
  <item id="248997891" name="Catfall"/>
  <item id="2549475254" name="Center Move"/>
  <item id="2887453339" name="Centur-Eye Stare"/>
  <item id="1622215173" name="Change Face"/>
  <item id="654522256" name="Channel Changer"/>
  <item id="4046349840" name="Charge Shot"/>
  <item id="1866818728" name="Charged Attack (1)"/>
  <item id="1985893865" name="Charged Attack (2)"/>
  <item id="3488692575" name="Chuck the Bucket"/>
  <item id="3585369561" name="Cicada Cut"/>
  <item id="3116243912" name="Circle Restore"/>
  <item id="3771017416" name="Circle of Sickness"/>
  <item id="3841656063" name="Cleaning Circle"/>
  <item id="2381199580" name="Cloud Control"/>
  <item id="1713730369" name="Cluster Boom"/>
  <item id="4280435232" name="Coinferno"/>
  <item id="934962013" name="Compact Break"/>
  <item id="1116504027" name="Contrary Gas"/>
  <item id="1243681919" name="Convict Kick"/>
  <item id="1538802313" name="Cool Green Capsule"/>
  <item id="1384091802" name="Counter"/>
  <item id="177726339" name="Cover"/>
  <item id="1094989890" name="Cracked Pot"/>
  <item id="406020924" name="Crackling Thunder"/>
  <item id="1881354151" name="Crank-a-kai FAIL"/>
  <item id="4047701541" name="Crank-a-kai Move"/>
  <item id="1967608077" name="Crank-a-kai SUCCESS"/>
  <item id="3888666509" name="Crash Landing (1)"/>
  <item id="2126579255" name="Crash Landing (2)"/>
  <item id="3164639686" name="Crash Landing (3)"/>
  <item id="3272305401" name="Crash Landing (4)"/>
  <item id="2917006271" name="Crash Landing (5)"/>
  <item id="2274681542" name="Crash Landing (6)"/>
  <item id="338042967" name="Crash Landing (7)"/>
  <item id="2026468375" name="Crazy Lightning"/>
  <item id="1989796358" name="Cream Puff (1)"/>
  <item id="4019237820" name="Cream Puff (2)"/>
  <item id="365711796" name="Cream Puff (3)"/>
  <item id="2361720846" name="Cream Puff (4)"/>
  <item id="4223807640" name="Cream Puff (5)"/>
  <item id="1705420091" name="Cream Puff (6)"/>
  <item id="4098846002" name="Cream Sweep (1)"/>
  <item id="3282995873" name="Cream Sweep (2)"/>
  <item id="3584446988" name="Creep 'n' Cut"/>
  <item id="2542887588" name="Creepy Superbite"/>
  <item id="4119737453" name="Croaking Prayer"/>
  <item id="2298155161" name="Crunch Time"/>
  <item id="3662597980" name="Cupid's Arrow"/>
  <item id="2302686028" name="Curse You!"/>
  <item id="2777999056" name="Curse of the Fallen"/>
  <item id="147598958" name="Cursed Blade (1)"/>
  <item id="506331161" name="Cursed Blade (2)"/>
  <item id="2980386753" name="Cursed Love"/>
  <item id="2509653710" name="Cutie Paws"/>
  <item id="1770522826" name="Dangerous Cannon"/>
  <item id="4057037261" name="Dark Bombing Rain (1)"/>
  <item id="199115950" name="Dark Bombing Rain (2)"/>
  <item id="2094625848" name="Dark Bombing Rain (3)"/>
  <item id="1568548852" name="Dark Top"/>
  <item id="4269284268" name="Dark Vulcan Gun"/>
  <item id="2005467299" name="Dark World"/>
  <item id="4194082609" name="Dash Attack"/>
  <item id="2122596019" name="Daydream"/>
  <item id="2440766251" name="Dazzling Glare"/>
  <item id="4274142799" name="Dbl. Disarmament"/>
  <item id="4204567839" name="Defense Boost"/>
  <item id="3139285069" name="Defense Drop"/>
  <item id="2080975565" name="Defensive Stance"/>
  <item id="209334871" name="Demon Drop (1)"/>
  <item id="4051402331" name="Demon Drop (2)"/>
  <item id="868425729" name="Demon Drop (3)"/>
  <item id="3665974525" name="Demon Drop (4)"/>
  <item id="149288073" name="Demon's Delight"/>
  <item id="2740653759" name="Demonic Storm"/>
  <item id="3489596286" name="Destructabeam"/>
  <item id="68823126" name="Destruction Spheres (1)"/>
  <item id="109717787" name="Destruction Spheres (2)"/>
  <item id="586109871" name="Destruction Spheres (3)"/>
  <item id="3496078750" name="Destruction Spheres (4)"/>
  <item id="2277748198" name="Destruction Spheres (5)"/>
  <item id="450472114" name="Devouring Dervish"/>
  <item id="512625493" name="Did You See Me?"/>
  <item id="3066243928" name="Dirty Trick (1)"/>
  <item id="3859725035" name="Dirty Trick (2)"/>
  <item id="3889762062" name="Disarmament"/>
  <item id="3665096672" name="Disco Inpurrno"/>
  <item id="3716900824" name="Discouragement"/>
  <item id="1536956801" name="Dismartillery"/>
  <item id="3486203809" name="Divine Strike"/>
  <item id="3036796775" name="Do Not Disturb"/>
  <item id="3333564659" name="Dodge"/>
  <item id="3672038229" name="Dog Pound"/>
  <item id="3297793689" name="Double Discourage"/>
  <item id="2561517195" name="Double Revolution (1)"/>
  <item id="3068372023" name="Double Revolution (2)"/>
  <item id="520842696" name="Double Revolution G (1)"/>
  <item id="826634100" name="Double Revolution G (2)"/>
  <item id="2211231552" name="Down Boy"/>
  <item id="11077686" name="Draggie Stone"/>
  <item id="4167966472" name="Dragon Falls"/>
  <item id="1668894108" name="Dragon Flash"/>
  <item id="3306043064" name="Dragon Rock"/>
  <item id="2206546517" name="Dragonic Burn"/>
  <item id="3357349510" name="Drain"/>
  <item id="1364791448" name="Drenched"/>
  <item id="1320251400" name="Drizzling Shower"/>
  <item id="3090169829" name="Droppin' Bombs"/>
  <item id="1617325679" name="Dumpling Dice"/>
  <item id="71572803" name="Earthshaker"/>
  <item id="3518830066" name="Eat This! (1)"/>
  <item id="3958888048" name="Eat This! (2)"/>
  <item id="1437861357" name="Eel Life"/>
  <item id="1263949105" name="Eelergetic"/>
  <item id="92054238" name="Elite Summon"/>
  <item id="871122077" name="Emergency Meeting (1)"/>
  <item id="3954846928" name="Emergency Meeting (2)"/>
  <item id="3730540948" name="Emergency Meeting (3)"/>
  <item id="1196611630" name="Emergency Meeting (4)"/>
  <item id="810936504" name="Emergency Meeting (5)"/>
  <item id="1697361187" name="Emperor Punch"/>
  <item id="3534843707" name="Emperor Rush"/>
  <item id="3743948876" name="Emperor Shot 360"/>
  <item id="2588051099" name="Emperor Shot No. 3"/>
  <item id="3833728134" name="Emperor Shot No. 9"/>
  <item id="2774819825" name="Emperor’s Playtime"/>
  <item id="1227206650" name="Employee Beam (1)"/>
  <item id="59552779" name="Employee Beam (2)"/>
  <item id="1527528796" name="Employee Beam (3)"/>
  <item id="3450270639" name="Employee Saber (1)"/>
  <item id="2830851587" name="Employee Saber (2)"/>
  <item id="1053050160" name="Empty Demon Fist"/>
  <item id="501303271" name="Empty Pockets"/>
  <item id="326899685" name="Endless Apology"/>
  <item id="1683758960" name="Enemy Aura"/>
  <item id="3544978307" name="Energetic Gulp"/>
  <item id="1497118400" name="Energy Heaven"/>
  <item id="1183116671" name="Enlightenment"/>
  <item id="522192700" name="Enma Orb"/>
  <item id="1785987868" name="Envious Hand"/>
  <item id="1070495100" name="Eternal Debt"/>
  <item id="62282581" name="Excalipurr"/>
  <item id="3927831267" name="Executive Action"/>
  <item id="254566317" name="Explosive Strike (1)"/>
  <item id="3552463117" name="Explosive Strike (2)"/>
  <item id="814432518" name="Eye Beam"/>
  <item id="858722995" name="Eye Summon (1)"/>
  <item id="1127846771" name="Eye Summon (2)"/>
  <item id="3157803653" name="Eye Summon (3)"/>
  <item id="141252053" name="Eyelusion"/>
  <item id="4014219899" name="Face Flop"/>
  <item id="1922282251" name="Fall Back Attack"/>
  <item id="1021454123" name="Farewell Blast"/>
  <item id="3719730789" name="Fear Stance"/>
  <item id="3381003669" name="Feeding Frenzy"/>
  <item id="616748332" name="Ferryman Shanty (1)"/>
  <item id="3184231574" name="Ferryman Shanty (2)"/>
  <item id="4131783524" name="Fidgeting Smack"/>
  <item id="3746698145" name="Fiend Skill"/>
  <item id="1332487214" name="Fiery Longing"/>
  <item id="3281859222" name="Finale"/>
  <item id="1026376920" name="Finale Spoiler"/>
  <item id="3875409895" name="Fire"/>
  <item id="707857166" name="Fire Move"/>
  <item id="3591130369" name="First-Aid Kit"/>
  <item id="3210561736" name="Fisherman's Fist (1)"/>
  <item id="643045746" name="Fisherman's Fist (2)"/>
  <item id="2843533688" name="Fishy Fishy Heal"/>
  <item id="2830434571" name="Flailing Tail"/>
  <item id="1559897368" name="Flaming Tail"/>
  <item id="3493306446" name="Flash of Blight"/>
  <item id="2212138747" name="Floor Explosion (1)"/>
  <item id="3493909887" name="Floor Explosion (2)"/>
  <item id="3682082027" name="Fluffy Dispel (1)"/>
  <item id="2343931224" name="Fluffy Dispel (2)"/>
  <item id="1597116945" name="Flurry of Furry"/>
  <item id="845038024" name="Flying Feathers"/>
  <item id="4146993964" name="Flying Start"/>
  <item id="4027267408" name="For Naughty Brats"/>
  <item id="1246646952" name="Forget About It"/>
  <item id="2687779341" name="Foursight"/>
  <item id="1878068769" name="Frenzied Rage"/>
  <item id="4207816777" name="Fresh Impact"/>
  <item id="1100236275" name="Frost"/>
  <item id="3992337135" name="Full Bloom"/>
  <item id="2954746507" name="Full Swing"/>
  <item id="4249643406" name="Fun Field"/>
  <item id="3676911067" name="Gangster Glare"/>
  <item id="1697908536" name="Geck Out"/>
  <item id="4182605285" name="Get Wicked"/>
  <item id="1717259146" name="Get-a-Present"/>
  <item id="784025070" name="Giga Turbocharge"/>
  <item id="2051773861" name="Give Me That! (1)"/>
  <item id="2509042713" name="Give Me That! (2)"/>
  <item id="210085283" name="Give Me That! (3)"/>
  <item id="2072155445" name="Give Me That! (4)"/>
  <item id="3857055894" name="Give Me That! (5)"/>
  <item id="2464231424" name="Give Me That! (6)"/>
  <item id="837183760" name="Gleeful Gluttony"/>
  <item id="562781723" name="Gleeruption"/>
  <item id="450278254" name="Glittering Paws"/>
  <item id="2654676751" name="Gloomy Storm"/>
  <item id="2240487044" name="Glorious Buh-Bye"/>
  <item id="4160323398" name="Go Ape"/>
  <item id="4152975511" name="Go for Broke"/>
  <item id="2003889239" name="Godly Glacier (1)"/>
  <item id="3465230271" name="Godly Glacier (2)"/>
  <item id="1647158102" name="Gold Coinferno"/>
  <item id="1648788707" name="Gold Rush"/>
  <item id="3822986883" name="Gold Thundpurr"/>
  <item id="3692961906" name="Golden Beatdown"/>
  <item id="1838948085" name="Golden Cat Nap (1)"/>
  <item id="4124976811" name="Golden Cat Nap (2)"/>
  <item id="3478763459" name="Golden Catfall"/>
  <item id="1948024433" name="Golden Dream"/>
  <item id="4057870958" name="Golden Paws of Awe"/>
  <item id="3320655044" name="Golden Spirit Crusher"/>
  <item id="341390745" name="Gorilla Straight"/>
  <item id="1461603545" name="Grab Bag"/>
  <item id="1649560369" name="Grape Buddies"/>
  <item id="3868685517" name="Gratitude Beam (1)"/>
  <item id="2141070711" name="Gratitude Beam (2)"/>
  <item id="144250337" name="Gratitude Beam (3)"/>
  <item id="2533195842" name="Gratitude Beam (4)"/>
  <item id="3791302868" name="Gratitude Beam (5)"/>
  <item id="2029248878" name="Gratitude Beam (6)"/>
  <item id="1615954933" name="Gravity Slash"/>
  <item id="1460939436" name="Grub Stealer"/>
  <item id="3420586676" name="Guard"/>
  <item id="3736997683" name="Guard Meowde"/>
  <item id="1172401292" name="Guided Squissile"/>
  <item id="280240364" name="Gutsy Cross Paw"/>
  <item id="1855526505" name="Gutsy Cut"/>
  <item id="1485796530" name="Hail"/>
  <item id="1023990135" name="Hair Raiser (1)"/>
  <item id="129396217" name="Hair Raiser (2)"/>
  <item id="2813729738" name="Halfhearted Chop"/>
  <item id="1266757979" name="Handsome Grin"/>
  <item id="458242900" name="Hardy Hook"/>
  <item id="1668889868" name="Hateful Charge"/>
  <item id="3905321916" name="Hazy Dance"/>
  <item id="416351924" name="Headbutt HEY-O!"/>
  <item id="329533060" name="Healing Circle"/>
  <item id="538407034" name="Healing Inspirit"/>
  <item id="2909999827" name="Heartmelt Love"/>
  <item id="2627405902" name="Heartstring Tug"/>
  <item id="243340378" name="Heat Wave"/>
  <item id="3230350213" name="Heavenly Hail"/>
  <item id="1913392542" name="Heavenly Heart"/>
  <item id="4260041269" name="Heavy Squall"/>
  <item id="4220131544" name="Hellish Pressure"/>
  <item id="2931500506" name="Helmsman Helm"/>
  <item id="4189711294" name="Here Golden Kitty"/>
  <item id="377192576" name="Here Kitty Kitty"/>
  <item id="3422750888" name="Hidabat Harmony"/>
  <item id="1685042970" name="Hinozall Heart &amp; Soul (1)"/>
  <item id="325617548" name="Hinozall Heart &amp; Soul (2)"/>
  <item id="1834033504" name="Hit It Big!"/>
  <item id="2059292588" name="Hog Wild"/>
  <item id="3833381052" name="Hogwash"/>
  <item id="1822311059" name="Holy Blade"/>
  <item id="1544485452" name="Holy Golden Howl"/>
  <item id="4066798557" name="Holy Howl"/>
  <item id="603723056" name="Horn Breaker"/>
  <item id="513555584" name="Horn Explosion"/>
  <item id="3754172590" name="Horn of Plenty"/>
  <item id="2702651012" name="Hot Water"/>
  <item id="2000440525" name="How Dare You!"/>
  <item id="3350075897" name="Hungry Impact"/>
  <item id="2949856658" name="I Want It All!"/>
  <item id="3217954120" name="I'll Take the Lead!"/>
  <item id="3704177688" name="I'm a Panda!"/>
  <item id="2509649502" name="Icicle Crack"/>
  <item id="2476216975" name="Icky Picky"/>
  <item id="3139633213" name="Ignorance Is Bliss"/>
  <item id="3546162262" name="Ill Appetite (1)"/>
  <item id="3468333513" name="Ill Appetite (2)"/>
  <item id="3680704193" name="Ill Appetite (3)"/>
  <item id="443623925" name="Imitate Guardian"/>
  <item id="1758735453" name="In da Funny Bone"/>
  <item id="3281293943" name="Incinerate (1)"/>
  <item id="1520288717" name="Incinerate (2)"/>
  <item id="3120401042" name="Incinerate (3)"/>
  <item id="1561620490" name="Infernal Blast (1)"/>
  <item id="1729795830" name="Infernal Blast (2)"/>
  <item id="3557652220" name="Infernal Blast (3)"/>
  <item id="1525940681" name="Infernal Pincers"/>
  <item id="3198553344" name="Inferno"/>
  <item id="4127075260" name="Infurno"/>
  <item id="860095386" name="Ink Blots (1)"/>
  <item id="1708177260" name="Ink Blots (2)"/>
  <item id="2289631796" name="Innocent World (1)"/>
  <item id="3635712903" name="Innocent World (2)"/>
  <item id="1930732377" name="Inspiration Strikes (1)"/>
  <item id="68391887" name="Inspiration Strikes (2)"/>
  <item id="3864734654" name="Insurmountable"/>
  <item id="1226056532" name="Invader Rush"/>
  <item id="3796497363" name="Invincible Stance"/>
  <item id="754913265" name="Iron Anger (1)"/>
  <item id="2976148529" name="Iron Anger (2)"/>
  <item id="3939702931" name="Iron Cloutain"/>
  <item id="2324169797" name="Iron Frost (1)"/>
  <item id="3812261349" name="Iron Frost (2)"/>
  <item id="3539547125" name="Iron Guard"/>
  <item id="698524426" name="Iron Swing (1)"/>
  <item id="2964058800" name="Iron Swing (2)"/>
  <item id="1924294437" name="Iron Swing (3)"/>
  <item id="1909332683" name="Iron Swing (4)"/>
  <item id="3493949376" name="Iron Tornado"/>
  <item id="3609360564" name="It's All Mine!"/>
  <item id="2027631442" name="Itchpocalypse"/>
  <item id="3398132003" name="Jackpot Jive (1)"/>
  <item id="3686620939" name="Jackpot Jive (2)"/>
  <item id="4154826323" name="Jailbreaker"/>
  <item id="2887417787" name="Jailhouse Jab"/>
  <item id="3953735438" name="Joyful Jig"/>
  <item id="1228089807" name="Just for You"/>
  <item id="1176634587" name="Kappa Cutter"/>
  <item id="912837239" name="Keep it Reel"/>
  <item id="1232457561" name="Keyboard Crash"/>
  <item id="2981984016" name="Kick Kat"/>
  <item id="3199998830" name="Kicking Up Hell"/>
  <item id="3081450256" name="Kiss of Life"/>
  <item id="2673033031" name="Knight's Slash (1)"/>
  <item id="1178778072" name="Knight's Slash (2)"/>
  <item id="3069106868" name="Knives Out (1)"/>
  <item id="1026072423" name="Knives Out (2)"/>
  <item id="2404259741" name="Koff Dropper"/>
  <item id="2009734726" name="Koma Kannon"/>
  <item id="3802401054" name="Kyryn's Kry"/>
  <item id="2299599484" name="Lamest Joke"/>
  <item id="4049837215" name="Laser Beam (1)"/>
  <item id="2656226410" name="Laser Beam (2)"/>
  <item id="2690752399" name="Laser Squannon"/>
  <item id="30164622" name="Launcher Charge"/>
  <item id="1375628067" name="Legendary Blade"/>
  <item id="3261598241" name="Lick 'Em Good!"/>
  <item id="3661704595" name="Lick of Life"/>
  <item id="2499685910" name="Lick of Love"/>
  <item id="559692401" name="Lickety-Lick (1)"/>
  <item id="1905372098" name="Lickety-Lick (2)"/>
  <item id="3154518593" name="Lies-er Beam"/>
  <item id="546527618" name="Life Looter"/>
  <item id="3525577675" name="Life Snag"/>
  <item id="1428154995" name="Lightning"/>
  <item id="2722496565" name="Lightning Beam"/>
  <item id="2882626391" name="Line of Fire"/>
  <item id="2040601807" name="Lion Blade"/>
  <item id="1908685463" name="Lock of Steel"/>
  <item id="641337064" name="Loud and Proud"/>
  <item id="218774966" name="Lovely Meow"/>
  <item id="719527157" name="Loving Auntie"/>
  <item id="3564832298" name="Loving Slap"/>
  <item id="2799567746" name="Lucky Smile"/>
  <item id="2281461167" name="Make You Happy"/>
  <item id="3818731622" name="Maruckus"/>
  <item id="3877366265" name="Mashmallow (1)"/>
  <item id="2339910264" name="Mashmallow (2)"/>
  <item id="50630080" name="Mashmallow (3)"/>
  <item id="1315518827" name="Master Stance"/>
  <item id="3851623607" name="Max Volume 11!"/>
  <item id="1859782796" name="Me, Me, Me"/>
  <item id="1887127221" name="Mediocre Boy's Aura"/>
  <item id="1345419328" name="Meet the Reaper"/>
  <item id="4031260597" name="Mega Moxie"/>
  <item id="1226907162" name="Mega Waterfall"/>
  <item id="56704831" name="Mega Wave (1)"/>
  <item id="1403825804" name="Mega Wave (2)"/>
  <item id="1843449768" name="Megamine"/>
  <item id="636629473" name="Melon Masher"/>
  <item id="2485734012" name="Meow Meow Blaster"/>
  <item id="3457175302" name="Meteor (1)"/>
  <item id="1236943053" name="Meteor (2)"/>
  <item id="2298686889" name="Midnight Stomp"/>
  <item id="1058858371" name="Mighty Attack"/>
  <item id="1446980609" name="Mighty Moxie"/>
  <item id="3027317708" name="Millennium of Lame"/>
  <item id="1962671849" name="Mine"/>
  <item id="911751596" name="Mini Whisp Attack (1)"/>
  <item id="3245261724" name="Mini Whisp Attack (2)"/>
  <item id="2872977639" name="Minochi Punch"/>
  <item id="3001767417" name="Mirror Guard"/>
  <item id="580128120" name="Mirror Mirror"/>
  <item id="1256794387" name="Mirror to Mirror"/>
  <item id="2522743127" name="Mochi Punch"/>
  <item id="366643021" name="Moon Slash (1)"/>
  <item id="416431253" name="Moon Slash (2)"/>
  <item id="2897553758" name="Moon Slash (3)"/>
  <item id="4161088964" name="Moon Slash (4)"/>
  <item id="488223549" name="Moon Slash (5)"/>
  <item id="1946298703" name="Morning Shower"/>
  <item id="3546123416" name="Mount Eaterest"/>
  <item id="536316934" name="Mount Munchmore"/>
  <item id="3371994809" name="Multi Boost Inspirit"/>
  <item id="2306712555" name="Multi Drop Inspirit"/>
  <item id="3031513379" name="Muncher Maelstrom (1)"/>
  <item id="3234487385" name="Muncher Maelstrom (2)"/>
  <item id="540287545" name="Mwabsorption"/>
  <item id="731460456" name="My Bad"/>
  <item id="2316803957" name="My Office, Now! (1)"/>
  <item id="1952493390" name="My Office, Now! (2)"/>
  <item id="822689653" name="My Office, Now! (3)"/>
  <item id="2818600655" name="My Office, Now! (4)"/>
  <item id="3741802073" name="My Office, Now! (5)"/>
  <item id="3304226078" name="My Office, Now! (6)"/>
  <item id="1522777177" name="Mysterious Barrier"/>
  <item id="2103328367" name="Negasus Curse"/>
  <item id="3821801814" name="Negativity Germs"/>
  <item id="3103326433" name="Never Sleep Ever"/>
  <item id="4182055333" name="Night Claw"/>
  <item id="3143638744" name="Nightmare Beat (1)"/>
  <item id="4065209846" name="Nightmare Beat (2)"/>
  <item id="1504898533" name="Nightmare Beat (3)"/>
  <item id="3586423304" name="No Thand You"/>
  <item id="1076633610" name="No Way Through"/>
  <item id="2536904991" name="Noko Smile"/>
  <item id="1649297057" name="Nom Nom Nom (1)"/>
  <item id="215265154" name="Nom Nom Nom (2)"/>
  <item id="1435296215" name="Nom Nom Nom (3)"/>
  <item id="237470098" name="Nom Nom Nom (4)"/>
  <item id="132514015" name="Nom Nom Nom (5)"/>
  <item id="1212745298" name="North Wind"/>
  <item id="879829864" name="Nosebleed Bomb"/>
  <item id="2026439815" name="Nyice ta Beatcha"/>
  <item id="431562492" name="Octo Snake"/>
  <item id="459877996" name="Octopick"/>
  <item id="1113287457" name="Octopoke"/>
  <item id="2169493659" name="Offense Drop"/>
  <item id="1180385819" name="Offensive Stance"/>
  <item id="274941062" name="Oh!"/>
  <item id="971023553" name="Oil Spill (1)"/>
  <item id="3258191775" name="Oil Spill (2)"/>
  <item id="4000354141" name="Omai Cannon"/>
  <item id="126626378" name="One of a trio"/>
  <item id="3964150863" name="Oni Bomb (1)"/>
  <item id="2614556351" name="Oni Bomb (2)"/>
  <item id="7584464" name="Oni Bomb (3)"/>
  <item id="2267754949" name="Onigiri Slash"/>
  <item id="2071308993" name="Onislaught (1)"/>
  <item id="3799841659" name="Onislaught (2)"/>
  <item id="4012375494" name="Onislaught (3)"/>
  <item id="1982770300" name="Onislaught (4)"/>
  <item id="19504362" name="Onislaught (5)"/>
  <item id="1972227684" name="Onislaughter (1)"/>
  <item id="3968114654" name="Onislaughter (2)"/>
  <item id="3997044198" name="Open Wide (1)"/>
  <item id="321669196" name="Open Wide (2)"/>
  <item id="451791105" name="Open Wide (3)"/>
  <item id="2320809054" name="Open Wide (4)"/>
  <item id="1052848030" name="Operation Ω"/>
  <item id="2850215712" name="Oscar Summon"/>
  <item id="4084229273" name="Out With a Bang"/>
  <item id="2857775279" name="Panda Smile"/>
  <item id="3978387077" name="Panjitsu"/>
  <item id="1841587895" name="Paradise"/>
  <item id="3257603268" name="Party Miracle"/>
  <item id="1773941781" name="Patience Wall"/>
  <item id="3574799970" name="Paws 'n' Claws"/>
  <item id="1470708186" name="Paws of Awe"/>
  <item id="4215426399" name="Paws of Flying"/>
  <item id="454635965" name="Paws of Fury (1)"/>
  <item id="1008099445" name="Paws of Fury (2)"/>
  <item id="1401495560" name="Paws of Rudy"/>
  <item id="1792601233" name="Pebble"/>
  <item id="2462769812" name="Perfect Circle"/>
  <item id="4015396270" name="Perfect Paws"/>
  <item id="1017199054" name="Phantom Smash"/>
  <item id="1530618426" name="Pick-a-Present"/>
  <item id="3799219427" name="Pitch Black Capsule (1)"/>
  <item id="2071604569" name="Pitch Black Capsule (2)"/>
  <item id="209526223" name="Pitch Black Capsule (3)"/>
  <item id="2451146860" name="Pitch Black Capsule (4)"/>
  <item id="2098141023" name="Pitch Bomber (1)"/>
  <item id="2119801867" name="Pitch Bomber (2)"/>
  <item id="2911723406" name="Pitch Bomber (3)"/>
  <item id="60486652" name="Pitch Bomber (4)"/>
  <item id="203504411" name="Pitch-Black Curse"/>
  <item id="3257623636" name="Platinum Guard"/>
  <item id="870733528" name="Platinum Silver Gun"/>
  <item id="1645290820" name="Pointy Toothpick"/>
  <item id="2772452049" name="Poison Inspirit"/>
  <item id="337259388" name="Pooch a' Splode"/>
  <item id="1679753621" name="Pooped Out"/>
  <item id="763507430" name="Pork Drop (1)"/>
  <item id="3029033820" name="Pork Drop (2)"/>
  <item id="1817867640" name="Possquidle End"/>
  <item id="478183076" name="Potbelly Boil!"/>
  <item id="1240097613" name="Power Attack (1)"/>
  <item id="1357992460" name="Power Attack (2)"/>
  <item id="3402206809" name="Power Blink"/>
  <item id="392124380" name="Power Nap"/>
  <item id="4194262033" name="Powerpaw"/>
  <item id="998513586" name="Prawn Punch"/>
  <item id="2357705898" name="Premium Stun Ball"/>
  <item id="1661969162" name="Prison Break"/>
  <item id="1658855193" name="Prisoner's Perk"/>
  <item id="174850351" name="Proteam"/>
  <item id="2369337286" name="Provoke"/>
  <item id="3764825000" name="Puketoplasm"/>
  <item id="1368290546" name="Puppy Paws"/>
  <item id="3526769694" name="Pure-Blue Paws"/>
  <item id="645735384" name="Purifying!"/>
  <item id="2114089961" name="Quarterback Sack"/>
  <item id="3900222942" name="Quarterback Smack"/>
  <item id="1040258703" name="Raging River"/>
  <item id="3626306940" name="Random Link"/>
  <item id="4179624274" name="Rapids"/>
  <item id="297431186" name="Rattling Gatlings"/>
  <item id="4283125220" name="Refined Guard"/>
  <item id="29429886" name="Resigned Rush"/>
  <item id="1960794102" name="Restore"/>
  <item id="1049433248" name="Rice Ball"/>
  <item id="3068329113" name="Road Rage"/>
  <item id="1139042195" name="Roaring Stance"/>
  <item id="3931818149" name="Roast Pork (1)"/>
  <item id="1934858527" name="Roast Pork (2)"/>
  <item id="3284081393" name="Robonyan Summon"/>
  <item id="3277192733" name="Rocket Punch (1)"/>
  <item id="3864773918" name="Rocket Punch (2)"/>
  <item id="3189901912" name="Rocket Wrench"/>
  <item id="1345390800" name="Roll of Fate"/>
  <item id="1933307546" name="Rolling Bones"/>
  <item id="3648997393" name="Ropin' Robbin'"/>
  <item id="553180760" name="Rubeus Roast (1)"/>
  <item id="3119615970" name="Rubeus Roast (2)"/>
  <item id="3472277364" name="Rubeus Roast (3)"/>
  <item id="1653648209" name="Rubeus Rumble"/>
  <item id="2834722686" name="Ruby Boogie"/>
  <item id="710161084" name="Sacred Golden Slash"/>
  <item id="4156746553" name="Sacred Slash"/>
  <item id="2083923495" name="Sand Stormal"/>
  <item id="3301004619" name="Sandslide"/>
  <item id="384511245" name="Sap"/>
  <item id="1287005426" name="Scary Wrinkles"/>
  <item id="1077811167" name="Schemes"/>
  <item id="371577907" name="Scritch Scratch"/>
  <item id="966920505" name="Scuba Splash"/>
  <item id="2805545753" name="Scuba Squirt"/>
  <item id="535171869" name="Seaweed Carnival"/>
  <item id="1076646042" name="Seaweed Samba"/>
  <item id="3977428625" name="Seed Nyattack"/>
  <item id="378203020" name="Self Destruct"/>
  <item id="3102422836" name="Self-Destruct (1)"/>
  <item id="1584808927" name="Self-Destruct (2)"/>
  <item id="618215244" name="Shadow Dragon"/>
  <item id="3092814631" name="Shadow Drill"/>
  <item id="2357600404" name="Shadow Speed"/>
  <item id="894786703" name="Shadow Straight"/>
  <item id="2921094753" name="Shake a Leg"/>
  <item id="4108725285" name="Sharkskin Shield"/>
  <item id="964671710" name="Shield"/>
  <item id="2063676302" name="Shiny Snowdrifts"/>
  <item id="1943099832" name="Shivering Sigh"/>
  <item id="1275386674" name="Shock"/>
  <item id="388165829" name="Shock Sphere"/>
  <item id="2229470924" name="Shock Tactic"/>
  <item id="3042752157" name="Shockwave Stomp"/>
  <item id="31967988" name="Shot No. 3"/>
  <item id="1725168548" name="Shot No. 360"/>
  <item id="2133278953" name="Shot No. 9"/>
  <item id="2149327980" name="Shoulder Crunch"/>
  <item id="644558808" name="Shoulder Lock"/>
  <item id="1942216144" name="Shudder"/>
  <item id="2384859093" name="Shura Shower"/>
  <item id="3047974890" name="Signal Shock"/>
  <item id="3506841543" name="Siphon"/>
  <item id="3910872986" name="Skeleton Smack"/>
  <item id="876669517" name="Skullduggery"/>
  <item id="1941139900" name="Slapdown"/>
  <item id="3334865329" name="Sleepy Gas"/>
  <item id="1139021571" name="Sleepy Smoke"/>
  <item id="1286677891" name="Slurrrp"/>
  <item id="3054784306" name="Smackdown"/>
  <item id="339084947" name="Smash Hit"/>
  <item id="936120608" name="Smoked Bacon (1)"/>
  <item id="2932162714" name="Smoked Bacon (2)"/>
  <item id="105073081" name="Sneezy Spike"/>
  <item id="3206115618" name="Snooze Bruiser"/>
  <item id="3715512378" name="Snow Sherbet"/>
  <item id="3113293993" name="Solar Flare"/>
  <item id="1154679466" name="Sole Quaker"/>
  <item id="772671872" name="Soothing Fortune (1)"/>
  <item id="2126747699" name="Soothing Fortune (2)"/>
  <item id="2993496264" name="Soothing Smile"/>
  <item id="4062400118" name="Soul Sucker"/>
  <item id="2759732419" name="Spacing Out"/>
  <item id="3566822306" name="Sparking Shock"/>
  <item id="2297581466" name="Speed Boost"/>
  <item id="3379782344" name="Speed Drop"/>
  <item id="241694792" name="Speedy Stance"/>
  <item id="2476651065" name="Spell Binder"/>
  <item id="716322245" name="Spider Crash"/>
  <item id="399645813" name="Spider Smash"/>
  <item id="2906106067" name="Spiral Slash (1)"/>
  <item id="3331433540" name="Spiral Slash (2)"/>
  <item id="34154359" name="Spirit Burst"/>
  <item id="1112270727" name="Spirit Crusher"/>
  <item id="421422407" name="Spirit Dance (1)"/>
  <item id="1041314959" name="Spirit Dance (2)"/>
  <item id="3523087127" name="Spirit Daze"/>
  <item id="3969786535" name="Spirit Illusion (1)"/>
  <item id="865812806" name="Spirit Illusion (2)"/>
  <item id="957104443" name="Spr. Healing Inspirit"/>
  <item id="3875295237" name="Spray Care"/>
  <item id="3372803652" name="Squalidescope"/>
  <item id="3906111766" name="Squangry Blast"/>
  <item id="2131248037" name="Squealing Boil (1)"/>
  <item id="2240360222" name="Squealing Boil (2)"/>
  <item id="3320549870" name="Squidcicles (1)"/>
  <item id="1222065332" name="Squidcicles (2)"/>
  <item id="792148216" name="Squirm"/>
  <item id="3098583872" name="Squorched Earth (1)"/>
  <item id="565834490" name="Squorched Earth (2)"/>
  <item id="1455342188" name="Squorched Earth (3)"/>
  <item id="3369752527" name="Squorched Earth (4)"/>
  <item id="3218958169" name="Squorched Earth (5)"/>
  <item id="651441891" name="Squorched Earth (6)"/>
  <item id="3089523601" name="Squorcher"/>
  <item id="3670618938" name="Standing Ovation"/>
  <item id="2182836374" name="Stare Down"/>
  <item id="1907631430" name="Starry Bright"/>
  <item id="2989375021" name="Sting Bomb"/>
  <item id="826348203" name="Stingy Curse"/>
  <item id="795218376" name="Stinky Smog"/>
  <item id="3037404241" name="Stirring Broth"/>
  <item id="3678077454" name="Stonewall Drop"/>
  <item id="2139843560" name="Straight Zazel Bullet"/>
  <item id="3497170721" name="Strawberry Roar"/>
  <item id="992174089" name="Stretchy Slap"/>
  <item id="3838085871" name="String of Punches"/>
  <item id="1597137537" name="Stubble Barrier"/>
  <item id="4089646681" name="Stygian Slingshot"/>
  <item id="870399466" name="Subzero"/>
  <item id="4217600958" name="Sucking Void"/>
  <item id="366299279" name="Sucksorcism"/>
  <item id="3306047016" name="Sulky Soul"/>
  <item id="3945321661" name="Summon"/>
  <item id="2989342463" name="Summon Komane"/>
  <item id="1828481687" name="Super Gloomy Story"/>
  <item id="303304621" name="Super Horn Crash"/>
  <item id="3160109968" name="Super Poison Inspirit"/>
  <item id="3466799081" name="Superbite Twin"/>
  <item id="504566515" name="Superturbocharge! (1)"/>
  <item id="3827052432" name="Superturbocharge! (2)"/>
  <item id="2468028166" name="Superturbocharge! (3)"/>
  <item id="3051124795" name="Supreme Enma Blast"/>
  <item id="299645092" name="Sushiyama Strike"/>
  <item id="944516283" name="Suspicious Eyes"/>
  <item id="3604687211" name="Sweaty Wall"/>
  <item id="500681559" name="Sweep 'n' Reap"/>
  <item id="1563772651" name="Swirly Nyanball"/>
  <item id="2358515521" name="Table Flip"/>
  <item id="1962056633" name="Taildriver"/>
  <item id="2211760043" name="Tangled Web"/>
  <item id="2649952262" name="Tank 'n' Spank"/>
  <item id="2407143705" name="Tatapult"/>
  <item id="1843191073" name="Tattleaxe"/>
  <item id="4164362914" name="Tattlehammer"/>
  <item id="2033600285" name="Tattlespank (1)"/>
  <item id="2167270637" name="Tattlespank (2)"/>
  <item id="343117738" name="Tattlewhack (1)"/>
  <item id="3251552992" name="Tattlewhack (2)"/>
  <item id="86770955" name="Temper Tantrum"/>
  <item id="769602409" name="Tendrill"/>
  <item id="2510951981" name="Tentackle"/>
  <item id="3828113557" name="Thand You"/>
  <item id="1737762937" name="The Guillotine"/>
  <item id="2769695883" name="The Hose"/>
  <item id="1169890018" name="Think Evil"/>
  <item id="2639555517" name="Third Eye"/>
  <item id="3178117641" name="Thorny Thwacks"/>
  <item id="3112382332" name="Thunderstruck"/>
  <item id="2721257207" name="Ticket to Hades"/>
  <item id="1319323613" name="Tidal Guard"/>
  <item id="1829912453" name="Tidal Wave"/>
  <item id="2877109762" name="Tiger Meow"/>
  <item id="3456392274" name="Timid Boo"/>
  <item id="3084594369" name="Toadal Waterfall"/>
  <item id="3755349883" name="Toasted Slash"/>
  <item id="333147230" name="Ton o' Thunder"/>
  <item id="1408843737" name="Toothpick Rainfall"/>
  <item id="1100176424" name="Top-Secret Orders!"/>
  <item id="601928762" name="Tornado"/>
  <item id="3761975315" name="Torrent"/>
  <item id="3211357939" name="Torrent Slash"/>
  <item id="1172976594" name="Tossabout"/>
  <item id="1942187629" name="Total Collapse"/>
  <item id="302397560" name="Toxic Gas"/>
  <item id="2735121536" name="Trap"/>
  <item id="4098542660" name="Tread the Boards"/>
  <item id="3408276180" name="Trembling Smack"/>
  <item id="1373003745" name="Triple Attack (1)"/>
  <item id="1221422752" name="Triple Attack (2)"/>
  <item id="1675640163" name="Triple Attack (3)"/>
  <item id="2063272994" name="Triple Attack (4)"/>
  <item id="901421797" name="Triple Attack (5)"/>
  <item id="3511371641" name="Triple Trouble (1)"/>
  <item id="2357772852" name="Triple Trouble (2)"/>
  <item id="2483339372" name="Triple Trouble (3)"/>
  <item id="2844981557" name="Triple Trouble (4)"/>
  <item id="2118742928" name="Troubled Waters"/>
  <item id="1290210754" name="Tuckered Out"/>
  <item id="1987909428" name="Turbo Tendrill"/>
  <item id="1059721250" name="Twist 'n' Tangle (1)"/>
  <item id="1877442961" name="Twist 'n' Tangle (2)"/>
  <item id="2417179491" name="Twisted Love"/>
  <item id="1641615949" name="Typhoon Fan"/>
  <item id="2568881523" name="Uh, Er... Hold On"/>
  <item id="543459743" name="Ultra Forcefield"/>
  <item id="3026387993" name="Ultra Sumo Stomp"/>
  <item id="847848866" name="Umbrella Gust (1)"/>
  <item id="1648669713" name="Umbrella Gust (2)"/>
  <item id="1306410170" name="Umbrellicade"/>
  <item id="3617654518" name="Undying Drain"/>
  <item id="908537394" name="Unfairy Dust"/>
  <item id="4052173894" name="Unkeen Krack"/>
  <item id="131019951" name="Unkind Kiss"/>
  <item id="1475366898" name="Unpleasant Kurse"/>
  <item id="2713206555" name="Untidy Keeper"/>
  <item id="2241407313" name="Unwaking Dream"/>
  <item id="3963181340" name="Upward Tornado (1)"/>
  <item id="3170158767" name="Upward Tornado (2)"/>
  <item id="4203556524" name="Vacuucism"/>
  <item id="2725251090" name="Vagabond Blade"/>
  <item id="720658487" name="Vain Cane"/>
  <item id="3900884221" name="Vanishing Act"/>
  <item id="1385244561" name="Vengeance"/>
  <item id="303333181" name="Venoconda"/>
  <item id="2192456952" name="Venomous Feint"/>
  <item id="3981676097" name="Vicious Circle"/>
  <item id="1082874801" name="Victoryyyyyyyy!"/>
  <item id="412227665" name="Vitameow C"/>
  <item id="2522771911" name="Wandering World"/>
  <item id="3054881644" name="War Paint"/>
  <item id="1481911944" name="Warts and All"/>
  <item id="1665837322" name="Warty Wallop (1)"/>
  <item id="980177405" name="Warty Wallop (2)"/>
  <item id="275325661" name="Warty Wallop (3)"/>
  <item id="1775908422" name="Water Beam"/>
  <item id="970554680" name="Waterfall (1)"/>
  <item id="3336972501" name="Waterfall (2)"/>
  <item id="1779671472" name="Waterfall (3)"/>
  <item id="2540788387" name="Waterfall (4)"/>
  <item id="463426096" name="Waterfall (5)"/>
  <item id="1140595683" name="Waterfall Slash"/>
  <item id="2604338908" name="What Will It Be? (1)"/>
  <item id="3376454404" name="What Will It Be? (2)"/>
  <item id="724397286" name="What Will It Be? (3)"/>
  <item id="2577368929" name="What Will It Be? (4)"/>
  <item id="3412407345" name="Whining Wail"/>
  <item id="989562235" name="Whirlwind"/>
  <item id="2650857215" name="Whisped Fist (1)"/>
  <item id="1622720939" name="Whisped Fist (2)"/>
  <item id="487725099" name="Whisped Twist"/>
  <item id="971197530" name="Wide Thunder Beam"/>
  <item id="988546042" name="Wiggling Wave"/>
  <item id="612257015" name="Wild Zaps (1)"/>
  <item id="57744703" name="Wild Zaps (2)"/>
  <item id="2984642852" name="Wind Run"/>
  <item id="388091184" name="Wobblewhack"/>
  <item id="4057594259" name="Wobblewhomp"/>
  <item id="1966807095" name="Worn Out"/>
  <item id="2252548493" name="Wuwuzzat?"/>
  <item id="807996131" name="Yawnehameha"/>
  <item id="222896979" name="Yawnehameha X"/>
  <item id="3366781752" name="Yes We Pelican!"/>
  <item id="216099614" name="Yo-kai Appears"/>
  <item id="106571024" name="Yo-kai Summon (1)"/>
  <item id="1767001389" name="Yo-kai Summon (2)"/>
  <item id="4032502935" name="Yo-kai Summon (3)"/>
  <item id="2270964737" name="Yo-kai Summon (4)"/>
  <item id="2263110198" name="You've Lost Me"/>
  <item id="3224125502" name="Zany Zone"/>
  <item id="3122501057" name="Zaptrap"/>
  <item id="1890329311" name="Zattack"/>
  <item id="196392928" name="Zazel Blast Drop"/>
  <item id="1474447260" name="Zazel Mystery Leap"/>
  <item id="3969907068" name="Zazel Nail (1)"/>
  <item id="3653790684" name="Zazel Nail (2)"/>
  <item id="1153419231" name="Zazel Tentacle Whip"/>
  <item id="3446345952" name="Zerberker Slash"/>
  <item id="3748752576" name="☆Prism Parasol"/>
  <item id="3792782704" name="☆Radiant Rain"/>
  <item id="1180768830" name="☆Shiny Chaos"/>
  <item id="2030462836" name="☆Stylish Stab"/>
</items>
