<?xml version='1.0' encoding='utf-8'?>
<items>
  <item id="2046011958" index="1" name="Pandle"/>
  <item id="1799751128" index="2" name="Undy"/>
  <item id="1918710937" index="3" name="Tanbo"/>
  <item id="3827602063" index="4" name="Cutta-nah"/>
  <item id="1553528298" index="5" name="Cutta-nah-nah"/>
  <item id="1166263467" index="6" name="Slacka-slash"/>
  <item id="2859601318" index="7" name="Brushido"/>
  <item id="2104724135" index="8" name="Washogun"/>
  <item id="3100090952" index="9" name="Lie-in"/>
  <item id="2992314685" index="10" name="Lie-in Heart"/>
  <item id="315517635" index="11" name="Hissfit"/>
  <item id="1643699290" index="12" name="Zerberker"/>
  <item id="2028203291" index="13" name="Snartle"/>
  <item id="4136713569" index="14" name="Mochismo"/>
  <item id="4018801696" index="15" name="Minochi"/>
  <item id="933573919" index="16" name="Tublappa"/>
  <item id="2201481998" index="17" name="Slumberhog"/>
  <item id="518048695" index="18" name="Snortlehog"/>
  <item id="206922841" index="19" name="Samureel"/>
  <item id="1412854799" index="20" name="Time Keeler"/>
  <item id="2400801402" index="21" name="Slicenrice"/>
  <item id="182943320" index="22" name="Flamurice"/>
  <item id="1150518150" index="23" name="Helmsman"/>
  <item id="1445342312" index="24" name="Reuknight"/>
  <item id="1329405225" index="25" name="Corptain"/>
  <item id="2645360020" index="26" name="Mudmunch"/>
  <item id="3318738370" index="27" name="Sgt. Burly"/>
  <item id="4003089165" index="28" name="Blazion"/>
  <item id="4152457804" index="29" name="Quaken"/>
  <item id="3702270351" index="30" name="Siro"/>
  <item id="83617212" index="31" name="Chansin"/>
  <item id="3158803161" index="32" name="Sheen"/>
  <item id="4230997219" index="33" name="Snee"/>
  <item id="2774315928" index="34" name="Gleam"/>
  <item id="3645160255" index="35" name="Benkei"/>
  <item id="3227486846" index="36" name="B3-NK1"/>
  <item id="3406132351" index="37" name="Moximous N"/>
  <item id="1941508890" index="38" name="Moximous K"/>
  <item id="621845233" index="39" name="Hovernyan"/>
  <item id="3838898721" index="40" name="Machonyan"/>
  <item id="294016696" index="41" name="Sushiyama"/>
  <item id="144533497" index="42" name="Kapunki"/>
  <item id="1934455732" index="43" name="Beetler"/>
  <item id="3421574353" index="44" name="Beetall"/>
  <item id="3538560400" index="45" name="Cruncha"/>
  <item id="408080822" index="46" name="Demuncher"/>
  <item id="21618935" index="47" name="Devourer"/>
  <item id="3079793018" index="48" name="Illuminoct"/>
  <item id="2699998931" index="49" name="Brokenbrella"/>
  <item id="4067932905" index="50" name="Pittapatt"/>
  <item id="966511628" index="51" name="Snotsolong"/>
  <item id="545324365" index="52" name="Duchoo"/>
  <item id="3556401853" index="53" name="D'wanna"/>
  <item id="1311595012" index="54" name="N'more"/>
  <item id="1463184197" index="55" name="Q'wit"/>
  <item id="3146751539" index="56" name="Wazzat"/>
  <item id="2012164562" index="57" name="Houzzat"/>
  <item id="2727653234" index="58" name="Dummkap"/>
  <item id="1431073508" index="59" name="Faysoff"/>
  <item id="1456622790" index="60" name="Snottle"/>
  <item id="53737814" index="61" name="Lafalotta"/>
  <item id="438880279" index="62" name="Blips"/>
  <item id="2354146817" index="63" name="Tattletell"/>
  <item id="2665791983" index="64" name="Tattlecast"/>
  <item id="2504679232" index="65" name="Skranny"/>
  <item id="2839163357" index="66" name="Cupistol"/>
  <item id="887949668" index="67" name="Casanuva"/>
  <item id="771110949" index="68" name="Casanono"/>
  <item id="2240145679" index="69" name="So-Sorree"/>
  <item id="931616744" index="70" name="Bowminos"/>
  <item id="1027182186" index="71" name="Smogling"/>
  <item id="3478345399" index="72" name="Smogmella"/>
  <item id="2117842652" index="73" name="Signibble"/>
  <item id="3330789817" index="74" name="Signiton"/>
  <item id="3751600376" index="75" name="Statiking"/>
  <item id="2403020941" index="76" name="Master Oden"/>
  <item id="797712772" index="77" name="Failian"/>
  <item id="3250302461" index="78" name="Apelican"/>
  <item id="2263857027" index="79" name="Mirapo"/>
  <item id="624097286" index="80" name="Miradox"/>
  <item id="2683602626" index="81" name="Mircle"/>
  <item id="1045680358" index="82" name="Illoo"/>
  <item id="659087783" index="83" name="Elloo"/>
  <item id="207991396" index="84" name="Alloo"/>
  <item id="2166860649" index="85" name="Espy"/>
  <item id="2554108456" index="86" name="Infour"/>
  <item id="4133838287" index="87" name="Verygoodsir"/>
  <item id="1801742127" index="88" name="Tengu"/>
  <item id="1920947822" index="89" name="Flengu"/>
  <item id="160243924" index="90" name="Kyubi"/>
  <item id="278270357" index="91" name="Frostail"/>
  <item id="2643369827" index="92" name="Chymera"/>
  <item id="2224401954" index="93" name="Kingmera"/>
  <item id="5875674" index="94" name="Terrorpotta"/>
  <item id="2972796849" index="95" name="Dulluma"/>
  <item id="2743396447" index="96" name="Darumacho"/>
  <item id="3131037982" index="97" name="Goruma"/>
  <item id="3102064831" index="98" name="Wotchagot"/>
  <item id="3365620317" index="99" name="Pride Shrimp"/>
  <item id="1250891874" index="100" name="No-Go Kart"/>
  <item id="1881615672" index="101" name="Mistank"/>
  <item id="886008723" index="102" name="Noway"/>
  <item id="2356350198" index="103" name="Impass"/>
  <item id="2506636727" index="104" name="Walldin"/>
  <item id="2352466200" index="105" name="Roughraff"/>
  <item id="3428822818" index="106" name="Badude"/>
  <item id="4268346784" index="107" name="Bruff"/>
  <item id="645579901" index="108" name="Armsman"/>
  <item id="2536523489" index="109" name="Mimikin"/>
  <item id="2663818008" index="110" name="Blowkade"/>
  <item id="2279445081" index="111" name="Ledballoon"/>
  <item id="3193428670" index="112" name="Sumodon"/>
  <item id="595649031" index="113" name="Yokozudon"/>
  <item id="2604434786" index="114" name="Whateverest"/>
  <item id="2307467916" index="115" name="Whatuption"/>
  <item id="3245191076" index="116" name="Fidgephant"/>
  <item id="3631652581" index="117" name="Touphant"/>
  <item id="4282759791" index="118" name="Enduriphant"/>
  <item id="317458484" index="119" name="Zappary"/>
  <item id="1207557386" index="120" name="Frazzel"/>
  <item id="2857398097" index="121" name="Swelton"/>
  <item id="3148741828" index="122" name="Mad Mountain"/>
  <item id="2729889157" index="123" name="Lava Lord"/>
  <item id="2953011819" index="124" name="Castelius III"/>
  <item id="2603495848" index="125" name="Castelius II"/>
  <item id="2836943658" index="126" name="Castelius I"/>
  <item id="2184511721" index="127" name="Castelius Max"/>
  <item id="51485601" index="128" name="Rhinoggin"/>
  <item id="295973967" index="129" name="Rhinormous"/>
  <item id="146736398" index="130" name="Hornaplenty"/>
  <item id="1047638545" index="131" name="Robonyan"/>
  <item id="661291856" index="132" name="Goldenyan"/>
  <item id="1322859178" index="133" name="Robonyan F"/>
  <item id="4051387260" index="134" name="Dromp"/>
  <item id="3898634813" index="135" name="Swosh"/>
  <item id="3991934337" index="136" name="Toadal Dude"/>
  <item id="4109051072" index="137" name="Uber Geeko"/>
  <item id="63412728" index="138" name="Gargaros"/>
  <item id="3145465501" index="139" name="Ogralus"/>
  <item id="2848870771" index="140" name="Orcanos"/>
  <item id="3046311383" index="141" name="Leggly"/>
  <item id="1130078060" index="142" name="Dazzabel"/>
  <item id="4226283529" index="143" name="Rattelle"/>
  <item id="3808217416" index="144" name="Skelebella"/>
  <item id="1237787673" index="145" name="Cadin"/>
  <item id="162480675" index="146" name="Cadable"/>
  <item id="280261474" index="147" name="Singcada"/>
  <item id="3825660024" index="148" name="Pupsicle"/>
  <item id="1555732253" index="149" name="Chilhuahua"/>
  <item id="1168221788" index="150" name="Swelterrier"/>
  <item id="1609739110" index="151" name="Jumbelina"/>
  <item id="221209266" index="152" name="Boyclops"/>
  <item id="2745600680" index="153" name="Jibanyan"/>
  <item id="2893525287" index="154" name="Jibanyan S"/>
  <item id="3127622064" index="155" name="Oranyan"/>
  <item id="2437343859" index="156" name="Kiwinyan"/>
  <item id="2287852338" index="157" name="Grapenyan"/>
  <item id="3340520949" index="158" name="Strawbnyan"/>
  <item id="3725032628" index="159" name="Watermelnyan"/>
  <item id="2742061297" index="160" name="Melonyan"/>
  <item id="903818430" index="161" name="Sapphinyan"/>
  <item id="519208829" index="162" name="Emenyan"/>
  <item id="132730428" index="163" name="Rubinyan"/>
  <item id="1219025147" index="164" name="Topanyan"/>
  <item id="751050239" index="165" name="Dianyan"/>
  <item id="454749645" index="166" name="Thornyan"/>
  <item id="2261636468" index="167" name="Baddinyan"/>
  <item id="1806853494" index="168" name="Buchinyan"/>
  <item id="1550619972" index="169" name="Sailornyan"/>
  <item id="1147659048" index="170" name="Wondernyan"/>
  <item id="68125970" index="171" name="Jetnyan"/>
  <item id="610966554" index="172" name="Rudy"/>
  <item id="2791091410" index="173" name="Panja Pupil"/>
  <item id="3035169596" index="174" name="Panja Pro"/>
  <item id="2490923674" index="175" name="Walkappa"/>
  <item id="3424348876" index="176" name="Appak"/>
  <item id="3573570445" index="177" name="Supyo"/>
  <item id="2249971501" index="178" name="Robokapp"/>
  <item id="1957105065" index="179" name="Komasan"/>
  <item id="1309620467" index="180" name="Komane"/>
  <item id="2071344678" index="181" name="Komasan S"/>
  <item id="1841052904" index="182" name="Komajiro"/>
  <item id="2084133489" index="183" name="Komiger"/>
  <item id="1651312487" index="184" name="Komajiro S"/>
  <item id="2494462147" index="185" name="Robokoma"/>
  <item id="3165905527" index="186" name="Jibakoma"/>
  <item id="643344010" index="187" name="Baku"/>
  <item id="3880700931" index="188" name="Bakulia"/>
  <item id="1061394379" index="189" name="Whapir"/>
  <item id="1296499848" index="190" name="Drizzelda"/>
  <item id="4126893037" index="191" name="Nekidspeed"/>
  <item id="1152508273" index="192" name="Shmoopie"/>
  <item id="1443122847" index="193" name="Pinkipoo"/>
  <item id="1327464414" index="194" name="Pookivil"/>
  <item id="1048957631" index="195" name="Harry Barry"/>
  <item id="753303304" index="196" name="Frostina"/>
  <item id="2488932461" index="197" name="Blizzaria"/>
  <item id="2588494293" index="197" name="Blizzie"/>
  <item id="2369857836" index="198" name="Damona"/>
  <item id="2056910010" index="199" name="Faux Kappa"/>
  <item id="1669514747" index="200" name="Tigappa"/>
  <item id="3257242591" index="201" name="Master Nyada"/>
  <item id="3989993334" index="202" name="Wantston"/>
  <item id="4106831415" index="203" name="Grubsnitch"/>
  <item id="4228744724" index="204" name="Wiglin"/>
  <item id="1696488402" index="205" name="Kelpacabana"/>
  <item id="3843471189" index="206" name="Steppa"/>
  <item id="3460031638" index="207" name="Rhyth"/>
  <item id="3554148426" index="208" name="Hungramps"/>
  <item id="2344292380" index="209" name="Hungorge"/>
  <item id="3401789707" index="210" name="Grainpa"/>
  <item id="739385254" index="211" name="Robogramps"/>
  <item id="3499113521" index="212" name="Tongus"/>
  <item id="4173947755" index="213" name="Nurse Tongus"/>
  <item id="810502914" index="214" name="Sandmeh"/>
  <item id="1081410574" index="215" name="Mr. Sandmeh"/>
  <item id="1747737428" index="216" name="Pallysol"/>
  <item id="1388358624" index="217" name="Scarasol"/>
  <item id="825576937" index="218" name="Happycane"/>
  <item id="1767267775" index="219" name="Starrycane"/>
  <item id="1879396303" index="220" name="Lodo"/>
  <item id="2988432595" index="221" name="Supoor Hero"/>
  <item id="1763606158" index="222" name="Chippa"/>
  <item id="3474428761" index="223" name="Gnomey"/>
  <item id="3934047365" index="224" name="High Gnomey"/>
  <item id="3647396296" index="225" name="Enerfly"/>
  <item id="3229477001" index="226" name="Enefly"/>
  <item id="1641725613" index="227" name="Betterfly"/>
  <item id="2025951212" index="228" name="Peppillon"/>
  <item id="2007757884" index="229" name="Predictabull"/>
  <item id="178502582" index="230" name="Smashibull"/>
  <item id="3718397111" index="231" name="Ray O'Light"/>
  <item id="4005046778" index="232" name="Happierre"/>
  <item id="3067820460" index="233" name="Reversa"/>
  <item id="2948597997" index="234" name="Reversette"/>
  <item id="241655497" index="235" name="Ol' Saint Trick"/>
  <item id="394030984" index="236" name="Ol' Fortune"/>
  <item id="2043791553" index="237" name="Rollen"/>
  <item id="1623914880" index="238" name="Dubbles"/>
  <item id="1233379831" index="239" name="Papa Bolt"/>
  <item id="1352192182" index="240" name="Uncle Infinite"/>
  <item id="4047472274" index="241" name="Mama Aura"/>
  <item id="3894720467" index="242" name="Auntie Heart"/>
  <item id="1254874508" index="243" name="Kyryn"/>
  <item id="1406201037" index="244" name="Unikirin"/>
  <item id="3562330446" index="245" name="Leadoni"/>
  <item id="3444566031" index="246" name="Mynimo"/>
  <item id="1530285593" index="247" name="Ake"/>
  <item id="3817482620" index="248" name="Payn"/>
  <item id="4203812925" index="249" name="Agon"/>
  <item id="3770815751" index="250" name="Wydeawake"/>
  <item id="876284733" index="251" name="Allnyta"/>
  <item id="3316206299" index="252" name="Herbiboy"/>
  <item id="3660506547" index="253" name="Carniboy"/>
  <item id="2120028613" index="254" name="Negatibuzz"/>
  <item id="3336664736" index="255" name="Moskevil"/>
  <item id="3757721569" index="256" name="Scritchy"/>
  <item id="1367906203" index="257" name="Dimmy"/>
  <item id="166430669" index="258" name="Blandon"/>
  <item id="284210828" index="259" name="Nul"/>
  <item id="3658254148" index="260" name="Suspicioni"/>
  <item id="3273111045" index="261" name="Tantroni"/>
  <item id="3896174022" index="262" name="Contrarioni"/>
  <item id="691944325" index="263" name="Grumpus Khan"/>
  <item id="999003243" index="264" name="Groupus Khan"/>
  <item id="1433276435" index="265" name="Hidabat"/>
  <item id="3367577770" index="266" name="Abodabat"/>
  <item id="3517061611" index="267" name="Belfree"/>
  <item id="1484681826" index="268" name="Yoink"/>
  <item id="4063461127" index="269" name="Gimme"/>
  <item id="2098539966" index="270" name="K'mon-K'mon"/>
  <item id="1872790096" index="271" name="Yoodooit"/>
  <item id="3608995125" index="272" name="Count Zapaway"/>
  <item id="2030553752" index="273" name="Tyrat"/>
  <item id="1655758881" index="274" name="Tengloom"/>
  <item id="2074857824" index="275" name="Nird"/>
  <item id="935563782" index="276" name="Snobetty"/>
  <item id="2407527779" index="277" name="Slimamander"/>
  <item id="2357685336" index="278" name="Dracunyan"/>
  <item id="3390690701" index="279" name="Usapyon"/>
  <item id="3540182220" index="280" name="Usapyon"/>
  <item id="4163876623" index="281" name="Usapyon"/>
  <item id="3778315854" index="282" name="Usapyon"/>
  <item id="2926907529" index="283" name="Usapyon"/>
  <item id="1961084999" index="284" name="Negasus"/>
  <item id="1845033222" index="285" name="Neighfarious"/>
  <item id="2188351250" index="286" name="Timidevil"/>
  <item id="986968183" index="287" name="Beelzebold"/>
  <item id="600359222" index="288" name="Count Cavity"/>
  <item id="1653768918" index="289" name="Eyesoar"/>
  <item id="2072621975" index="290" name="Eyellure"/>
  <item id="2059114061" index="291" name="Greesel"/>
  <item id="1671472908" index="292" name="Awevil"/>
  <item id="646882515" index="293" name="Wobblewok"/>
  <item id="1002127958" index="294" name="Darkyubi"/>
  <item id="456691514" index="295" name="Coughkoff"/>
  <item id="35896955" index="296" name="Hurchin"/>
  <item id="2975326376" index="297" name="Droplette"/>
  <item id="1205583869" index="298" name="Drizzle"/>
  <item id="2823606761" index="299" name="Slush"/>
  <item id="1589677756" index="300" name="Alhail"/>
  <item id="2204205610" index="301" name="Gush"/>
  <item id="1827192363" index="302" name="Peckpocket"/>
  <item id="1228096695" index="303" name="Robbinyu"/>
  <item id="1978896234" index="304" name="Rockabelly"/>
  <item id="741375313" index="305" name="Squeeky"/>
  <item id="2984723944" index="306" name="Rawry"/>
  <item id="2970821958" index="307" name="Buhu"/>
  <item id="2819101703" index="308" name="Flumpy"/>
  <item id="2200258500" index="309" name="Skreek"/>
  <item id="856127353" index="310" name="Manjimutt"/>
  <item id="1936658755" index="311" name="Multimutt"/>
  <item id="1785995266" index="312" name="Sir Berus"/>
  <item id="2982487839" index="313" name="Robomutt"/>
  <item id="2654127030" index="314" name="Furgus"/>
  <item id="156967565" index="315" name="Furdinand"/>
  <item id="65403663" index="316" name="Nosirs"/>
  <item id="4284995736" index="317" name="Dismarelda"/>
  <item id="881569405" index="318" name="Chatalie"/>
  <item id="764452668" index="319" name="Nagatha"/>
  <item id="341709365" index="320" name="Danke Sand"/>
  <item id="116112859" index="321" name="No Sandkyu"/>
  <item id="3143212138" index="322" name="Papa Windbag"/>
  <item id="290477281" index="323" name="Ben Tover"/>
  <item id="1128085621" index="324" name="Cheeksqueek"/>
  <item id="1512442164" index="325" name="Cuttincheez"/>
  <item id="2850829188" index="326" name="Toiletta"/>
  <item id="468618595" index="327" name="Foiletta"/>
  <item id="4052689874" index="328" name="Sproink"/>
  <item id="4219559696" index="329" name="Compunzer"/>
  <item id="3801771601" index="330" name="Lamedian"/>
  <item id="1716938665" index="331" name="Grumples"/>
  <item id="3739877580" index="332" name="Everfore"/>
  <item id="3354472845" index="333" name="Eterna"/>
  <item id="3540910611" index="334" name="Darknyan"/>
  <item id="3912560894" index="335" name="Insomni"/>
  <item id="4029661631" index="336" name="Sandi"/>
  <item id="2740120070" index="337" name="Arachnus"/>
  <item id="3125402439" index="338" name="Arachnia"/>
  <item id="2251929050" index="339" name="Cricky"/>
  <item id="3255300392" index="340" name="Noko"/>
  <item id="3501350598" index="341" name="Bloominoko"/>
  <item id="3676094569" index="342" name="Pandanoko"/>
  <item id="158941306" index="343" name="Robonoko"/>
  <item id="2492209716" index="344" name="Snaggly"/>
  <item id="3542900964" index="345" name="Whinona"/>
  <item id="2997844371" index="346" name="Whisper"/>
  <item id="3166447659" index="347" name="Whispocrates"/>
  <item id="3419633190" index="348" name="Heheheel"/>
  <item id="3536340839" index="349" name="Croonger"/>
  <item id="4192539812" index="350" name="Urnaconda"/>
  <item id="1298491007" index="351" name="Fishpicable"/>
  <item id="1607518609" index="352" name="Rageon"/>
  <item id="1187772624" index="353" name="Tunatic"/>
  <item id="3968471914" index="354" name="Takoyakid"/>
  <item id="2900522320" index="355" name="Takoyaking"/>
  <item id="1951624455" index="356" name="Flushback"/>
  <item id="3248082698" index="357" name="Vacuumory"/>
  <item id="4131864376" index="358" name="Irewig"/>
  <item id="2032511087" index="359" name="Firewig"/>
  <item id="1745762723" index="360" name="Draggie"/>
  <item id="4124639514" index="361" name="Dragon Lord"/>
  <item id="3972149339" index="362" name="Azure Dragon"/>
  <item id="466415508" index="363" name="Robodraggie"/>
  <item id="1325095005" index="364" name="Mermaidyn"/>
  <item id="1804601217" index="365" name="Mermadonna"/>
  <item id="1921726144" index="366" name="Mermother"/>
  <item id="1548679091" index="367" name="Lady Longnek"/>
  <item id="4138950550" index="368" name="Daiz"/>
  <item id="4020793047" index="369" name="Confuze"/>
  <item id="3882659572" index="370" name="Chummer"/>
  <item id="4269252533" index="371" name="Shrook"/>
  <item id="3205480098" index="372" name="Spenp"/>
  <item id="2786365411" index="373" name="Almi"/>
  <item id="129227207" index="374" name="Babblong"/>
  <item id="514386054" index="375" name="Bananose"/>
  <item id="3841102038" index="376" name="Draaagin"/>
  <item id="3438217826" index="377" name="SV Snaggerjag"/>
  <item id="1025240221" index="378" name="Copperled"/>
  <item id="254643743" index="379" name="Cynake"/>
  <item id="604036572" index="380" name="Slitheref"/>
  <item id="2242350072" index="381" name="Venoct"/>
  <item id="2629614265" index="382" name="Shadow Venoct"/>
  <item id="2534548502" index="383" name="Shogunyan"/>
  <item id="799949683" index="384" name="Komashura"/>
  <item id="410039105" index="385" name="Gilgaros"/>
  <item id="2337239218" index="386" name="Spoilerina"/>
  <item id="180690095" index="387" name="Elder Bloom"/>
  <item id="3408336520" index="388" name="Poofessor"/>
  <item id="2994305994" index="389" name="Dandoodle"/>
  <item id="1939567085" index="390" name="Slurpent"/>
  <item id="829356020" index="391" name="Grublappa"/>
  <item id="2607234943" index="392" name="Madmunch"/>
  <item id="3382219868" index="393" name="Badsmella"/>
  <item id="2085762641" index="394" name="Mad Kappa"/>
  <item id="1860671935" index="395" name="Shamasol"/>
  <item id="3386659250" index="396" name="Gnomine"/>
  <item id="1902130903" index="397" name="Defectabull"/>
  <item id="2566455645" index="398" name="Feargus"/>
  <item id="1211144886" index="399" name="Scaremaiden"/>
  <item id="1518679384" index="400" name="Wrongnek"/>
  <item id="4244235962" index="401" name="Unfairy"/>
  <item id="3997976916" index="402" name="Unkaind"/>
  <item id="1458581041" index="403" name="Untidy"/>
  <item id="244530791" index="404" name="Unpleasant"/>
  <item id="3056556290" index="405" name="Unkeen"/>
  <item id="1857823650" index="406" name="Jibanyan B"/>
  <item id="2081000524" index="407" name="Komasan B"/>
  <item id="3300256553" index="408" name="Sir Nyansalot"/>
  <item id="2631334783" index="409" name="Maginyan"/>
  <item id="3789468917" index="410" name="Momonyan"/>
  <item id="4083882779" index="411" name="Puppynyan"/>
  <item id="1272413310" index="412" name="Chimpanyan"/>
  <item id="3590341831" index="413" name="Pheasanyan"/>
  <item id="1709933416" index="414" name="Sproink"/>
  <item id="1485548248" index="415" name="Hoggles"/>
  <item id="2276961136" index="416" name="Gutsy Bones"/>
  <item id="3134685888" index="417" name="Goldy Bones"/>
  <item id="4252497936" index="418" name="Glitzy Bones"/>
  <item id="3949233291" index="419" name="SV Snaggerjag"/>
  <item id="3590630715" index="420" name="Styx Mk.VI"/>
  <item id="2839643126" index="421" name="Slimamander"/>
  <item id="2485234246" index="422" name="Eyedra"/>
  <item id="3191510965" index="423" name="Gargaros"/>
  <item id="2412940584" index="424" name="Ogralus"/>
  <item id="698713756" index="425" name="Orcanos"/>
  <item id="3400319082" index="426" name="Demuncher"/>
  <item id="4157401562" index="427" name="Devourer"/>
  <item id="808705292" index="428" name="Tattleterror"/>
  <item id="442429900" index="429" name="Rubeus J"/>
  <item id="3606376786" index="430" name="Hardy Hound"/>
  <item id="3054409949" index="431" name="Wobblewok"/>
  <item id="3910389664" index="432" name="Mass Mutterer"/>
  <item id="4105032442" index="433" name="Whisped Cream"/>
  <item id="1008376696" index="434" name="Dame Dedtime"/>
  <item id="1260235758" index="435" name="Dame Demona"/>
  <item id="2743372527" index="436" name="McKraken"/>
  <item id="2057607235" index="437" name="McKraken"/>
  <item id="632934206" index="438" name="Kabuking"/>
  <item id="4237942162" index="439" name="Robonyan 28"/>
  <item id="1414705349" index="440" name="Kat Kraydel"/>
  <item id="278657237" index="441" name="Hinozall"/>
  <item id="940036708" index="442" name="Red Paws"/>
  <item id="3062420871" index="443" name="Swirlious Omai"/>
  <item id="3195385929" index="444" name="Bison Burly"/>
  <item id="2224638205" index="445" name="Arachnevil"/>
  <item id="3860244511" index="446" name="Toadal Demon"/>
  <item id="2898270119" index="447" name="Fuu 2"/>
  <item id="113893164" index="448" name="Kintaronyan"/>
  <item id="1588252538" index="449" name="Kabuking"/>
  <item id="2716997409" index="450" name="Rubeus J"/>
  <item id="2519525139" index="451" name="Hardy Hound"/>
  <item id="424570948" index="452" name="Seaweed Sensei"/>
  <item id="343699650" index="453" name="Odysseynyan"/>
  <item id="201056170" index="454" name="Gutsy Bones"/>
  <item id="2602493845" index="455" name="Usapyon B"/>
  <item id="3007822031" index="456" name="Drenchetta"/>
  <item id="781222006" index="457" name="Starry Noko"/>
  <item id="823602974" index="458" name="Lord Enma"/>
  <item id="3159219358" index="459" name="Captain Thunder"/>
  <item id="851630973" index="460" name="Captain Thunder"/>
  <item id="4268284899" index="461" name="Duke Drooly"/>
  <item id="659081551" index="462" name="Alicktokat"/>
  <item id="2049103129" index="463" name="Zazel"/>
  <item id="1894243328" index="464" name="Zazelmare"/>
  <item id="771477861" index="465" name="Hinozall Awoken"/>
  <item id="3254383650" index="466" name="Robonyan 3000"/>
  <item id="90700756" index="467" name="Golden Claws"/>
  <item id="2347301943" index="468" name="Swirlious Gold"/>
  <item id="3957508561" index="469" name="Shogun King"/>
</items>
