<?xml version="1.0" encoding="utf-8"?>
<items>
  <item id="1803927674" name="Onigiri prugna"/>
  <item id="4069298624" name="Onigiri in foglia"/>
  <item id="2240520534" name="Onigiri con uova"/>
  <item id="468661493" name="Onigiri gamberi"/>
  <item id="1783081549" name="Tramezzino"/>
  <item id="4082039799" name="Pane farcito"/>
  <item id="1831497300" name="Pane al curry"/>
  <item id="2219428705" name="Baguette"/>
  <item id="439180994" name="Ciambellingua"/>
  <item id="1744901140" name="Gomma 10 cent."/>
  <item id="4043851182" name="Dolcetto molle"/>
  <item id="2249159992" name="Cracker gigante"/>
  <item id="409723035" name="Caram. alla frutta"/>
  <item id="1869402125" name="Granita"/>
  <item id="4133847479" name="Mela candita"/>
  <item id="1774419491" name="Latte"/>
  <item id="4039782297" name="Caffellatte"/>
  <item id="2278366991" name="Latte alla frutta"/>
  <item id="430541484" name="Lattissimo"/>
  <item id="1821141158" name="Y-Cola"/>
  <item id="4119148828" name="Tè dell'anima"/>
  <item id="2189560202" name="Spiriterade Y"/>
  <item id="484875305" name="VoltExtremo"/>
  <item id="1833829009" name="Hamburger"/>
  <item id="4098315051" name="Cheeseburger"/>
  <item id="2202035133" name="Doppio hamburg."/>
  <item id="488961566" name="Gnam Burger"/>
  <item id="1858787071" name="Ramen pronto"/>
  <item id="4156786501" name="Ramen di maiale"/>
  <item id="2160375763" name="Ramen deluxe"/>
  <item id="513811056" name="Ramen totale"/>
  <item id="1683291125" name="Ravioli al vapore"/>
  <item id="4250774095" name="Fegato alla piast."/>
  <item id="2321193689" name="Omelette granc."/>
  <item id="339611514" name="Gamber. piccanti"/>
  <item id="3539717416" name="Carota"/>
  <item id="1274190994" name="Cetriolo"/>
  <item id="1022733316" name="Germ. di bambù"/>
  <item id="2727426471" name="Fungo"/>
  <item id="3502076785" name="Coscia di pollo"/>
  <item id="1236542155" name="Pez. di pancetta"/>
  <item id="1051923037" name="Lingua di manzo"/>
  <item id="2698479614" name="Manzo prelibato"/>
  <item id="3514767686" name="Sgombro essicc."/>
  <item id="1215711484" name="Tonno pinna gial."/>
  <item id="1064401002" name="Riccio mare fres."/>
  <item id="2702568905" name="Tonno scelto"/>
  <item id="320924352" name="ESPhera piccola"/>
  <item id="2317990778" name="ESPhera media"/>
  <item id="4247686124" name="ESPhera grande"/>
  <item id="1665801807" name="ESPhera mega"/>
  <item id="340602585" name="ESPhera sacra"/>
  <item id="397252210" name="Vigorium"/>
  <item id="2393163720" name="Vigorium alfa"/>
  <item id="279199406" name="Colpi nascosti"/>
  <item id="2309844756" name="Tecniche migliori"/>
  <item id="4272578434" name="I segr. dell'anima"/>
  <item id="469268883" name="Una vita seria"/>
  <item id="2196842537" name="A tutto karate"/>
  <item id="4126546111" name="Usa il karate"/>
  <item id="1804766492" name="Tecnidario"/>
  <item id="479575434" name="Tecnipedia"/>
  <item id="2241653808" name="In guardia"/>
  <item id="4070300838" name="In guar. con stile"/>
  <item id="1646575927" name="Angelino ti cura"/>
  <item id="354677153" name="Ciao, Angelino"/>
  <item id="1977907268" name="Peste in miss."/>
  <item id="48449746" name="La peste perfetta"/>
  <item id="2615810408" name="Collabora n.7"/>
  <item id="3974965758" name="Collabora ed. sp."/>
  <item id="367732779" name="Talismano forza"/>
  <item id="2363652497" name="Talism. spirito"/>
  <item id="4226107655" name="Talismano difesa"/>
  <item id="1703009444" name="Talism. velocità"/>
  <item id="338248220" name="Medicina disgus."/>
  <item id="2367689638" name="Medicina amara"/>
  <item id="4196868912" name="Medicina pot."/>
  <item id="376437829" name="Bambola di fuga"/>
  <item id="291919001" name="Bambola bronzo"/>
  <item id="2288977187" name="Bambola argento"/>
  <item id="4285019573" name="Bambola d'oro"/>
  <item id="2908180302" name="Esca da pesca"/>
  <item id="878583540" name="Sciroppo nero"/>
  <item id="2592718716" name="Moneta rossa"/>
  <item id="58781382" name="Moneta gialla"/>
  <item id="1955061328" name="Moneta aranc."/>
  <item id="3940764659" name="Moneta rosa"/>
  <item id="2648996709" name="Moneta verde"/>
  <item id="82651871" name="Moneta blu"/>
  <item id="1944721993" name="Moneta viola"/>
  <item id="3814000600" name="Moneta azzurra"/>
  <item id="3141306787" name="Moneta zaffiro"/>
  <item id="3426466101" name="Moneta smeral."/>
  <item id="1381969046" name="Moneta rubino"/>
  <item id="626531328" name="Moneta topazio"/>
  <item id="573954073" name="Moneta diamante"/>
  <item id="3159444922" name="Moneta emoz."/>
  <item id="3411442988" name="Mon. cinq. stelle"/>
  <item id="1542021309" name="Moneta speciale"/>
  <item id="2895455609" name="Stella danzante"/>
  <item id="440013732" name="Lama leggend."/>
  <item id="2201174558" name="Lama maledetta"/>
  <item id="2220787207" name="Lama sacra"/>
  <item id="4097077896" name="Anima generale"/>
  <item id="1783686955" name="Spaccamore"/>
  <item id="492296125" name="Sfera elettrica"/>
  <item id="1676061440" name="Anima imbattib."/>
  <item id="2586342239" name="Lingotto platino"/>
  <item id="350329750" name="Mantello bufera"/>
  <item id="1948652147" name="Scettro amore"/>
  <item id="4082742929" name="Forcina glaciale"/>
  <item id="52503269" name="Bilanciere"/>
  <item id="1934349930" name="Fram. di male"/>
  <item id="3979297737" name="Polvere eterna"/>
  <item id="3742966091" name="Goccia di gioia"/>
  <item id="2638591814" name="Sfera del drago"/>
  <item id="3930228688" name="Acqua santa"/>
  <item id="2063440449" name="Scaglia sporca"/>
  <item id="234531543" name="Aura Velenotto"/>
  <item id="1594573232" name="Guanto malridot."/>
  <item id="671904038" name="Cristallo schegg."/>
  <item id="2969903260" name="Fram. di cristallo"/>
  <item id="3322023946" name="Pulitutto"/>
  <item id="1483113897" name="Fascia ingiallita"/>
  <item id="794932543" name="Anello semplice"/>
  <item id="3060327557" name="Amuleto vuoto"/>
  <item id="3245331475" name="Rubino"/>
  <item id="1372637570" name="Acquamarina"/>
  <item id="651688212" name="Topazio"/>
  <item id="1175482609" name="Tormalina"/>
  <item id="823607399" name="Opale"/>
  <item id="2820542941" name="Smeraldo"/>
</items>
