<?xml version="1.0" encoding="utf-8"?>
<items>
  <item id="3493734398" name="Cicala verde"/>
  <item id="3460879014" name="Cicala verde★"/>
  <item id="1228371524" name="Cicala marrone"/>
  <item id="1463911196" name="Cicala marrone★"/>
  <item id="1043351250" name="Cicala serale"/>
  <item id="541504394" name="Cicala serale★"/>
  <item id="2689913713" name="Scarabeo rino."/>
  <item id="2969153051" name="Scarabeo rino.★"/>
  <item id="3612599271" name="Cervo volante"/>
  <item id="3355352717" name="Cervo volante★"/>
  <item id="1314566749" name="Scarabeo lucan."/>
  <item id="2500818410" name="Scarabeo luc.★"/>
  <item id="962429643" name="Cavalletta"/>
  <item id="3792192892" name="Cavalletta★"/>
  <item id="2850201434" name="Mantide relig."/>
  <item id="2063668422" name="Mantide relig.★"/>
  <item id="3739594700" name="Locusta"/>
  <item id="201729104" name="Locusta★"/>
  <item id="3189909033" name="Lucciola"/>
  <item id="2455941619" name="Lucciola★"/>
  <item id="3374651071" name="Coda di rondine"/>
  <item id="3848634725" name="Coda rondine★"/>
  <item id="1345079045" name="Longicorno"/>
  <item id="2087506143" name="Longicorno★"/>
  <item id="657160083" name="Scarabeo fiore"/>
  <item id="191619145" name="Scarabeo fiore★"/>
  <item id="3109020208" name="Coccinella"/>
  <item id="2614427096" name="Coccinella★"/>
  <item id="3522973129" name="Tartaruga"/>
  <item id="562354621" name="Tartaruga★"/>
  <item id="1224023155" name="Boccalone"/>
  <item id="2973484076" name="Boccalone★"/>
  <item id="1072835813" name="Hucho h. gigante"/>
  <item id="3325883578" name="Hucho h. gig.★"/>
  <item id="2711009606" name="Carpa"/>
  <item id="2496471005" name="Carpa★"/>
  <item id="3599862224" name="Ayu"/>
  <item id="3821678411" name="Ayu★"/>
  <item id="1335416938" name="Testa di serpen."/>
  <item id="2059632369" name="Testa di serp.★"/>
  <item id="950003964" name="Sgombro"/>
  <item id="230968935" name="Sgombro★"/>
  <item id="2820732269" name="Snapper rosso"/>
  <item id="2476792772" name="Snapper rosso★"/>
  <item id="3743925755" name="Pesce scatola"/>
  <item id="3836210002" name="Pesce scatola★"/>
  <item id="3219147806" name="Marlin"/>
  <item id="2108603112" name="Marlin★"/>
  <item id="3370613896" name="Medusa"/>
  <item id="178883198" name="Medusa★"/>
  <item id="1374563634" name="Calam. lucciola"/>
  <item id="2585171951" name="Calam. lucciola★"/>
  <item id="652811684" name="Rana pescatrice"/>
  <item id="3977357177" name="Rana pescatr.★"/>
  <item id="3096283143" name="Pesce gatto"/>
  <item id="2379624092" name="Pesce gatto★"/>
  <item id="3481974929" name="Scorf. di fondale"/>
  <item id="4208008714" name="Scorf. di fonda.★"/>
  <item id="1451485483" name="Ishidai"/>
  <item id="1675120560" name="Ishidai★"/>
</items>
