<?xml version="1.0" encoding="utf-8"?>
<items>
  <item id="1158785574" name="Bracc. consum."/>
  <item id="3692624796" name="Bracc. chiodato"/>
  <item id="2870987530" name="Bracciale brutale"/>
  <item id="897277609" name="Braccial. solare"/>
  <item id="1115450943" name="Bracc. malvagio"/>
  <item id="1154727953" name="Anello arruggin."/>
  <item id="3722088875" name="Anello grazioso"/>
  <item id="2866651453" name="Anello illusorio"/>
  <item id="884552862" name="Anello lunare"/>
  <item id="1136526344" name="Anello malvagio"/>
  <item id="3669448114" name="Anello fuoco"/>
  <item id="2914018596" name="Anello acqua"/>
  <item id="1024424117" name="Anello tuono"/>
  <item id="1242056739" name="Anello terra"/>
  <item id="718258630" name="Anello ghiaccio"/>
  <item id="1573450064" name="Anello vento"/>
  <item id="1184202312" name="Amuleto antico"/>
  <item id="3751555058" name="Amuleto runico"/>
  <item id="2828738404" name="Amu. corazzato"/>
  <item id="922716871" name="Amu. galattico"/>
  <item id="1106819665" name="Amu. malvagio"/>
  <item id="3639733227" name="Amu. anti-fiamma"/>
  <item id="2952190845" name="Amu. anti-acqua"/>
  <item id="1061799660" name="Amu. anti-fulmin."/>
  <item id="1213134458" name="Amu. anti-terra"/>
  <item id="680099743" name="Amu. anti-gelo"/>
  <item id="1603161865" name="Amu. anti-vento"/>
  <item id="1196889215" name="Stem. semplice"/>
  <item id="3730720197" name="Stemma brillante"/>
  <item id="2841212243" name="Stemma Ermete"/>
  <item id="926802160" name="Stemma meteora"/>
  <item id="1077596262" name="Stem. malvagio"/>
  <item id="1108869882" name="Spada cicala"/>
  <item id="3675345728" name="Camp. robusta"/>
  <item id="2887148502" name="Campana magica"/>
  <item id="846394997" name="Campana spessa"/>
  <item id="1165346531" name="Campana veloce"/>
  <item id="3699152729" name="Bottiglia infinita"/>
  <item id="2877007823" name="Ventaglio tengu"/>
  <item id="1002748510" name="Giacca allegra"/>
  <item id="1287883464" name="Mazza chiodata"/>
  <item id="738460461" name="Invertispada"/>
  <item id="1526936507" name="Invertigemme"/>
  <item id="3255460353" name="Riflettore"/>
  <item id="1138387149" name="Orecchini luss."/>
  <item id="3671275895" name="Sonno dello stu."/>
  <item id="2916354529" name="Dado del fato"/>
  <item id="867212354" name="Piastre di ferro"/>
  <item id="1152888020" name="Occhiali spessi"/>
  <item id="3720281454" name="Scaglia antica"/>
  <item id="2864303608" name="Guanto di Velen."/>
  <item id="973525097" name="Fascia angelica"/>
  <item id="1291968767" name="Passamontagna"/>
  <item id="767977754" name="Adesivo odio"/>
  <item id="1522620812" name="Zanne vampiro"/>
  <item id="3284666422" name="Sfera di cristallo"/>
  <item id="3033479328" name="Cuscisonno"/>
  <item id="1100797588" name="Cintura calma"/>
  <item id="3633678126" name="Gem. guardiana"/>
  <item id="2945628088" name="Cerchio scimm."/>
</items>
