<?xml version="1.0" encoding="utf-8"?>
<items>
  <item id="1332445335" name="Yo-kai Watch"/>
  <item id="3596800301" name="Yo-kai Watch"/>
  <item id="2707808699" name="Medagli. Yo-kai"/>
  <item id="1057059864" name="Polvere boccioli"/>
  <item id="1208370318" name="Retino insetti"/>
  <item id="3507426612" name="Canna da pesca"/>
  <item id="2785551778" name="Bigl. del museo"/>
  <item id="917977139" name="Chiave sicurezza"/>
  <item id="1102055589" name="Foto di Amy"/>
  <item id="561480000" name="Mut. dell'anziano"/>
  <item id="1450226134" name="Bicicletta"/>
  <item id="3480871020" name="Bicicletta"/>
  <item id="3095318778" name="Rotella orologio"/>
  <item id="639255897" name="Vitina orologio"/>
  <item id="1360885199" name="Chiave vec. villa"/>
  <item id="3356763253" name="Anello speciale"/>
  <item id="3205698787" name="Doc. di papà"/>
  <item id="799803762" name="Costola carina"/>
  <item id="1487616484" name="Chiavi scuola"/>
  <item id="173724291" name="Spartito music."/>
  <item id="2103304725" name="Molla orologio"/>
  <item id="3830756271" name="Chiave baracca"/>
  <item id="2471723833" name="Mot. Amplicamp"/>
  <item id="221714074" name="Olio Dolorr"/>
  <item id="2049975820" name="Vol. Demanone"/>
  <item id="3812194230" name="Chiave Yo-kai W."/>
  <item id="75586225" name="Fungo gustoso"/>
  <item id="1938188839" name="Giorn. a fumetti"/>
  <item id="323085250" name="Bott. Cammikap."/>
  <item id="1682363220" name="Piatto schegg."/>
  <item id="4249846510" name="Amu. malridotto"/>
  <item id="2320020088" name="Tofu d'oro"/>
  <item id="338438107" name="Missile giocatt."/>
  <item id="1663768397" name="Pallone da calcio"/>
  <item id="4196550391" name="Poesie d'amore"/>
  <item id="2368042593" name="Erbe rinfrescanti"/>
  <item id="496659440" name="Lama tradita"/>
  <item id="1788697446" name="Foto limpida star"/>
  <item id="1543533829" name="Foto sbiad. star"/>
  <item id="721896851" name="Modellino raro"/>
  <item id="2987267113" name="Orecchini prez."/>
  <item id="3305710783" name="Capsula tempor."/>
  <item id="1533915420" name="Lama dell'illusio."/>
  <item id="745177482" name="Ventaglio tifone"/>
  <item id="3043217456" name="Fiore eterno"/>
  <item id="3261391014" name="Trofeo Rettile"/>
  <item id="1390148919" name="Trofeo Fame"/>
  <item id="635227553" name="Trofeo Gattino"/>
  <item id="1159414852" name="Trofeo Nonna"/>
  <item id="840725714" name="Trofeo Cavallo"/>
  <item id="2870289768" name="Trofeo Criniera"/>
  <item id="3692172798" name="Trof. Cappuccio"/>
  <item id="1115062365" name="Trofeo Rugosità"/>
  <item id="896643275" name="Trofeo Katana"/>
  <item id="2893603185" name="Trofeo Papà"/>
  <item id="3682587111" name="Trofeo Tengu"/>
  <item id="1270926454" name="Trofeo Cicala"/>
  <item id="1019739360" name="Trofeo Macho"/>
  <item id="1849038727" name="Trofeo Volatile"/>
  <item id="422651665" name="Trof. Vorrei tanto"/>
  <item id="2151184043" name="Trofeo Azzardo"/>
  <item id="4148119101" name="Trof. Consolaz."/>
  <item id="1767625630" name="Trofeo Selvaggio"/>
  <item id="509403912" name="Trofeo Ciuffo"/>
  <item id="2270540466" name="Trof. Svolazzam."/>
  <item id="4031939108" name="Trofeo Shogun"/>
  <item id="1626185653" name="Trofeo Denaro"/>
  <item id="401256227" name="Trofeo Ebete"/>
  <item id="1999447750" name="Trofeo Sacco"/>
  <item id="2758224" name="Trofeo Kimono"/>
  <item id="2569226218" name="Trofeo Cane"/>
  <item id="3995367292" name="Trofeo Ronzio"/>
  <item id="1883300575" name="Trofeo Kappa"/>
  <item id="122147401" name="Trof. Guardiano"/>
  <item id="2655945715" name="Trofeo Cuore"/>
  <item id="3913921381" name="Trofeo Maestro"/>
  <item id="2046209780" name="Trofeo Serpente"/>
  <item id="250715746" name="Trofeo Bottiglia"/>
  <item id="4038408713" name="Trofeo Leone"/>
  <item id="2276592287" name="Trofeo Mantello"/>
  <item id="515595045" name="Trofeo Cappello"/>
  <item id="1773956019" name="Trofeo Trampoli"/>
  <item id="4158193168" name="Trofeo Eleganza"/>
  <item id="2162151046" name="Trofeo Corna"/>
  <item id="433495868" name="Trofeo Cupido"/>
  <item id="1859235754" name="Trofeo Comicità"/>
  <item id="4268667451" name="Trofeo Scarabeo"/>
  <item id="2305393325" name="Trofeo Oscurità"/>
  <item id="3920497480" name="Trof. Stuzzicad."/>
  <item id="2661891038" name="Trofeo Anguilla"/>
  <item id="127953508" name="Trofeo Squalo"/>
  <item id="1890015986" name="Trofeo Demone"/>
  <item id="4005810001" name="Trofeo Alga"/>
  <item id="2579824583" name="Trofeo Drago"/>
  <item id="13479549" name="Trof. Conchiglia"/>
  <item id="2009767659" name="Trofeo Triciclope"/>
  <item id="3883238266" name="Trofeo Ciclope"/>
  <item id="1319758496" name="Camp. zaffiro"/>
  <item id="3617635098" name="Camp. smeraldo"/>
  <item id="2695334796" name="Camp. rubino"/>
  <item id="1052974639" name="Camp. topazio"/>
  <item id="1237593785" name="Camp. diamante"/>
  <item id="4158121970" name="Ritratto compos."/>
  <item id="1860089416" name="Anatomia di rana"/>
  <item id="433686238" name="Guida Yo-kai"/>
  <item id="2277315453" name="Termometro"/>
  <item id="4038730731" name="Foto del preside"/>
  <item id="1773367889" name="Pelle di Noko"/>
  <item id="515130055" name="Sterco di Noko"/>
  <item id="2383109974" name="Terra di Noko"/>
  <item id="4178341824" name="Distintivo"/>
  <item id="2580276773" name="Piastra rotta"/>
  <item id="4006401715" name="Cetriolo mastic."/>
  <item id="2009433865" name="Amu. impolver."/>
  <item id="12760991" name="Distintivo +"/>
  <item id="2661687868" name="Distintivo Extra"/>
  <item id="3919647402" name="Secchio bucato"/>
  <item id="1890075408" name="Bottiglia plastica"/>
  <item id="128938886" name="Rivista buttata"/>
  <item id="2534436375" name="Super distintivo"/>
  <item id="3759627905" name="Note minidetect."/>
  <item id="3001464294" name="Distintivo Ultra"/>
  <item id="3319891312" name="Avviso"/>
  <item id="1558762698" name="Poster della star"/>
  <item id="737141852" name="Lattina vuota"/>
  <item id="3045814783" name="Bottiglia vuota"/>
  <item id="3263971689" name="Stivali malridotti"/>
  <item id="1535447251" name="Fuochi artif. usati"/>
  <item id="746725445" name="Busta di plastica"/>
</items>
