<?xml version="1.0" encoding="utf-8"?>
<items>
  <item id="2905096119" name="Padezoma"/>
  <item id="874606093" name="Padesolo"/>
  <item id="3712142136" name="Mambo"/>
  <item id="2669567285" name="Katanoh"/>
  <item id="102173839" name="Katachiom"/>
  <item id="4017400250" name="Pigrabbio"/>
  <item id="2248502388" name="Nervimacho"/>
  <item id="520895950" name="Miomacho"/>
  <item id="3376741043" name="Adelmo"/>
  <item id="1347267337" name="Uniguerriero"/>
  <item id="659200927" name="Capitavere"/>
  <item id="3798575472" name="Leofuoco"/>
  <item id="2069952714" name="Leosismo"/>
  <item id="208128092" name="Siro"/>
  <item id="3495939058" name="Zardo"/>
  <item id="1230412360" name="Lucenio"/>
  <item id="1045539550" name="Quietana"/>
  <item id="2687844221" name="Aurio"/>
  <item id="2095744254" name="Benkei"/>
  <item id="3856913732" name="B3-NK1"/>
  <item id="430150624" name="Nipponon"/>
  <item id="1856283510" name="Kapunkai"/>
  <item id="4218591281" name="Scarafante"/>
  <item id="1652279691" name="Scaragen"/>
  <item id="360511773" name="Scaragone"/>
  <item id="1710339519" name="Furyo"/>
  <item id="4244169733" name="Homblu"/>
  <item id="3052496065" name="Grumoko"/>
  <item id="754464123" name="Ocachu"/>
  <item id="2901038464" name="Dimenticap"/>
  <item id="904070202" name="Scioccap"/>
  <item id="860662292" name="Fregmen"/>
  <item id="1145805442" name="Basbast"/>
  <item id="2750658437" name="Unabast"/>
  <item id="2277967427" name="Rubaris"/>
  <item id="516839417" name="Blubo"/>
  <item id="3516768709" name="Rivela"/>
  <item id="1217720447" name="Kia-Kia"/>
  <item id="1066647785" name="Schelevekia"/>
  <item id="2665232130" name="Cupistol"/>
  <item id="131425976" name="Casanuva"/>
  <item id="4004955021" name="Casanono"/>
  <item id="3819684679" name="Segnam"/>
  <item id="2057474813" name="Amplicamp"/>
  <item id="2478913480" name="Restat"/>
  <item id="4205900294" name="Traspec"/>
  <item id="1673110460" name="Scuriflesso"/>
  <item id="2099834569" name="Illuguroo"/>
  <item id="3827416947" name="Eluguroo"/>
  <item id="2468777957" name="Vaguroo"/>
  <item id="731246946" name="Trespy"/>
  <item id="1553121780" name="Quadaspy"/>
  <item id="3006965290" name="Tengu"/>
  <item id="708048784" name="Tenguflamma"/>
  <item id="3082279576" name="Kyubi"/>
  <item id="784239394" name="Gelocoda"/>
  <item id="2930568153" name="Gusciolento"/>
  <item id="933608035" name="Muchomacho"/>
  <item id="3737526102" name="Goro-Goro"/>
  <item id="3554353052" name="Nono-No"/>
  <item id="1255296550" name="Imposs"/>
  <item id="2746346259" name="Fuimuro"/>
  <item id="3790437662" name="Korpo"/>
  <item id="2125216423" name="Incontifante"/>
  <item id="3886377757" name="Duroboscide"/>
  <item id="3401592541" name="Bloccospino"/>
  <item id="1405714279" name="Pesospino"/>
  <item id="4176890975" name="Ghelo"/>
  <item id="1644109285" name="Vulcando"/>
  <item id="3835849627" name="Malandro"/>
  <item id="2108373537" name="Bandido"/>
  <item id="2477087501" name="Fratosto"/>
  <item id="2137936016" name="Rinofante"/>
  <item id="3865510186" name="Rinorme"/>
  <item id="2439000508" name="Multicorno"/>
  <item id="2289762557" name="Castelius III"/>
  <item id="371168606" name="Castelius II"/>
  <item id="1629005256" name="Castelius I"/>
  <item id="4161926258" name="Max Castelius"/>
  <item id="3979483107" name="Robonyan"/>
  <item id="2587174773" name="Orobonyan"/>
  <item id="3061166255" name="Terrio"/>
  <item id="796713237" name="Aqueo"/>
  <item id="2627373403" name="Teskiant"/>
  <item id="93575393" name="Stylossa"/>
  <item id="3975183828" name="Skelebell"/>
  <item id="2943255022" name="Cicalama"/>
  <item id="912773204" name="Cicabile"/>
  <item id="3741611361" name="Cicanto"/>
  <item id="4180944488" name="Fre-D"/>
  <item id="1614641106" name="Gelhuahua"/>
  <item id="389695300" name="Kaldokan"/>
  <item id="2639848300" name="Jibanyan"/>
  <item id="72463062" name="Spinyan"/>
  <item id="1935049280" name="Malonyan"/>
  <item id="3524883883" name="Cammikappa"/>
  <item id="1259349009" name="Movikappa"/>
  <item id="1008145543" name="Tavolama"/>
  <item id="3405923562" name="Komasan"/>
  <item id="1376458064" name="Crinikoma"/>
  <item id="621553094" name="Komajiro"/>
  <item id="3144200293" name="Komagre"/>
  <item id="3364262020" name="Baku"/>
  <item id="1368375614" name="Blantapiro"/>
  <item id="3848274348" name="Carnino"/>
  <item id="2087276566" name="Amoroseo"/>
  <item id="191783040" name="Amoroscuro"/>
  <item id="1681121160" name="Gelina"/>
  <item id="4248473138" name="Nevaria"/>
  <item id="2319302308" name="Neradama"/>
  <item id="3461173871" name="Danz"/>
  <item id="1464075221" name="Banz"/>
  <item id="541274947" name="Tanz"/>
  <item id="3452536321" name="Ovojo"/>
  <item id="1421924283" name="Magnalestus"/>
  <item id="2854328171" name="Nonno Fame"/>
  <item id="858310353" name="Offam"/>
  <item id="2571244604" name="Nonno Kiko"/>
  <item id="4294960259" name="Pocotanto"/>
  <item id="2298008597" name="Optimio"/>
  <item id="3612762926" name="Farfanima"/>
  <item id="1314861716" name="Farfanemi"/>
  <item id="962068994" name="Farfamiglio"/>
  <item id="2805766049" name="Farfavigo"/>
  <item id="4235931885" name="Felicio"/>
  <item id="1701994839" name="Mutevina"/>
  <item id="309678529" name="Mutevana"/>
  <item id="2078485538" name="Tridonio"/>
  <item id="3807018392" name="Posidonio"/>
  <item id="1740049382" name="Lanchu"/>
  <item id="4273887836" name="Dopios"/>
  <item id="3002649629" name="Babbo Saetta"/>
  <item id="737254823" name="Zio Infinio"/>
  <item id="1660427619" name="Mamma Aura"/>
  <item id="4226895065" name="Zia Cora"/>
  <item id="2580914142" name="Demanone"/>
  <item id="14470756" name="Favorio"/>
  <item id="2883845468" name="Ferispalla"/>
  <item id="854240486" name="Dolorr"/>
  <item id="3683191251" name="Agonio"/>
  <item id="2161028767" name="Negatibuzz"/>
  <item id="432537381" name="Malazanz"/>
  <item id="4037302800" name="Prudor"/>
  <item id="2189955270" name="Annebio"/>
  <item id="461455740" name="Blando"/>
  <item id="1820750314" name="Nullio"/>
  <item id="3873756610" name="Dentrostrello"/>
  <item id="2146272376" name="Casastrello"/>
  <item id="149599470" name="Eremistrello"/>
  <item id="1635567885" name="Suspicion"/>
  <item id="4168456375" name="Collerio"/>
  <item id="2406656033" name="Bastian"/>
  <item id="2020079692" name="Tenguleggon"/>
  <item id="258001114" name="Uccelleggon"/>
  <item id="4256783066" name="Negasus"/>
  <item id="1689258848" name="Malvallo"/>
  <item id="2977699955" name="Trèmone"/>
  <item id="678775241" name="Prodemone"/>
  <item id="1601337695" name="Conte Cario"/>
  <item id="2825333042" name="Avodus"/>
  <item id="829323400" name="Malavo"/>
  <item id="2239871002" name="Malagol"/>
  <item id="478734752" name="Maloriccio"/>
  <item id="3600025881" name="Uccelladro"/>
  <item id="1335711907" name="Voladdome"/>
  <item id="2219037229" name="Buhu"/>
  <item id="491422615" name="Sciattandato"/>
  <item id="1783476993" name="Disnero"/>
  <item id="2165097640" name="Canom"/>
  <item id="403019026" name="Bi-Canom"/>
  <item id="4050006055" name="Herr Bero"/>
  <item id="2610110855" name="Umio"/>
  <item id="43675709" name="Plovio"/>
  <item id="1973239979" name="Frisco"/>
  <item id="3959018760" name="Grandion"/>
  <item id="2633950622" name="Sanguinasio"/>
  <item id="3482269784" name="Kiakierenata"/>
  <item id="1451649506" name="Brontolaura"/>
  <item id="3570579264" name="Negatina"/>
  <item id="1664776020" name="Puzzetto"/>
  <item id="4197656302" name="Fetor"/>
  <item id="2965271108" name="Battutristo"/>
  <item id="699868158" name="Cominon"/>
  <item id="2049000981" name="Rugada"/>
  <item id="3811055535" name="Perennia"/>
  <item id="2486118201" name="Eternia"/>
  <item id="2846180101" name="Insomnia"/>
  <item id="816583359" name="Oniria"/>
  <item id="2202696433" name="Noko"/>
  <item id="440609611" name="Fortunoko"/>
  <item id="1833180125" name="Pandanoko"/>
  <item id="2551707113" name="Anguillahah"/>
  <item id="18785363" name="Canguilla"/>
  <item id="1981387973" name="Urnaconda"/>
  <item id="3574652279" name="Odiapesce"/>
  <item id="1276742861" name="Detestorione"/>
  <item id="2776246776" name="Rabbiotonno"/>
  <item id="2589019056" name="Draghetto"/>
  <item id="56105482" name="Drago Reale"/>
  <item id="1952393884" name="Dragazzurro"/>
  <item id="3761182505" name="Fixi"/>
  <item id="2032551571" name="Konfuxi"/>
  <item id="3423333430" name="Squacignolo"/>
  <item id="1426242956" name="Disabilitantis"/>
  <item id="3878076405" name="Sprek"/>
  <item id="2418118499" name="Tupag"/>
  <item id="4265447092" name="Blablablo"/>
  <item id="1731518222" name="Bananaso"/>
  <item id="2040894075" name="Bosserpente"/>
  <item id="2544628567" name="Scontroserpe"/>
  <item id="3769418689" name="Rettilarbitro"/>
  <item id="1623106362" name="Velenotto"/>
  <item id="4189581952" name="Velenombra"/>
  <item id="3122683726" name="Shogunyan"/>
  <item id="608488173" name="Komademone"/>
  <item id="2738581007" name="Barbonbel"/>
  <item id="1029700524" name="Senilfior"/>
  <item id="2283158988" name="Gilgador"/>
  <item id="1950041689" name="Zaffinyan"/>
  <item id="3833879496" name="Smeranyan"/>
  <item id="2474863454" name="Rubinyan"/>
  <item id="2770224445" name="Topanyan"/>
  <item id="54294223" name="Diamanyan"/>
  <item id="3344411403" name="Trisalamandra"/>
  <item id="4116826505" name="Termaiale"/>
  <item id="1928975686" name="Velanera"/>
  <item id="1810031623" name="Blankon"/>
  <item id="3152164217" name="Fantasmurai"/>
  <item id="1016959387" name="Scuolantula"/>
  <item id="2312394747" name="Dottor Frank"/>
  <item id="3750686845" name="Poliministro"/>
  <item id="3331703100" name="Poliministro"/>
  <item id="4104364990" name="Bifron"/>
  <item id="1791440413" name="Malvimini"/>
  <item id="3967482056" name="Occhimandra"/>
  <item id="1795513386" name="Suimo"/>
  <item id="3969728741" name="Kahn-8"/>
  <item id="4119228836" name="Nerumbra"/>
  <item id="397460056" name="Doc Primatto"/>
  <item id="629579994" name="Armurai"/>
  <item id="1492210847" name="Pelipo"/>
  <item id="3988296447" name="Wokscillo"/>
  <item id="1780518448" name="Koross"/>
  <item id="4079607690" name="Blutus"/>
  <item id="2217668380" name="Nerorko"/>
</items>
