<?xml version='1.0' encoding='utf-8'?>
<items>
  <item id="2415208695" name="친구 확정 오라"/>
  <item id="385644877" name="대박 확정 오라"/>
  <item id="1643858395" name="폭발 그레이트화 오라"/>
  <item id="4288666744" name="존재감 없는 오라"/>
  <item id="2291723502" name="도깨비 구슬 폭발 오라"/>
  <item id="294763860" name="인기 폭발 오라"/>
  <item id="1721142722" name="아이템 폭발 오라"/>
  <item id="4129919059" name="도깨비 구슬 증가 오라"/>
  <item id="2385986240" name="도식귀 오라"/>
  <item id="389944186" name="초・도식귀 오라"/>
  <item id="1614357484" name="극・도식귀 오라"/>
  <item id="4267554383" name="가마가마 오라"/>
  <item id="2304411353" name="초・가마가마 오라"/>
  <item id="273930083" name="극・가마가마 오라"/>
  <item id="1733617653" name="오징어회장님 오라"/>
  <item id="4159437412" name="초・오징어회장님 오라"/>
  <item id="2163002098" name="극・오징어회장님 오라"/>
  <item id="3760931607" name="D. 뽑기해골 오라"/>
  <item id="2536272769" name="초・D. 뽑기해골 오라"/>
  <item id="237314619" name="극・D. 뽑기해골 오라"/>
  <item id="2032276141" name="실뜨귀신 오라"/>
  <item id="3880158990" name="초・실뜨귀신 오라"/>
  <item id="2420225944" name="극・실뜨귀신 오라"/>
  <item id="155772450" name="우파우파 오라"/>
  <item id="2119161524" name="초・우파우파 오라"/>
  <item id="4008758053" name="극・우파우파 오라"/>
  <item id="2583165875" name="로이드 가부 오라"/>
  <item id="3406172372" name="초・로이드 가부 오라"/>
  <item id="3154190402" name="극・로이드 가부 오라"/>
  <item id="621310456" name="레드 J 오라"/>
  <item id="1376731502" name="초・레드 J 오라"/>
  <item id="3429618893" name="극・레드 J 오라"/>
  <item id="3144475739" name="마이티 도그 오라"/>
  <item id="577091041" name="초・마이티 도그 오라"/>
  <item id="1432520055" name="극・마이티 도그 오라"/>
  <item id="3319634150" name="P. 브레이커 오라"/>
  <item id="3000674416" name="초・P. 브레이커 오라"/>
  <item id="3525124501" name="극・P. 브레이커 오라"/>
  <item id="2769948931" name="나불할멈 오라"/>
  <item id="1007894713" name="초・나불할멈 오라"/>
  <item id="1259630639" name="극・나불할멈 오라"/>
  <item id="3580945804" name="위스마시 오라"/>
  <item id="2725762330" name="초・위스마시 오라"/>
  <item id="998147232" name="극・위스마시 오라"/>
  <item id="1283044406" name="로보냥 28호 오라"/>
  <item id="3704007079" name="초・로보냥 28호 오라"/>
  <item id="2881591601" name="극・로보냥 28호 오라"/>
  <item id="2640099154" name="히노신 오라"/>
  <item id="3931867076" name="초・히노신 오라"/>
  <item id="1934808702" name="극・히노신 오라"/>
  <item id="72738536" name="백사자 오라"/>
  <item id="2586932043" name="초・백사자 오라"/>
  <item id="3979756509" name="극・백사자 오라"/>
  <item id="1950290535" name="적마묘 오라"/>
  <item id="54010609" name="초・적마묘 오라"/>
  <item id="2475114336" name="극・적마묘 오라"/>
  <item id="3833597942" name="껌정 도깨비 오라"/>
  <item id="2219279891" name="초・껌정 도깨비 오라"/>
  <item id="4081104517" name="극・껌정 도깨비 오라"/>
  <item id="1783228223" name="Captain Thunder"/>
  <item id="491706281" name="S Captain Thunder"/>
  <item id="2200584714" name="U Captain Thunder"/>
  <item id="4096619164" name="Robonyan 3000"/>
  <item id="1831084838" name="S Robonyan 3000"/>
  <item id="438506416" name="U Robonyan 3000"/>
  <item id="2325483041" name="Golden Claws"/>
  <item id="4254809783" name="S Golden Claws"/>
  <item id="2943014352" name="U Golden Claws"/>
  <item id="3631080774" name="Swirlious Gold"/>
  <item id="1097118972" name="S Swirlious Gold"/>
  <item id="912491626" name="U Swirlious Gold"/>
  <item id="2819035593" name="Hinozall Awoken"/>
  <item id="3741327711" name="S Hinozall Awoken"/>
  <item id="1175023845" name="U Hinozall Awoken"/>
  <item id="823017587" name="Zazel"/>
  <item id="2712755682" name="Super Zazel"/>
  <item id="3602279796" name="Ultra Zazel"/>
  <item id="3060917393" name="Shogun King"/>
  <item id="3245790215" name="Super Shogun King"/>
  <item id="1484752317" name="Ultra Shogun King"/>
</items>
