<?xml version='1.0' encoding='utf-8'?>
<items>
  <item id="1332445335" name="기념 화환"/>
  <item id="3596800301" name="감사 화환"/>
  <item id="2707808699" name="축복 화환"/>
  <item id="1057059864" name="홍백 오뚝이"/>
  <item id="1208370318" name="축하 갈퀴"/>
  <item id="3507426612" name="히노신 사인"/>
  <item id="2785551778" name="사랑의 증표"/>
  <item id="917977139" name="챔피언 벨트"/>
  <item id="1102055589" name="B런처 모형"/>
  <item id="561480000" name="순금 도깨비 구슬"/>
  <item id="1450226134" name="버스터즈 협회 감사장"/>
  <item id="3480871020" name="빌리의 격언"/>
  <item id="3095318778" name="빌리의 동상"/>
  <item id="639255897" name="황금 지휘봉"/>
  <item id="1360885199" name="껌정 도깨비의 동상"/>
  <item id="3356763253" name="실뜨귀신의 동상"/>
  <item id="3205698787" name="마이티 도그의 동상"/>
  <item id="799803762" name="레드 J의 동상"/>
  <item id="1487616484" name="히노신의 동상"/>
  <item id="173724291" name="프리즌 브레이커의 동상"/>
  <item id="2103304725" name="G나불할멈의 동상"/>
  <item id="3830756271" name="가마가마의 동상"/>
  <item id="496659440" name="붉은 챌린지 지령서"/>
  <item id="1788697446" name="하얀 챌린지 지령서"/>
  <item id="2471723833" name="원조 만쥬"/>
  <item id="221714074" name="본가 만쥬"/>
  <item id="2049975820" name="끝판왕 모나카"/>
  <item id="4196550391" name="B지바 슈트"/>
  <item id="2368042593" name="B백멍 슈트"/>
  <item id="75586225" name="미식축구 스타일"/>
  <item id="1938188839" name="스쿠버 스타일"/>
  <item id="323085250" name="솔저 스타일"/>
  <item id="1682363220" name="레이서 스타일"/>
  <item id="3812194230" name="마법의 방울"/>
  <item id="2487109408" name="기사도 방울"/>
  <item id="4249846510" name="최고 깃발"/>
  <item id="2320020088" name="수수 경단 (멍)"/>
  <item id="338438107" name="수수 경단 (끼)"/>
  <item id="1663768397" name="수수 경단 (꿩)"/>
  <item id="1543533829" name="Dragon King's Chest"/>
  <item id="721896851" name="Kintaronyan Candy"/>
  <item id="2987267113" name="B우사 슈트"/>
  <item id="3305710783" name="염라 메달"/>
  <item id="1533915420" name="Emperor's Scroll"/>
  <item id="3261391014" name="The Brave"/>
  <item id="745177482" name="The Mysterious"/>
  <item id="3043217456" name="The Tough"/>
  <item id="1390148919" name="The Charming"/>
  <item id="635227553" name="The Heartful"/>
  <item id="1159414852" name="The Shady"/>
  <item id="840725714" name="The Eerie"/>
  <item id="2870289768" name="The Slippery"/>
  <item id="3692172798" name="The Legendary"/>
  <item id="1115062365" name="The Wicked"/>
  <item id="896643275" name="The Neatles"/>
  <item id="2893603185" name="Pinto Crusaders"/>
  <item id="3682587111" name="The Water Boyz"/>
  <item id="1270926454" name="Mystery"/>
  <item id="1019739360" name="Nomnom Brothers"/>
  <item id="1849038727" name="Red Hot Oni Backers"/>
  <item id="422651665" name="Kintaronyan Trio (A)"/>
  <item id="2046209780" name="Kintaronyan Trio (B)"/>
  <item id="4148119101" name="Sgt. Burly"/>
  <item id="1767625630" name="Hovernyan"/>
  <item id="2270540466" name="Cornfused"/>
  <item id="4031939108" name="Roughraff"/>
  <item id="1626185653" name="Jibanyan"/>
  <item id="401256227" name="Komasan"/>
  <item id="2758224" name="Hidabat"/>
  <item id="2569226218" name="Dismarelda"/>
  <item id="1883300575" name="Usapyon"/>
  <item id="122147401" name="Shogunyan"/>
  <item id="2655945715" name="Lucky Song"/>
  <item id="4038408713" name="VIP 스타 패스"/>
</items>
