<?xml version='1.0' encoding='utf-8'?>
<items>
  <item id="1332445335" name="Yo-kai Watch"/>
  <item id="1208370318" name="Ovni-kai Watch"/>
  <item id="3596800301" name="Yo-kai Watch M. U"/>
  <item id="2707808699" name="Yo-kai Watch M. U2"/>
  <item id="1057059864" name="Yo-kai Watch Sueños"/>
  <item id="896643275" name="Yo-kai Watch Sueños"/>
  <item id="3507426612" name="Medálium de Yo-kai"/>
  <item id="2893603185" name="Medálium de Yo-kai"/>
  <item id="3480871020" name="Bláster Yo-kai"/>
  <item id="3095318778" name="Barreno Yo-kai"/>
  <item id="639255897" name="Aspiradora Yo-kai"/>
  <item id="1115062365" name="Gafas de mamá"/>
  <item id="1543533829" name="Ubicación oficina"/>
  <item id="2785551778" name="Cazamariposas"/>
  <item id="917977139" name="Caña de pescar"/>
  <item id="635227553" name="Machacazombis"/>
  <item id="1159414852" name="Chaleco protector"/>
  <item id="840725714" name="Mochila"/>
  <item id="1360885199" name="Radiotransmisor"/>
  <item id="1102055589" name="Llave del almacén"/>
  <item id="561480000" name="Mapa útil"/>
  <item id="3812194230" name="Llave Yo-kai World"/>
  <item id="721896851" name="Antorcha"/>
  <item id="1450226134" name="Maqueta de robot"/>
  <item id="2987267113" name="Invitación Yopple"/>
  <item id="3305710783" name="Invitación Yopple"/>
  <item id="3356763253" name="Llave subterránea ◇"/>
  <item id="3205698787" name="Llave subterránea ○"/>
  <item id="799803762" name="Llave subterránea ▽"/>
  <item id="1487616484" name="Llave recep. este"/>
  <item id="173724291" name="Llave recep. oeste"/>
  <item id="1533915420" name="Llave entrada este"/>
  <item id="745177482" name="Llave entrada oeste"/>
  <item id="2103304725" name="Llave dormi. este"/>
  <item id="3830756271" name="Llave dormi. oeste"/>
  <item id="1574842233" name="Fancy That! N.º 1"/>
  <item id="3302457027" name="Fancy That! N.º 2"/>
  <item id="3016773205" name="Fancy That! N.º 3"/>
  <item id="766827510" name="Fancy That! N.º 4"/>
  <item id="1521740640" name="Fancy That! N.º 5"/>
  <item id="3283794650" name="Fancy That! N.º 6"/>
  <item id="3032320588" name="Fancy That! N.º 7"/>
  <item id="604149725" name="Fancy That! N.º 8"/>
  <item id="1392879435" name="Fancy That! N.º 9"/>
  <item id="868363950" name="Fancy That! N.º 10"/>
  <item id="1153769016" name="Fancy That! N.º 11"/>
  <item id="3721154434" name="Fancy That! N.º 12"/>
  <item id="2865463060" name="Fancy That! N.º 13"/>
  <item id="883944119" name="Fancy That! N.º 14"/>
  <item id="1135139361" name="Fancy That! N.º 15"/>
  <item id="3668020123" name="Fancy That! N.º 16"/>
  <item id="2913385229" name="Fancy That! N.º 17"/>
  <item id="1025091228" name="Fancy That! N.º 18"/>
  <item id="1243518474" name="Fancy That! N.º 19"/>
  <item id="418348397" name="Fancy That! N.º 20"/>
  <item id="2179345623" name="Fancy That! N.º 23"/>
  <item id="2025156773" name="Formulario oficial"/>
  <item id="3787202847" name="Bol vacío"/>
  <item id="2528842121" name="Invit. congregación"/>
  <item id="148866090" name="Pieza helicóptero 1"/>
  <item id="2144908476" name="Pieza helicóptero 2"/>
  <item id="3872515334" name="Pieza helicóptero 3"/>
  <item id="2446775696" name="Caramelo calmante"/>
  <item id="23709697" name="Paqu. sospechoso"/>
  <item id="1986984087" name="Chip Y9"/>
  <item id="380203378" name="Llave cole. Floridab."/>
  <item id="1638810084" name="Llave de mansión"/>
  <item id="4171698270" name="Llave túnel abando."/>
  <item id="2409636040" name="Llave de cabina 1"/>
  <item id="298104171" name="Llave de cabina 2"/>
  <item id="1724089853" name="Zazéfono"/>
  <item id="4291482695" name="Filete peculiar"/>
  <item id="2295194833" name="Champi. legendario"/>
  <item id="410188096" name="Huevo irreal"/>
  <item id="1869990358" name="Legumbres doradas"/>
  <item id="1032069809" name="Caja mágica"/>
  <item id="1250103847" name="Nota del sótano"/>
  <item id="2049975820" name="Pase gratis"/>
  <item id="2487109408" name="Pase de día"/>
  <item id="3261391014" name="Telespejo bolsillo"/>
  <item id="1390148919" name="Panta. desastrosos"/>
  <item id="2870289768" name="Aydrosensor"/>
  <item id="3692172798" name="Aceite de Agujeto"/>
  <item id="1682363220" name="Llave apar. A-104"/>
  <item id="4249846510" name="Llave apar. A-201"/>
  <item id="2320020088" name="Llave apar. A-303"/>
  <item id="338438107" name="Llave apar. B-204"/>
  <item id="1663768397" name="Llave apar. B-301"/>
  <item id="4196550391" name="Llave apar. C-104"/>
  <item id="2368042593" name="Llave apar. C-201"/>
  <item id="496659440" name="Llave apar. C-204"/>
  <item id="1788697446" name="Llave apar. C-301"/>
  <item id="3984554921" name="Almohada sushi"/>
  <item id="2591574847" name="Bolso tempura"/>
  <item id="180836014" name="Cojín de tofu"/>
  <item id="69000860" name="Cascabel espiritual"/>
  <item id="1931210250" name="Bolsa de alma"/>
  <item id="3927097264" name="Bolsa espectral"/>
  <item id="2635435814" name="Carné Liga gato roj."/>
  <item id="57744005" name="Carné Esc. perro b."/>
  <item id="1953901075" name="Pastel prometedor"/>
  <item id="1778442059" name="Wib Wob"/>
  <item id="4077489905" name="Informe Infierno Inf."/>
  <item id="443165636" name="Carta: rey"/>
  <item id="1835866962" name="Carta: reina"/>
  <item id="4100213480" name="Carta: jota"/>
  <item id="2204334718" name="Carta: as"/>
  <item id="333211631" name="Carta: 10"/>
  <item id="1692096377" name="Carta: comodín"/>
  <item id="2109761080" name="Pase de estudio"/>
  <item id="791776607" name="Pase exprés"/>
  <item id="1479982537" name="Nuez kupó"/>
  <item id="3242191987" name="Verdura gysahl"/>
  <item id="3057179877" name="Tres delicias carne"/>
  <item id="677136710" name="Tazo de héroe"/>
  <item id="1599830480" name="Insignia Blasters T"/>
  <item id="3327273066" name="Huevo gelatinoso"/>
  <item id="2975144188" name="Pied. dem. acero ∞"/>
  <item id="568984941" name="Piedra S ∞"/>
  <item id="1458386427" name="Pied. zorro acero ∞"/>
  <item id="908770334" name="Pied. drag. acero ∞"/>
  <item id="1093504136" name="Piedra de olvido ∞"/>
  <item id="3626294578" name="Piedra renacer ∞"/>
  <item id="2938367396" name="Piedra avaricia ∞"/>
  <item id="826767367" name="Pied. atontadora ∞"/>
  <item id="1178618001" name="Piedra gloriosa ∞"/>
  <item id="2823694781" name="Pied. inframundo ∞"/>
  <item id="955331628" name="Pied. legendaria ∞"/>
  <item id="4158121970" name="Bici normal"/>
  <item id="1860089416" name="Superbici"/>
  <item id="433686238" name="Bici marina"/>
  <item id="2277315453" name="Bici chicle"/>
  <item id="4038730731" name="Bici tropical"/>
  <item id="1773367889" name="Bici nocturna"/>
  <item id="515130055" name="Bici campestre"/>
  <item id="2383109974" name="Bici funky"/>
  <item id="4178341824" name="Bici de fuego"/>
  <item id="2580276773" name="Bici vórtice"/>
  <item id="4006401715" name="Bici pastel"/>
  <item id="2009433865" name="Bici fresita"/>
  <item id="12760991" name="Bici celeste"/>
  <item id="2661687868" name="Bici cítrica"/>
  <item id="3919647402" name="Bici caramelo"/>
  <item id="1890075408" name="Bici lima"/>
  <item id="128938886" name="Bici limón"/>
  <item id="2534436375" name="Bici violeta"/>
  <item id="3759627905" name="Bici minera"/>
  <item id="3001464294" name="Bici fugaz"/>
  <item id="3535583278" name="Muelle propulsor"/>
  <item id="1270213012" name="Mano pez martillo"/>
  <item id="1018353922" name="Base de madera"/>
  <item id="2731953313" name="Base de Cimbrón"/>
  <item id="3587275831" name="Casco de chapa"/>
  <item id="1289235853" name="Casco barco pirata"/>
  <item id="1004477723" name="Casco surcaolas"/>
  <item id="2875195530" name="Remo de madera"/>
  <item id="3697750044" name="Remo de Pasodón"/>
  <item id="3164649977" name="Remo oxidado"/>
  <item id="3416754543" name="Remo tridente"/>
  <item id="1387190485" name="Remo aguamarina"/>
  <item id="631892035" name="Bandera principian."/>
  <item id="3150806496" name="Vela de Ritma"/>
  <item id="3435810166" name="Hélice de chatarra"/>
  <item id="1438850252" name="Bandera pirata"/>
  <item id="583281754" name="Vela azul cielo"/>
  <item id="3313238365" name="Amuleto de sol"/>
  <item id="2542660154" name="Alas de pez"/>
  <item id="3767196332" name="Silenciador arcoíris"/>
  <item id="3221821376" name="Póster Sailor Nenas"/>
  <item id="1493190266" name="Máscara de Ultra"/>
  <item id="772241132" name="Coche teledirigido"/>
  <item id="2959336271" name="Cartel de Cristina"/>
  <item id="3345273817" name="Peluca de cosplay"/>
  <item id="1584235107" name="Muñeco"/>
  <item id="694858485" name="Casco esférico"/>
  <item id="3117789028" name="Cohete miniatura"/>
  <item id="3469910002" name="Loro"/>
  <item id="2920617495" name="Máquina recreativa"/>
  <item id="2982536637" name="Vale dorado 1"/>
  <item id="3334657323" name="Vale dorado 2"/>
  <item id="1607173265" name="Vale dorado 3"/>
  <item id="684504071" name="Vale dorado 4"/>
  <item id="3064471972" name="Vale dorado 5"/>
  <item id="3249475890" name="Vale dorado 6"/>
  <item id="836207942" name="Vale dorado 7"/>
  <item id="2947748069" name="Vale dorado 8"/>
  <item id="1487290504" name="Estatua Ilusionisto"/>
  <item id="799109150" name="Est. Flauti. Mamelín"/>
  <item id="3206442383" name="Estatua Dr. Majarov"/>
  <item id="3357105433" name="Estatua Yopple-Bot"/>
  <item id="2833175804" name="Estatua Nocturnia"/>
  <item id="3755598954" name="Estat. Ray Baqueto"/>
  <item id="1188083152" name="Estatua de Diávolo"/>
</items>
