<?xml version='1.0' encoding='utf-8'?>
<items>
  <item id="1744197840" name="Alma Flamileón"/>
  <item id="4278126954" name="Alma Radiopatio"/>
  <item id="2314746364" name="Alma Tembloleón"/>
  <item id="396143711" name="Alma Sirleón"/>
  <item id="1620810953" name="Alma Komasura"/>
  <item id="4187147635" name="Alma Benkei"/>
  <item id="2392194533" name="Alma Jibanyan"/>
  <item id="506126452" name="Alma Pelirrojo"/>
  <item id="1764610274" name="Alm. Rocky Malrolla"/>
  <item id="166353159" name="Alma B3-NK1"/>
  <item id="2129488273" name="Alma Sacoco"/>
  <item id="3890493483" name="Alma Aracnio"/>
  <item id="2430798013" name="Alma Aracne"/>
  <item id="243768606" name="Alma Rúbeo J"/>
  <item id="2038476168" name="Alma Capi-Cachas"/>
  <item id="3767139378" name="Alma DON-CHAN"/>
  <item id="2542718116" name="Alma Algacabana"/>
  <item id="120705333" name="Al. Coman-Cachas"/>
  <item id="1882644899" name="Alma Peter Punki"/>
  <item id="583469764" name="Alma Zalameria"/>
  <item id="2261248938" name="Alma KJ"/>
  <item id="1438661202" name="Alma Ilúho"/>
  <item id="3435752424" name="Alma Elúho"/>
  <item id="3150863230" name="Alma Ubiúho"/>
  <item id="631951069" name="Alma Náuseo"/>
  <item id="3196145147" name="Al. Whis. Kongming"/>
  <item id="1387134539" name="Alma Deslumbrella"/>
  <item id="3416567793" name="Alma Rechinella"/>
  <item id="3164839783" name="Al. Almir. Admirable"/>
  <item id="740066038" name="Alma Auxiliadora"/>
  <item id="315865818" name="Alma Discursi"/>
  <item id="4055948092" name="Alma Cimbalina"/>
  <item id="1528541792" name="Alma Cantonio"/>
  <item id="1004288901" name="Alma Multiniche"/>
  <item id="1289423635" name="Alma Ser Bero"/>
  <item id="3587332777" name="Alma Fracaguas"/>
  <item id="2731895359" name="Alma Patis"/>
  <item id="1018298268" name="Alma Gatóbal Colón"/>
  <item id="1270271754" name="Alma Pantunflo"/>
  <item id="2511085112" name="Alma Maripasada"/>
  <item id="3535773360" name="Alma Ludorái"/>
  <item id="2780343846" name="Alma Gogonzalo"/>
  <item id="889697207" name="Alma Lustre"/>
  <item id="1107329825" name="Alma Dortre"/>
  <item id="1956490562" name="Alma Gran Sabueso"/>
  <item id="60464596" name="Alma Gran Coco"/>
  <item id="2593377390" name="Alm. Condespótico"/>
  <item id="3985964280" name="Alma Fulgurilla"/>
  <item id="1945135451" name="Alma Mochueloqué"/>
  <item id="83319245" name="Alma Fiestuki"/>
  <item id="2650671223" name="Al. Calaveroscopio"/>
  <item id="3942201569" name="Alma Alarción"/>
  <item id="2051417456" name="Alma Renaldo"/>
  <item id="222369254" name="Alma Todoídos"/>
  <item id="1837538307" name="Alma Reptozudo"/>
  <item id="1656311381" name="Alma Zazel"/>
  <item id="444705941" name="Alma Yelmandante"/>
  <item id="2206793007" name="Alma Nihablar"/>
  <item id="4103065017" name="Alma Lorigón"/>
  <item id="1793808410" name="Alma Anjijila"/>
  <item id="502032524" name="Alma Tenongrio"/>
  <item id="2229614902" name="Alma Urnaconda"/>
  <item id="4091677088" name="Alma Juntollero"/>
  <item id="1667044401" name="Alma Impás"/>
  <item id="341451943" name="Alma Murallín"/>
  <item id="1185664960" name="Alma Gambulloso"/>
  <item id="833421142" name="Alma Demoniorco"/>
  <item id="1873039007" name="Alma Masculloso"/>
  <item id="2829430508" name="Alma Rapidizo"/>
  <item id="3751976570" name="Alma Apelicano"/>
  <item id="1103498201" name="Alma Olvirunner"/>
  <item id="918633295" name="Alma Jetnyan"/>
  <item id="2949147381" name="Alma Shurikenny"/>
  <item id="3637467747" name="Alma Segadora"/>
  <item id="1215318002" name="Alma Sónico"/>
  <item id="1064793956" name="Alma Supersónico"/>
  <item id="683134487" name="Alma Batallitos"/>
  <item id="2982059949" name="Alma Indeciguro"/>
  <item id="4140397536" name="Alma Borjamar"/>
  <item id="3334057787" name="Alma Diamanyan"/>
  <item id="1490893464" name="Alma Zafinyan"/>
  <item id="802818574" name="Alma Esmenyan"/>
  <item id="3067304884" name="Alma Rubinyan"/>
  <item id="3251923746" name="Alma Topanyan"/>
  <item id="1365997235" name="Alma Amarguito"/>
  <item id="644630053" name="Alma Mochimacho"/>
  <item id="3626558030" name="Alma Tentelento"/>
  <item id="2939146968" name="Alma Cartepollo"/>
  <item id="908493666" name="Alma Rafaz"/>
  <item id="1092727796" name="Alma Mimoniquí"/>
  <item id="1049832704" name="Alma Yoguididacta"/>
  <item id="3745850967" name="Alma Tentemacho"/>
  <item id="2822903489" name="Alma Tenterila"/>
  <item id="827017083" name="Alma Mirlobirlo"/>
  <item id="1179416557" name="Alma Termascino"/>
  <item id="3606276732" name="Alma Buchinyan"/>
  <item id="2717145834" name="Alma Tempurasan"/>
  <item id="3241399055" name="Alma Wobblenyan"/>
  <item id="3056919449" name="Alma Pufimaloso"/>
  <item id="792572451" name="Alma Negatalia"/>
  <item id="1480229557" name="Alma Espaoi"/>
  <item id="3328055062" name="Alma Calmarinero"/>
  <item id="2975410048" name="Alma Berenpenas"/>
  <item id="676361786" name="Alma Rey Pulsivo"/>
  <item id="3499969580" name="Alma Angustiánima"/>
  <item id="1599555244" name="Alma Furtre"/>
  <item id="3488111421" name="Alma Dámona"/>
  <item id="3102698411" name="Alma Pifiasus"/>
  <item id="288555633" name="Alma Diablés"/>
  <item id="1714696935" name="Alma Malicia"/>
  <item id="973007129" name="Alma Cocó Masiel"/>
  <item id="4282213213" name="Alma Pataleto"/>
  <item id="2285523915" name="Alma Cortarroz"/>
  <item id="375309928" name="Alma Osfurio"/>
  <item id="1633285886" name="Alma Lord Dragón"/>
  <item id="4166035268" name="Alma Dragón Azur"/>
  <item id="2404882386" name="Alma Socarrat"/>
  <item id="535333443" name="Alma Robonyan 2.0"/>
  <item id="1760541397" name="Alma Belcefibio"/>
  <item id="136852272" name="Alma Aracnéfico"/>
  <item id="2133787558" name="Al. Komasa. Sun Ce"/>
  <item id="3861271068" name="Alma Hotei"/>
  <item id="413367817" name="Alma Vociferio"/>
  <item id="2917841001" name="Alma Equinio"/>
  <item id="2434884234" name="Alma Cisnia"/>
  <item id="256243497" name="Alma Rataleza"/>
  <item id="2017642431" name="Alma Afronauta"/>
  <item id="3779827205" name="Alma Genedáver"/>
  <item id="2521605779" name="Alma Malisnia"/>
  <item id="116636418" name="Al. Profes. Avertijo"/>
  <item id="1911851924" name="Alma Globonauta"/>
  <item id="587555059" name="Alma Rey Jibanyan"/>
  <item id="459667185" name="Alma Venoctobot"/>
  <item id="1818412647" name="Alma Kyubot"/>
  <item id="1409437797" name="Alma Dádivo"/>
  <item id="3440050655" name="Alma Falsillo"/>
  <item id="3121361225" name="Alma Esmaltina"/>
  <item id="610837738" name="Alma Babamandra"/>
  <item id="1399821436" name="Alma Vacilagón"/>
  <item id="3395732934" name="Alma Robokapp"/>
  <item id="3177313616" name="Alma Robokoma"/>
  <item id="769583297" name="Al. Roboabuzampa"/>
  <item id="1524226135" name="Alma Robocantonio"/>
  <item id="975065522" name="Alma Robonoko"/>
  <item id="1293508900" name="Alma Robodraqui"/>
  <item id="3557830814" name="Alma Abuspléndido"/>
  <item id="2736193544" name="Alma Wibblekoma"/>
  <item id="1030985131" name="Alma Machimío"/>
  <item id="1249158461" name="Alma Padefo"/>
  <item id="3548247175" name="Alma Pandalón"/>
  <item id="885381504" name="Alma Origenio"/>
  <item id="1136847126" name="Alma Horrogenio"/>
  <item id="2873431623" name="Alm. Terminyanator"/>
  <item id="2360815481" name="Alma Koalanyan"/>
  <item id="1969211253" name="Alma Pufipatitas"/>
  <item id="39385059" name="Alma Pufilindo"/>
  <item id="2605819481" name="Alma Inaguantablio"/>
  <item id="3965097679" name="Alma Dargüin"/>
  <item id="1915880300" name="Alma Mogurinyan"/>
  <item id="87372794" name="Alma Kabukio"/>
  <item id="3946533590" name="Alma Tomnyan"/>
  <item id="2072268615" name="Al. Komaestopistas"/>
  <item id="209944529" name="Alma Escanlofrío"/>
  <item id="1816458804" name="Al. Gememinencias"/>
  <item id="457426594" name="Alma Sololo"/>
  <item id="2185926424" name="Alma Frihuahua"/>
  <item id="4115507086" name="Alma Espayá"/>
  <item id="1797861933" name="Alma Re-Q-Pera"/>
  <item id="472777403" name="Al. Últi. Nyanmurái"/>
  <item id="2346380128" name="Alma Urbasierpe"/>
  <item id="2233946881" name="Alma Aterracota"/>
  <item id="4062208919" name="Alma Estréquito"/>
  <item id="1654619654" name="Alma Cachocarne"/>
  <item id="362303120" name="Alma Leongüista"/>
  <item id="1198106103" name="Alma Vrumbo"/>
  <item id="812553569" name="Al. Chupapremios"/>
  <item id="2842150107" name="Al. Tiburón Tiburcio"/>
  <item id="3730895949" name="Al. Tibur. Jaquetón"/>
  <item id="3802869422" name="Alma Frauduralla"/>
  <item id="3471554932" name="Alma Insaciablo"/>
  <item id="922964344" name="Alma Keji Do Khan"/>
  <item id="2919891138" name="Al. Guerrero Güey"/>
  <item id="3641520212" name="Alma Morenaso"/>
  <item id="1236413893" name="Alma Gruñón Khan"/>
  <item id="1052056915" name="Alma Huracán Güey"/>
  <item id="1584567478" name="Alma Panduro"/>
  <item id="695575584" name="Al. Super. Picajoso"/>
  <item id="2960979354" name="Al. Jibanyan Liu Bei"/>
  <item id="887351763" name="Alma Bóvida"/>
  <item id="3346777356" name="Alma Acelgo"/>
  <item id="1495224495" name="Alma Lena"/>
  <item id="773349433" name="Alma Malmet"/>
  <item id="3071357315" name="Alma Tomoko"/>
  <item id="3222667541" name="Alma Bola Blanda"/>
  <item id="1353260164" name="Alma Akusika"/>
  <item id="665725970" name="Alma Leonerai"/>
  <item id="415699660" name="Alma Trenditópico"/>
  <item id="3119286754" name="Al. Procrastinocho"/>
  <item id="3656026233" name="Alma Malena"/>
  <item id="2934814959" name="Alma Retuiterio"/>
  <item id="937748821" name="Alma Tumbardillo"/>
  <item id="1088674243" name="Alma Dr. Nihil Listo"/>
  <item id="3733408864" name="Alma Dr. Nocturnia"/>
  <item id="197692315" name="Alma Jibanyan T"/>
  <item id="3906726525" name="Alma Ciclomán"/>
  <item id="2843770102" name="Alma Picassina"/>
  <item id="814296396" name="Alma No-No"/>
  <item id="1200496090" name="Alma Tristeresa"/>
  <item id="3610312779" name="Alma Todoapesta"/>
  <item id="2687906013" name="Alma Hierodista"/>
  <item id="3237067064" name="Alma Dabombo"/>
  <item id="3086387630" name="Alma Amarilia"/>
  <item id="788518932" name="Alma Agorerana"/>
  <item id="1509484674" name="Alma Noaipapel"/>
  <item id="3348921633" name="Al. Bomboledores"/>
  <item id="2962967991" name="Alma Katano"/>
  <item id="697441293" name="Alma Katananái"/>
  <item id="1586834587" name="Alma Mosquereta"/>
  <item id="3458871562" name="Alma Pupilo Panja"/>
  <item id="3106734492" name="Alma Minipulpobola"/>
  <item id="326482984" name="Alma Katakroken"/>
  <item id="1685228734" name="Alma Pelochnyan"/>
  <item id="4252753156" name="Alma Hermanión"/>
  <item id="2323443090" name="Alma Pringurón"/>
  <item id="337147953" name="Alma Bronquereta"/>
  <item id="1662994599" name="Alma Panja Pro"/>
  <item id="4195752221" name="Alm. Pulpobola Rey"/>
  <item id="1970927398" name="Alma Supernyan"/>
  <item id="2811919546" name="Alma Dex Cápito"/>
  <item id="286601762" name="Alma Seleno"/>
  <item id="2366712203" name="Alma Telespejo"/>
  <item id="497955866" name="Alma Chancleto"/>
  <item id="1789461644" name="Alma Malpejismo"/>
  <item id="175017321" name="Alma Trielespejo"/>
  <item id="2104081919" name="Alma Gran Mangu"/>
  <item id="663231553" name="Alma Kapman"/>
  <item id="3831557189" name="Alma Ejemtos"/>
  <item id="2473057491" name="Alma Erizlor"/>
  <item id="218319216" name="Alma Sombrillo"/>
  <item id="2047113702" name="Alma Sombrío"/>
  <item id="3809290332" name="Alma Mazorco"/>
  <item id="2483689674" name="Alma Reahucio"/>
  <item id="78972251" name="Alma Espinyan"/>
  <item id="1941059021" name="Alma Sombrillogro"/>
  <item id="2700589219" name="Alma Pandora"/>
  <item id="558096042" name="Alma Suspicioni"/>
  <item id="1447358012" name="Alma Pataletoni"/>
  <item id="3477979014" name="Alma Atierrador"/>
  <item id="3091894032" name="Alma Aterrahorror"/>
  <item id="640555699" name="Alma Tortícolis"/>
  <item id="1361652261" name="Alma Cremallero"/>
  <item id="3357571999" name="Alma Cartairada"/>
  <item id="3207023369" name="Alma Tengullón"/>
  <item id="798512792" name="Alma Contrarioni"/>
  <item id="1486841358" name="Alma Ojezno"/>
  <item id="945352683" name="Alma Joyezno"/>
  <item id="2561744626" name="Alma Cutremomia"/>
  <item id="1139071301" name="Alma Frustrolillo"/>
  <item id="1331683197" name="Alma Aydroide Y"/>
  <item id="3595996871" name="Alma Corbapacasa"/>
  <item id="2706488913" name="Alma Tentanfadado"/>
  <item id="1060449266" name="Alma Todobelicoso"/>
  <item id="1211243364" name="Alma Naqueperder"/>
  <item id="3510323934" name="Alma Pulpopular"/>
  <item id="2788981320" name="Alma Robonyan"/>
  <item id="914581465" name="Alma Eleganfibio"/>
  <item id="1099192143" name="Alma Sir Nyancelot"/>
  <item id="1998158124" name="Alma Explotacota"/>
  <item id="1984954" name="Alma Capitán Nublo"/>
  <item id="4021694052" name="Alma Cofre Cafre"/>
  <item id="2568427520" name="Alma Cupístolo"/>
  <item id="3994036374" name="Alma Robin Ful"/>
  <item id="1886698805" name="Alma Sierpesado"/>
  <item id="125013411" name="Alma Jibanyan B"/>
  <item id="2658851865" name="Alma Komasan B"/>
  <item id="3917343887" name="Alma Usapyon B"/>
  <item id="2042818846" name="Alma Nunchucky"/>
  <item id="247841160" name="Alma Usapyon"/>
  <item id="1845643373" name="Alma Cobravil"/>
  <item id="1909636039" name="Alma Komanubis"/>
  <item id="419789051" name="Alma Cotilleja"/>
  <item id="2148280641" name="Alma Esquelleja"/>
  <item id="4144699863" name="Alma Marulleja"/>
  <item id="1768918132" name="Alma Felisonte"/>
  <item id="510180578" name="Alma Tricotom"/>
  <item id="2271341912" name="Alma Mamá Aura"/>
  <item id="4033273294" name="Alma Tita Corazón"/>
  <item id="1624883295" name="Alma Opti"/>
  <item id="400486601" name="Alma Iluminocto"/>
  <item id="1160715182" name="Alma Abuflorido"/>
  <item id="841493304" name="Alma Don Kaldo"/>
  <item id="2871097986" name="Alma Ambrosio"/>
  <item id="3693496852" name="Alma Contentallo"/>
  <item id="1111678903" name="Alma Talloestrella"/>
  <item id="893775649" name="Alma Chocovaca"/>
  <item id="2890710683" name="Alma Vacaloca"/>
  <item id="3679161869" name="Alma Tomanota"/>
  <item id="1274319772" name="Al. Chun. Tachunda"/>
  <item id="1022599946" name="Alma Espe"/>
  <item id="1546922735" name="Alma Chocobonyan"/>
  <item id="724769401" name="Al. Reina Usapyon"/>
  <item id="4242398198" name="Alma Lord Pedigrí"/>
  <item id="1234443670" name="Alma Ulteria"/>
  <item id="2990164931" name="Alma Negatisquito"/>
  <item id="3309140821" name="Alma Deprisquito"/>
  <item id="1532620534" name="Alma Zampo"/>
  <item id="744414816" name="Alma Enciélago"/>
  <item id="3042414554" name="Alma Picorrón"/>
  <item id="3260071756" name="Alma Caseriélago"/>
  <item id="1391436509" name="Alma Ermiciélago"/>
  <item id="635998795" name="Alma Komasan"/>
  <item id="3685496352" name="Alma Komajiro"/>
  <item id="2896889526" name="Alma BellónZ"/>
  <item id="899831564" name="Alma Komaleón"/>
  <item id="1118136218" name="Alma Komatigrado"/>
  <item id="3703697977" name="Alma Venocto"/>
  <item id="2881929903" name="Alma Venoctoscuro"/>
  <item id="852464405" name="Alma Maginyan"/>
  <item id="1170776963" name="Alma Estatiniño"/>
  <item id="3855018679" name="Alma Jurojin"/>
  <item id="3581394450" name="Alma Yopaso"/>
  <item id="2725285508" name="Alma Puf"/>
  <item id="3266774881" name="Alma Yanomás"/>
  <item id="3048224759" name="Alma Kappandante"/>
  <item id="750347853" name="Alma Abuzampa"/>
  <item id="1539200731" name="Alma Reboca"/>
  <item id="3319448440" name="Alma Pilicajosa"/>
  <item id="3000890350" name="Alma Pellurón"/>
  <item id="735355476" name="Alma Charlatón"/>
  <item id="1557369538" name="Alma Losiento"/>
  <item id="3429666643" name="Alma Samuranguila"/>
  <item id="3144400837" name="Al. Pomponio Gala"/>
  <item id="3381034349" name="Alma Topiña"/>
  <item id="314037791" name="Alma Kappadachín"/>
  <item id="1706092169" name="Alma Gargazampa"/>
  <item id="4240029491" name="Alma Timidiablo"/>
  <item id="2344519589" name="Alma Tochaplátano"/>
  <item id="366612998" name="Alma Domiplof"/>
  <item id="1658659472" name="Alma Anguilocio"/>
  <item id="1712456372" name="Alma Alpina"/>
  <item id="4225004330" name="Alma Quierodeso"/>
  <item id="2362655676" name="Alma Limonescente"/>
  <item id="2177778550" name="Alma Cascarito"/>
  <item id="476864045" name="Alma Flus"/>
  <item id="1802202811" name="Alma Aburroz"/>
  <item id="195880798" name="Alma Melonyan"/>
  <item id="2091636680" name="Alma Naranyan"/>
  <item id="3852633714" name="Alma Kiwinyan"/>
  <item id="2460333796" name="Alma Uvanyan"/>
  <item id="213984071" name="Alma Fresanyan"/>
  <item id="2076578769" name="Alma Sandinyan"/>
  <item id="3805233771" name="Alma Tochacolate"/>
  <item id="1756227139" name="Alma Momonyan"/>
  <item id="531289813" name="Alma Perronyan"/>
  <item id="2258863983" name="Alma Simionyan"/>
  <item id="4054104057" name="Alma Faisanyan"/>
  <item id="2462177825" name="Alma Fukurokuju"/>
  <item id="1992261598" name="Alma Yemajestad"/>
  <item id="2512941821" name="Alma Eskakeo"/>
  <item id="91713388" name="Alma Barbacoo"/>
  <item id="1919967226" name="Alma Arrocet"/>
  <item id="545371293" name="Alma Lapo"/>
  <item id="1468433419" name="Alma Frikigarto"/>
  <item id="3465532849" name="Alma Kyryn"/>
  <item id="3112756519" name="Alma Unikyryn"/>
  <item id="669806724" name="Alma Oso Boco"/>
  <item id="3387036072" name="Alma Sustóleo"/>
  <item id="3202687294" name="Al. Abuzampa XXL"/>
  <item id="1474488526" name="Alma Tofupyon"/>
  <item id="810067250" name="Alma Ingenio"/>
  <item id="1295995255" name="Alma Fenixtelecto"/>
  <item id="777665711" name="Alma Envelo"/>
  <item id="1499270201" name="Alma Hazlotú"/>
  <item id="966428124" name="Alma Frivolia"/>
  <item id="1318958410" name="Alma Dracunyan"/>
  <item id="3616859376" name="Alma Cafeíno"/>
  <item id="2694042726" name="Alma Partidacio"/>
  <item id="1056391621" name="Alma Jotamasan"/>
  <item id="1240494419" name="Alma Níscala"/>
  <item id="3505987817" name="Alma Cafechucho"/>
  <item id="2818445439" name="Alma Abuflauta"/>
  <item id="212160386" name="Alma Milperdones"/>
  <item id="927010286" name="Alm. Devoramonios"/>
  <item id="1078345080" name="Alma Devoralmas"/>
  <item id="1994068763" name="Alma Curaníscala"/>
  <item id="31204237" name="Alma Filete II"/>
  <item id="2564125239" name="Alma Miss Teria"/>
  <item id="4023534241" name="Alma Superniñato"/>
  <item id="1907808002" name="Alma Repostilleja"/>
  <item id="112322452" name="Alma Octosierpe"/>
  <item id="2679682606" name="Alma Isotomas"/>
  <item id="3904865976" name="Al. Super. Rebelde"/>
  <item id="2013305641" name="Alma Grafilcebú"/>
  <item id="252160959" name="Alma Daikokuten"/>
  <item id="1874862682" name="Alma Zudado"/>
  <item id="1629203048" name="Alma Repeloso"/>
  <item id="370973438" name="Alma Jipigenio"/>
  <item id="1156411801" name="Alma Brownilda"/>
  <item id="870990095" name="Alma Relapache"/>
  <item id="2867007669" name="A. Albornocita Azul"/>
  <item id="3722715171" name="Al. Dormidomingo"/>
  <item id="1132508544" name="Alma Florentina"/>
  <item id="3673000191" name="Alma Vulcavador"/>
  <item id="881296662" name="Alma Milimpiano"/>
  <item id="2911818924" name="Alma Chupatinas"/>
  <item id="3666469946" name="Alma Chupatodo"/>
  <item id="1245116843" name="Alma Samulimpio"/>
  <item id="1026672957" name="Alma Sailornyan"/>
  <item id="1576419544" name="Alma Calabilidoso"/>
  <item id="720465998" name="Alma Camelia"/>
  <item id="3019383284" name="Alma Divamarina"/>
  <item id="3305050466" name="Alma Sushinyan"/>
  <item id="2093988621" name="Alma Komasan T"/>
  <item id="2131309557" name="Alma Populina"/>
  <item id="1520141505" name="Alma Niebli"/>
  <item id="765244503" name="Alma Nébula"/>
  <item id="3029722605" name="Alma Apéstula"/>
  <item id="3281180027" name="Alma Rayito"/>
  <item id="1395509482" name="Alma Desinverest"/>
  <item id="606795900" name="Alma Trabalanghi"/>
  <item id="3664665623" name="Alma Panceto"/>
  <item id="2909367425" name="Alma Kyubi"/>
  <item id="878722363" name="Alma Komasan S"/>
  <item id="1130827181" name="Alma Lavadenco"/>
  <item id="3708000270" name="Alma Flamngu"/>
  <item id="2852432024" name="Alma Pezquiciado"/>
  <item id="856553762" name="Alma Mandícoro"/>
  <item id="1141557684" name="Alma Jibakoma"/>
  <item id="3568686117" name="Al. Inverestupción"/>
  <item id="2746410163" name="Alma Bishamonten"/>
  <item id="3279252822" name="Alma Mokopavo"/>
  <item id="3027393984" name="Alma Goto"/>
  <item id="763038842" name="Alma Pezqueroso"/>
  <item id="1518091500" name="Alma Cellisca"/>
  <item id="3289950543" name="Alma Gatallanes"/>
  <item id="3005192665" name="Alma Sirimiri"/>
  <item id="706136163" name="Alma Pezgativo"/>
  <item id="1561458933" name="Alma Bergantín"/>
  <item id="3450791268" name="Alma Cazamentires"/>
  <item id="3131692530" name="Alm. Saporientador"/>
  <item id="402178202" name="Alma Ebisu"/>
  <item id="2074246932" name="Alma Deporchugo"/>
  <item id="1582605541" name="Al. Timora. Buendía"/>
  <item id="1627385868" name="Alma Ondívoro"/>
  <item id="4193690038" name="Alma Clicán"/>
  <item id="2398196000" name="Alma Coberturo"/>
  <item id="278201475" name="Alma Pom"/>
  <item id="1737634837" name="Alma Komajiro S"/>
  <item id="4271596975" name="Alma Cazarayos"/>
  <item id="2308724025" name="Alma T. Energison"/>
  <item id="421742760" name="Alma Koma Estrella"/>
  <item id="1847883838" name="Alma Indiligencio"/>
  <item id="249819611" name="Alma Aranecido"/>
  <item id="2045034829" name="Al. Monte Merario"/>
  <item id="3773665527" name="Al. Leñaciegotxea"/>
  <item id="2548736097" name="Alma Tanquivocado"/>
  <item id="160314818" name="Alma Desaranecido"/>
  <item id="2122909012" name="Alma Flequipilante"/>
  <item id="3883947246" name="Alma Pachús"/>
  <item id="2424792184" name="Alma Copo"/>
  <item id="3701225" name="Alm. Tornalmohado"/>
  <item id="2000636287" name="Alma Metepatas"/>
  <item id="634298904" name="Alma Fristina"/>
  <item id="1388941966" name="Alma Granizia"/>
  <item id="3418407732" name="Alma Ventisquero"/>
  <item id="3167220642" name="Alma Coneagente"/>
  <item id="581133825" name="Alma Blancacone"/>
  <item id="533641744" name="Alma Grazi"/>
  <item id="1436833431" name="Alma Ningarra"/>
  <item id="3433891629" name="Alma Habilgarra"/>
  <item id="3148494779" name="Alma Ayay"/>
  <item id="722807338" name="Alma Horterraro"/>
  <item id="1544690364" name="Alma Noguío"/>
  <item id="1020629849" name="Alma Topami"/>
  <item id="1272095695" name="Alma Tengulecto"/>
  <item id="3537629813" name="Alma Desolvidador"/>
  <item id="2782708451" name="Alma Tengu"/>
  <item id="1001936704" name="Alma Memorio"/>
  <item id="1287612374" name="Alma Tenguriginal"/>
  <item id="3585488492" name="Alma Castelius II"/>
  <item id="2729510650" name="Alma Castelius III"/>
  <item id="839785323" name="Alma Castelius I"/>
  <item id="1158228989" name="Alma Aureonyan"/>
  <item id="1324997007" name="Alma Maldenotep"/>
  <item id="1939080606" name="Alma Maxicastelius"/>
  <item id="76756232" name="Alma Platinum"/>
  <item id="2644141234" name="Alma Showbonyan"/>
  <item id="3936179236" name="Alma Whisper"/>
  <item id="1962525063" name="Alma Whispócrates"/>
  <item id="67039505" name="Alma Alcaldero"/>
  <item id="2599919787" name="Alma Sinná"/>
  <item id="3991965757" name="Al. Sheriff Agonio"/>
  <item id="2102365612" name="Alma Sinnareno"/>
  <item id="172539194" name="Alma Jibanyan S"/>
  <item id="1787770079" name="Alma Kapparfista"/>
  <item id="495453257" name="Alma Bolilete"/>
  <item id="2223068659" name="Alma Doblilete"/>
  <item id="4085671269" name="Alma Reversa"/>
  <item id="1843589318" name="Alma Reversada"/>
  <item id="451264592" name="Alma Insomna"/>
  <item id="2213319146" name="Alma Tripasqueleto"/>
  <item id="4109083004" name="Al. Ángel Garudián"/>
  <item id="1683274989" name="Alma Asnyan"/>
  <item id="4222623727" name="Al. Hover. Cao Cao"/>
  <item id="324242555" name="Alma Algio"/>
  <item id="1101162268" name="Alma Agujeto"/>
  <item id="916805514" name="Alma Machaka"/>
  <item id="2947286576" name="Alma Rebelcebú"/>
  <item id="3635099302" name="Alma Caporrista"/>
  <item id="1188012805" name="Alma Conde Caries"/>
  <item id="835228563" name="Alma Shogunyan"/>
  <item id="2831270441" name="Alma Dorantúo"/>
  <item id="3754357439" name="Alma Implacablio"/>
  <item id="1333391150" name="Alma Puergazán"/>
  <item id="947838904" name="Alma Torreznio"/>
  <item id="1488541277" name="Alma Kintaronyan"/>
  <item id="364805827" name="Alma Hovernyan S"/>
  <item id="1758038662" name="Alma Maharazás"/>
  <item id="801007307" name="Alma Rayael"/>
  <item id="3065460593" name="Alma Chíclope"/>
  <item id="3249539047" name="Alma Nievacolas"/>
  <item id="1607766596" name="Alma Cantigarra"/>
  <item id="684958418" name="Alma Péditum"/>
  <item id="2983916392" name="Alma Bateadós"/>
  <item id="3336422398" name="A. Usapy. Zhongda"/>
  <item id="1449320047" name="Alma Benzaiten"/>
  <item id="2682051307" name="Al. Pregundra. Rey"/>
  <item id="864955850" name="Alma Adoleszombi"/>
  <item id="560328441" name="Alma Tontolín"/>
  <item id="3743500946" name="Alma Ido"/>
  <item id="2821093892" name="Alma Cimbrón"/>
  <item id="825174974" name="Alma Pasodón"/>
  <item id="1177033512" name="Alma Ritma"/>
  <item id="3628895883" name="Alma Cuesco"/>
  <item id="2940976669" name="Alma Nomevén"/>
  <item id="910356391" name="Alma Torivinador"/>
  <item id="1095098161" name="Alma Toragorero"/>
  <item id="3522871968" name="A. Pio. Yonohesido"/>
  <item id="2801660470" name="Alma Ambivalencio"/>
  <item id="3325721555" name="Alma Chapulín"/>
  <item id="2973584197" name="Alma Turdido"/>
  <item id="674503423" name="Alma Nostoy"/>
  <item id="1597188713" name="Alma Nul"/>
  <item id="3243753418" name="Alma Hovernyan"/>
  <item id="3058732892" name="Alma Torivino"/>
  <item id="794418918" name="Alma Estrenoko"/>
  <item id="114658129" name="Alma Intelecto"/>
  <item id="135136099" name="Alma Rolláculo"/>
  <item id="2175414195" name="Alma Aviguito Pío"/>
  <item id="1482616432" name="Alma Trilépata"/>
  <item id="3370251233" name="Alma Algazara"/>
  <item id="3219571575" name="Alma Labizula"/>
  <item id="372943533" name="Alma Enerposa"/>
  <item id="1631427131" name="Alma Eneposa"/>
  <item id="4164209537" name="Alma Graciosno"/>
  <item id="2402548503" name="Alma Boquirroto"/>
  <item id="290942644" name="Alma Sincara"/>
  <item id="1716543010" name="Alma Peluco"/>
  <item id="4284026776" name="Alma Cardado"/>
  <item id="2287877902" name="Alma Nereida"/>
  <item id="417407647" name="Alma Trampeida"/>
  <item id="1877348873" name="Al. Don Despacito"/>
  <item id="253860844" name="Alma Tetrariosa"/>
  <item id="2015800186" name="Alma Esquelebella"/>
  <item id="3778017984" name="Alma Mejorposa"/>
  <item id="2519255638" name="Alma Vivariposa"/>
  <item id="139223029" name="Alma Negasus"/>
  <item id="2135650147" name="Alma Hilarión"/>
  <item id="3863101145" name="Alma Yopago"/>
  <item id="2437221967" name="Alma Foliculio"/>
  <item id="33166302" name="Alma Sirenia"/>
  <item id="1996301128" name="Alma Oceánida"/>
  <item id="604817455" name="Alma Pelusón"/>
  <item id="1351560407" name="Al. Robo. Definitivo"/>
  <item id="693343347" name="Alma Miss Mousse"/>
  <item id="3622864949" name="Alma Rey Palmiro"/>
  <item id="1196397988" name="Alma Bastenyan"/>
  <item id="4138540837" name="Alma Pecificador"/>
  <item id="2861005936" name="Alma Nyansés II"/>
  <item id="1393293497" name="Alma Blanpir"/>
  <item id="3389171971" name="Alma Coagulón"/>
  <item id="3171260821" name="Alma Nomedá"/>
  <item id="593562678" name="Alma Noko"/>
  <item id="1415986336" name="Alma Nomi"/>
  <item id="3446631706" name="Alma Pillastre"/>
  <item id="3127401868" name="Alma Pandanoko"/>
  <item id="718749725" name="Alma Florinoko"/>
  <item id="1573941387" name="Alma Gran Nomi"/>
  <item id="41863088" name="Al. Embaj. Fabuloso"/>
  <item id="1024981358" name="Alma Kieroto"/>
  <item id="1242614264" name="Alma Prestragón"/>
  <item id="3541669954" name="Alma Záppingla"/>
  <item id="2753472724" name="Alma Timo Gallo"/>
  <item id="981089655" name="Alma Cinisierpe"/>
  <item id="1300041185" name="Alma Bolsadrón"/>
  <item id="3564395611" name="Alma Odisenyan"/>
  <item id="1149836636" name="Alma Tibu Jones"/>
  <item id="3716173030" name="Alma Miopatra"/>
  <item id="2742250701" name="Alma Draqui"/>
  <item id="869036380" name="Alma Dormileón"/>
  <item id="1154171338" name="Alma Apanleado"/>
  <item id="1918267305" name="Alma Casanovo"/>
  <item id="89218879" name="Alma Casanono"/>
  <item id="2623016581" name="Alma Dandiniche"/>
  <item id="3948887571" name="Alma León Alfa"/>
  <item id="1966844848" name="Alma Globqueo"/>
  <item id="37526310" name="Alma Globtundente"/>
  <item id="2603993756" name="Alma Montaña Loca"/>
  <item id="3962763786" name="Alma Lord Lava"/>
  <item id="2089674651" name="Alma Inquielifante"/>
  <item id="193648397" name="Alma Perselefante"/>
  <item id="1800232680" name="Alma Mamuguanto"/>
  <item id="474639998" name="Alma Tigrenyan"/>
  <item id="2235776964" name="Alma Sumodón"/>
  <item id="4064546642" name="Al. Supersumodón"/>
  <item id="1814076145" name="Alma Alga Senséi"/>
  <item id="455584359" name="Alma Saltetera"/>
  <item id="1526720516" name="Al. Mazado Calzada"/>
  <item id="2184117213" name="Alma Komemo"/>
  <item id="4113156939" name="Alma Fracalavero"/>
  <item id="1704384218" name="Alma Herrato"/>
  <item id="311551564" name="Alma Aymadrilo"/>
  <item id="1080036651" name="Alma Bebesaurio"/>
  <item id="929512893" name="Al. Luigi Longueras"/>
  <item id="2926472199" name="Alma Sushiyama"/>
  <item id="3647560849" name="Alma Kapunki"/>
  <item id="1192085810" name="Alma Pegarabajo"/>
  <item id="806025636" name="Alma Enormarabajo"/>
  <item id="2835589150" name="Alma Cuernarabajo"/>
  <item id="3724843144" name="Alma Komecasa"/>
  <item id="1320912153" name="Alma Destrukto"/>
  <item id="968668559" name="Alma Gargantúo"/>
  <item id="1501248618" name="Al. Destrozasaurio"/>
  <item id="779881724" name="Alma Torpesaurio"/>
  <item id="3077922118" name="Alma Diez Komajiro"/>
  <item id="3228724688" name="Alma Whismodín"/>
  <item id="551934040" name="Alm. Demoni. Lu Bu"/>
  <item id="28856136" name="Alma Penancio"/>
  <item id="976773601" name="Alma Dradorado"/>
  <item id="1578563699" name="Alma Lucharabajo"/>
  <item id="689031397" name="Alma Camperabajo"/>
  <item id="2954402143" name="Alma Chafarabajo"/>
  <item id="3340741065" name="Alma Papá Rayo"/>
  <item id="1470149720" name="Alma Tío Infinito"/>
  <item id="547849422" name="Alma Osademonio"/>
  <item id="3739426981" name="Alma Arfidio"/>
  <item id="2850295859" name="Alma Kappafalso"/>
  <item id="820855177" name="Alma Tigrappa"/>
  <item id="1206546719" name="Alma Kappamalo"/>
  <item id="3650020540" name="Alma Arenito"/>
  <item id="2928268330" name="Alma Don Arenito"/>
  <item id="931169680" name="Alma Prudencio"/>
  <item id="1082635526" name="Alma Estatinarca"/>
  <item id="3493374103" name="Alma Avarqueroso"/>
  <item id="2805962753" name="Alma Maravinyan"/>
  <item id="3354923492" name="Alma Normalino"/>
  <item id="2969510258" name="Alma Preguntio"/>
  <item id="704016584" name="Alma Respondio"/>
  <item id="1592868958" name="Alma Fantasfitriona"/>
  <item id="3231045117" name="Alma Baku"/>
  <item id="3079857515" name="Alma Bilgatino"/>
  <item id="781956305" name="Alma Oskyubi"/>
  <item id="1503429703" name="Alma Arruñona"/>
  <item id="3374553558" name="Alma Belladona"/>
  <item id="3190073664" name="Alma Eterna"/>
  <item id="343676148" name="Alma Morfea"/>
  <item id="1669014626" name="Alma Somnia"/>
  <item id="4201805272" name="Alma Caldewok"/>
  <item id="2373272910" name="Alma Injustio"/>
  <item id="319934701" name="Alma Su Hackeltad"/>
  <item id="1708427852" name="Alma Educoso"/>
  <item id="1679220859" name="Alma Minimoto"/>
  <item id="4246712769" name="Alma Exitio"/>
  <item id="2316861783" name="Alma Máster Chof"/>
  <item id="447192262" name="Alma Sincopollo"/>
  <item id="1839246416" name="Alma Bellotieso"/>
  <item id="224863669" name="Alma MC Kappa"/>
  <item id="2053117219" name="Alma Maracario"/>
  <item id="3815326873" name="Alma Kimera"/>
  <item id="2490266639" name="Alma Kimerreal"/>
  <item id="168485292" name="Alma Paupermán"/>
  <item id="2098057530" name="Alma Chafarina"/>
  <item id="3825500288" name="Alma Darknyan"/>
  <item id="2466492438" name="Alma Ultra N"/>
  <item id="62696839" name="Alma Ultra K"/>
  <item id="3746185141" name="Alma punzante"/>
  <item id="1178824207" name="Alma cortadora"/>
  <item id="826564249" name="Alma fusión"/>
  <item id="2938161978" name="Alma ardiente"/>
  <item id="3626498988" name="Alma húmeda"/>
  <item id="1093577238" name="Alma chisposa"/>
  <item id="908696192" name="Alma cósmica"/>
  <item id="2794882833" name="Alma gélida"/>
  <item id="3515987847" name="Alma rotatoria"/>
  <item id="2975219298" name="Alma purificadora"/>
  <item id="3327201012" name="Alma impecable"/>
  <item id="1599627086" name="Alma centinela"/>
  <item id="3057384059" name="Alma sin igual"/>
  <item id="3241986797" name="Alma siniestra"/>
  <item id="1479908183" name="Alma de carga"/>
  <item id="791849921" name="Alma sigilosa"/>
  <item id="3213735504" name="Superalma"/>
  <item id="3364521670" name="Alma célebre"/>
  <item id="2591780257" name="Alma ingrávida"/>
  <item id="3984350519" name="Alma invocadora"/>
  <item id="1953827981" name="Alma arrasadora"/>
  <item id="57818139" name="Alma fiebre roja"/>
</items>
