<?xml version='1.0' encoding='utf-8'?>
<items>
  <item id="3379315793" name="초코바"/>
  <item id="1421573352" name="매실 삼각김밥"/>
  <item id="1909465908" name="새우튀김 삼각김밥"/>
  <item id="1667599578" name="오무라이스 주먹밥"/>
  <item id="4273124451" name="안지쳐 드링크"/>
  <item id="3688491967" name="절대안지쳐 드링크"/>
  <item id="2210069481" name="절대안지쳐 드링크G"/>
  <item id="990289036" name="힘 부적"/>
  <item id="2070870710" name="파워풀 부적"/>
  <item id="3285360083" name="초월 부적"/>
  <item id="3513201213" name="정신력 부적"/>
  <item id="1775981912" name="지능 부적"/>
  <item id="4094455265" name="지력 부적"/>
  <item id="1286605444" name="방어력 부적"/>
  <item id="1577428330" name="평정심 부적"/>
  <item id="3870933519" name="수호 부적"/>
  <item id="3202011737" name="요기봐요"/>
  <item id="107394364" name="요기봐요 인형"/>
  <item id="1020166246" name="요기봐요 오뚝이"/>
  <item id="2879873373" name="냠냠 트랩"/>
  <item id="2222122755" name="전파신 트랩"/>
  <item id="2529642733" name="발전신 트랩"/>
  <item id="3105017523" name="타올라 폭탄"/>
  <item id="779825032" name="슈퍼 타올라 폭탄"/>
  <item id="3014399793" name="울트라 타올라 폭탄"/>
  <item id="185626708" name="포스 버스터"/>
  <item id="430301114" name="포스 버스터G"/>
  <item id="2702817503" name="포스 버스터GX"/>
  <item id="320538168" name="로보냥 펀치"/>
  <item id="4185565321" name="로보냥 펀치F"/>
  <item id="1103548396" name="골드냥 펀치"/>
  <item id="2395750017" name="안띄림자 필드"/>
  <item id="913332708" name="못채림자 필드"/>
  <item id="616953354" name="없지림자 필드"/>
</items>
