<?xml version='1.0' encoding='utf-8'?>
<items>
  <item id="1178824207" name="퍼렁 도깨비 B혼"/>
  <item id="2938161978" name="삼두 구렁이 B혼"/>
  <item id="826564249" name="껌정 도깨비 B혼"/>
  <item id="3515987847" name="8대 망령 낚신 B혼"/>
  <item id="3150863230" name="사슴벌레 무사 혼"/>
  <item id="676361786" name="배드냥 혼"/>
  <item id="885381504" name="다시마군 혼"/>
  <item id="2919891138" name="요괴형님 혼"/>
  <item id="2366712203" name="용용이 혼"/>
  <item id="2909367425" name="괴팍양 혼"/>
  <item id="878722363" name="불만이양 혼"/>
  <item id="631951069" name="사슴벌레 대장 혼"/>
  <item id="1387134539" name="왕사슴벌레 신 혼"/>
  <item id="497955866" name="신룡 혼"/>
  <item id="1789461644" name="청룡 혼"/>
  <item id="535333443" name="황멍이 혼"/>
  <item id="3861271068" name="호랑견 혼"/>
  <item id="1136847126" name="미역뿌리양 혼"/>
  <item id="1599555244" name="로보냥 혼"/>
  <item id="136852272" name="황멍이S 혼"/>
  <item id="2759509009" name="미역군 혼"/>
  <item id="697441293" name="불신 도깨비 혼"/>
  <item id="3106734492" name="쫄데빌 혼"/>
  <item id="337147953" name="럭키 스네이크 혼"/>
  <item id="4195752221" name="해피 드래곤 혼"/>
  <item id="1539200731" name="미역☆스타 혼"/>
  <item id="2404882386" name="백멍이 혼"/>
  <item id="2133787558" name="사자견 혼"/>
  <item id="1760541397" name="백멍이S 혼"/>
  <item id="531289813" name="위스냥 혼"/>
  <item id="610837738" name="공복영감 혼"/>
  <item id="3395732934" name="게걸영감 혼"/>
  <item id="3610312779" name="자꾸손 혼"/>
  <item id="2473057491" name="꿀꺽죠스 혼"/>
  <item id="218319216" name="서툴러죠스 혼"/>
  <item id="1658659472" name="초식남 혼"/>
  <item id="1056391621" name="인어 혼"/>
  <item id="1240494419" name="인어・괴 혼"/>
  <item id="1141557684" name="장어무사 혼"/>
  <item id="3568686117" name="싸우장어 혼"/>
  <item id="341451943" name="구미 혼"/>
  <item id="4252753156" name="왕고약 혼"/>
  <item id="2323443090" name="악중악 혼"/>
  <item id="2564125239" name="어선녀 혼"/>
  <item id="2788981320" name="논귀 혼"/>
  <item id="3581394450" name="우점이 혼"/>
  <item id="2725285508" name="우점이・괴 혼"/>
  <item id="2177778550" name="짱이쥐 혼"/>
  <item id="914581465" name="논귀・괴 혼"/>
  <item id="3144400837" name="우점선생 혼"/>
  <item id="1245116843" name="껌정 도깨비 혼"/>
  <item id="2434884234" name="때리멍 혼"/>
  <item id="256243497" name="어물어물 혼"/>
  <item id="402178202" name="멍멍냥 혼"/>
  <item id="421742760" name="우사뿅 혼"/>
  <item id="1847883838" name="우사뿅 혼"/>
  <item id="249819611" name="우사뿅 혼"/>
  <item id="2045034829" name="우사뿅 혼"/>
  <item id="3773665527" name="우사뿅 혼"/>
  <item id="1915880300" name="좌절좌절 혼"/>
  <item id="87372794" name="막막좌절 혼"/>
  <item id="814296396" name="칙칙하잔느 혼"/>
  <item id="3207023369" name="얼짱견 혼"/>
  <item id="724769401" name="왕두꺼비 혼"/>
  <item id="3458871562" name="심술 도깨비 혼"/>
  <item id="2042818846" name="따라해마네킹 혼"/>
  <item id="1919967226" name="뺀질이 혼"/>
  <item id="927010286" name="보류용 혼"/>
  <item id="3626498988" name="삼두 도롱뇽 B혼"/>
  <item id="2621203008" name="산타클도사 혼"/>
  <item id="3946533590" name="자루영감 혼"/>
  <item id="2658851865" name="연기살이 혼"/>
  <item id="2362655676" name="너해 도사 혼"/>
  <item id="4054104057" name="로보냥F 혼"/>
  <item id="1026672957" name="로보거북 혼"/>
  <item id="1576419544" name="로보멍 혼"/>
  <item id="720465998" name="로보영감 혼"/>
  <item id="3019383284" name="로보면견 혼"/>
  <item id="3305050466" name="로보스네이크 혼"/>
  <item id="1520141505" name="로보뇽 혼"/>
  <item id="3641520212" name="민폐가수스 혼"/>
  <item id="3656026233" name="없지림자 혼"/>
  <item id="2687906013" name="틀어박쥐 혼"/>
  <item id="3237067064" name="집박쥐 혼"/>
  <item id="3086387630" name="여관박쥐 혼"/>
  <item id="476864045" name="감추리 혼"/>
  <item id="3091894032" name="블랙 이무기 혼"/>
  <item id="1756227139" name="다크냥 혼"/>
  <item id="2591780257" name="로이드 가부 B혼"/>
  <item id="502032524" name="방랑도사 혼"/>
  <item id="1060449266" name="때쟁이 혼"/>
  <item id="1211243364" name="때쟁이・괴 혼"/>
  <item id="2871097986" name="헤매차 혼"/>
  <item id="893775649" name="길치탱 혼"/>
  <item id="2038476168" name="요괴 성검사 혼"/>
  <item id="3440050655" name="풍술사 혼"/>
  <item id="3121361225" name="징벌술사 혼"/>
  <item id="3102698411" name="다이아냥 혼"/>
  <item id="288555633" name="사파이냥 혼"/>
  <item id="1714696935" name="에메랄냥 혼"/>
  <item id="4282213213" name="루비냥 혼"/>
  <item id="2285523915" name="토파냥 혼"/>
  <item id="841493304" name="번개동자 혼"/>
  <item id="1837538307" name="발전신 혼"/>
  <item id="457426594" name="엎어할배 혼"/>
  <item id="1022599946" name="피뢰신 혼"/>
  <item id="3260071756" name="우녀 혼"/>
  <item id="3685496352" name="접시부기 혼"/>
  <item id="899831564" name="접시부기・괴 혼"/>
  <item id="1499270201" name="시비비 혼"/>
  <item id="31204237" name="꼬아걸 혼"/>
  <item id="1599627086" name="뽑기해골 B혼"/>
  <item id="918633295" name="칼칼송이 혼"/>
  <item id="3334057787" name="못가복 혼"/>
  <item id="1490893464" name="무쇠못가복 혼"/>
  <item id="3917343887" name="일단미안 혼"/>
  <item id="1768918132" name="엎드려송 혼"/>
  <item id="827017083" name="바다 허깨비 혼"/>
  <item id="735355476" name="우산마인 혼"/>
  <item id="3416567793" name="요괴인 혼"/>
  <item id="3164839783" name="사이보그 요괴인 혼"/>
  <item id="1274319772" name="육식남 혼"/>
  <item id="750347853" name="쾌청남 혼"/>
  <item id="1528541792" name="겁주귀 혼"/>
  <item id="2911818924" name="빨간 도깨비 혼"/>
  <item id="2308724025" name="야옹 혼"/>
  <item id="1447358012" name="삐치뱀 혼"/>
  <item id="2890710683" name="백안귀 혼"/>
  <item id="2344519589" name="NALBAM 혼"/>
  <item id="3852633714" name="KKEUTJANG 혼"/>
  <item id="3722715171" name="코파코파 혼"/>
  <item id="3071357315" name="못자요 혼"/>
  <item id="3222667541" name="못깨요 혼"/>
  <item id="3679161869" name="보석귀 혼"/>
  <item id="1198106103" name="샘새 혼"/>
  <item id="1200496090" name="부러버 혼"/>
  <item id="2047113702" name="막써조개 혼"/>
  <item id="3809290332" name="다내조개 혼"/>
  <item id="545371293" name="뺏새 혼"/>
  <item id="3387036072" name="독거미 혼"/>
  <item id="2679682606" name="혀팔사 혼"/>
  <item id="3131692530" name="복숭아 무사냥 혼"/>
  <item id="945352683" name="태사자 혼"/>
  <item id="1331683197" name="청소병 혼"/>
  <item id="1099192143" name="빌리 대장 혼"/>
  <item id="1270271754" name="멍모자 혼"/>
  <item id="3535773360" name="웃기자나 혼"/>
  <item id="91713388" name="영희 혼"/>
  <item id="1185664960" name="견신 혼"/>
  <item id="506126452" name="떡강쇠 혼"/>
  <item id="1764610274" name="시기떡 혼"/>
  <item id="1365997235" name="풍뎅무사 혼"/>
  <item id="644630053" name="풍뎅무쌍 혼"/>
  <item id="3626558030" name="왕풍뎅신 혼"/>
  <item id="4240029491" name="외눈 짚신 혼"/>
  <item id="1627385868" name="멍키냥 혼"/>
  <item id="2271341912" name="타이몽 혼"/>
  <item id="4033273294" name="닌자몽 혼"/>
  <item id="677343192" name="뽑기해골G B혼"/>
  <item id="791849921" name="마이티 도그 B혼"/>
  <item id="2975219298" name="오징어회장님 B혼"/>
  <item id="69203970" name="적마묘 B혼"/>
  <item id="2493572499" name="백사자 B혼"/>
  <item id="3057384059" name="D. 뽑기해골 B혼"/>
  <item id="4103065017" name="환상도사 혼"/>
  <item id="1179416557" name="무사맴 혼"/>
  <item id="3606276732" name="짱무사맴 혼"/>
  <item id="2717145834" name="가수 무사맴 혼"/>
  <item id="1480229557" name="지바냥 혼"/>
  <item id="362303120" name="한쪽편깨비 혼"/>
  <item id="1353260164" name="안띄림자 혼"/>
  <item id="665725970" name="못채림자 혼"/>
  <item id="3042414554" name="냅다신발 혼"/>
  <item id="4140397536" name="아펠리칸 혼"/>
  <item id="3328055062" name="지바냥S 혼"/>
  <item id="1361652261" name="무사냥 혼"/>
  <item id="1132508544" name="요괴 용사M 혼"/>
  <item id="881296662" name="요괴 용사S 혼"/>
  <item id="2794882833" name="낚신 B혼"/>
  <item id="3587332777" name="다알견 혼"/>
  <item id="2731895359" name="네개눈 혼"/>
  <item id="812553569" name="배춤새 혼"/>
  <item id="3595996871" name="화나무사 혼"/>
  <item id="4225004330" name="비키비키 혼"/>
  <item id="2512941821" name="나으뜸영감 혼"/>
  <item id="2867007669" name="원더냥 혼"/>
  <item id="1249158461" name="최고나비 혼"/>
  <item id="3548247175" name="아싸라나비 혼"/>
  <item id="209944529" name="착한맘할매 혼"/>
  <item id="1662994599" name="판다 스네이크 혼"/>
  <item id="2736193544" name="조아나비 혼"/>
  <item id="1030985131" name="끝나비 혼"/>
  <item id="1969211253" name="귀욤개 혼"/>
  <item id="39385059" name="사랑개 혼"/>
  <item id="2605819481" name="음흉개 혼"/>
  <item id="1118136218" name="마스터냥 혼"/>
  <item id="2013305641" name="불쾌하괴 혼"/>
  <item id="1004288901" name="줄줄새 혼"/>
  <item id="1052056915" name="주름할멈 혼"/>
  <item id="3348921633" name="음침 까마귀 혼"/>
  <item id="2962967991" name="독서 까마귀 혼"/>
  <item id="195880798" name="합리부인 혼"/>
  <item id="777665711" name="목아파개굴 혼"/>
  <item id="1584567478" name="불노아씨 혼"/>
  <item id="669806724" name="주영희 혼"/>
  <item id="3904865976" name="성가시괴 혼"/>
  <item id="3241986797" name="우파우파 B혼"/>
  <item id="4278126954" name="무대꼬 혼"/>
  <item id="2314746364" name="안꿈쩍 혼"/>
  <item id="2430798013" name="승부사 혼"/>
  <item id="587555059" name="사이눈 혼"/>
  <item id="1409437797" name="묘해눈 혼"/>
  <item id="1532620534" name="외눈 동자 혼"/>
  <item id="396143711" name="다앞장 혼"/>
  <item id="243768606" name="요괴검사 혼"/>
  <item id="3510323934" name="부유냥 혼"/>
  <item id="284256326" name="위스퍼 혼"/>
  <item id="1744197840" name="허풍선이 혼"/>
  <item id="2949147381" name="따끔성게 혼"/>
  <item id="2185926424" name="결림동자 혼"/>
  <item id="4115507086" name="결림두목 혼"/>
  <item id="1797861933" name="요통두목 혼"/>
  <item id="2694042726" name="화나지네 혼"/>
  <item id="2521605779" name="아더월월 혼"/>
  <item id="326482984" name="안쫄데빌 혼"/>
  <item id="1486841358" name="도깨귀 혼"/>
  <item id="1078345080" name="열폭 드래곤 혼"/>
  <item id="252160959" name="호쾌하괴 혼"/>
  <item id="3965097679" name="보노보노 혼"/>
  <item id="2072268615" name="보살엄니 혼"/>
  <item id="4144699863" name="묵파신 혼"/>
  <item id="744414816" name="미각 혼"/>
  <item id="2258863983" name="세바스찬 혼"/>
  <item id="2635508152" name="G나불할멈 B혼"/>
  <item id="3985964280" name="나불할멈 혼"/>
  <item id="1945135451" name="백골할멈 혼"/>
  <item id="83319245" name="까발멈 혼"/>
  <item id="1509484674" name="낙천동자 혼"/>
  <item id="3266774881" name="더부살이 혼"/>
  <item id="3048224759" name="더부살이・괴 혼"/>
  <item id="1561458933" name="신바람 수수 혼"/>
  <item id="3450791268" name="두근 수수 혼"/>
  <item id="640555699" name="황금 이무기 혼"/>
  <item id="1557369538" name="더부살이 신 혼"/>
  <item id="472777403" name="네가티붕 혼"/>
  <item id="2233946881" name="흑네가티붕 혼"/>
  <item id="4062208919" name="근질근질 혼"/>
  <item id="1088674243" name="코에피 혼"/>
  <item id="1941059021" name="지휘뱀 혼"/>
  <item id="2091636680" name="드라큘냥 혼"/>
  <item id="3767139378" name="요괴 마검사 혼"/>
  <item id="1667044401" name="백귀공주 혼"/>
  <item id="1793808410" name="아랑도사 혼"/>
  <item id="3177313616" name="인면견 혼"/>
  <item id="769583297" name="쌍두베로스 혼"/>
  <item id="125013411" name="홀랑우산 혼"/>
  <item id="1524226135" name="삼도견 혼"/>
  <item id="1620810953" name="안하겠승 혼"/>
  <item id="4187147635" name="하기싫승 혼"/>
  <item id="2392194533" name="말하기싫승 혼"/>
  <item id="2780343846" name="퍼래퍼래 혼"/>
  <item id="788518932" name="거지동자 혼"/>
  <item id="695575584" name="불사아씨 혼"/>
  <item id="3429666643" name="노머니라이더 혼"/>
  <item id="2960979354" name="뽕쟁이 혼"/>
  <item id="3346777356" name="뽕귀신 혼"/>
  <item id="175017321" name="실어실어 혼"/>
  <item id="2104081919" name="원망어 혼"/>
  <item id="3994036374" name="도식귀 혼"/>
  <item id="1886698805" name="명식귀 혼"/>
  <item id="112322452" name="웅가 혼"/>
  <item id="975065522" name="웃곰치 혼"/>
  <item id="1293508900" name="노래장어 혼"/>
  <item id="3557830814" name="단지큰뱀 혼"/>
  <item id="4193690038" name="꿩냥 혼"/>
  <item id="314037791" name="기린 혼"/>
  <item id="1706092169" name="일각수 혼"/>
  <item id="1629203048" name="세일러냥 혼"/>
  <item id="3067304884" name="설산씨름꾼 혼"/>
  <item id="3251923746" name="화산씨름꾼 혼"/>
  <item id="78972251" name="바나나코 혼"/>
  <item id="3805233771" name="그게 아니야MEN 혼"/>
  <item id="1130827181" name="잠꿀돼지 혼"/>
  <item id="2990164931" name="왕도마뱀 혼"/>
  <item id="3708000270" name="열불돼지 혼"/>
  <item id="2650671223" name="맥 혼"/>
  <item id="773349433" name="실소꾼 혼"/>
  <item id="635998795" name="맥왕 혼"/>
  <item id="833421142" name="암흑 구미 혼"/>
  <item id="1586834587" name="민폐 도깨비 혼"/>
  <item id="1874862682" name="어렵괴 혼"/>
  <item id="2542718116" name="투구 귀신 혼"/>
  <item id="802818574" name="갑옷 귀신 혼"/>
  <item id="120705333" name="환마장군 혼"/>
  <item id="1882644899" name="황천대장군 혼"/>
  <item id="2460333796" name="가마가마 혼"/>
  <item id="419789051" name="연귀 혼"/>
  <item id="2148280641" name="연귀・괴 혼"/>
  <item id="1318958410" name="기억났자라 혼"/>
  <item id="1994068763" name="기억신 혼"/>
  <item id="1685228734" name="충치백작 혼"/>
  <item id="4023534241" name="어신녀 혼"/>
  <item id="765244503" name="메론냥 혼"/>
  <item id="3029722605" name="귤냥 혼"/>
  <item id="3281180027" name="키위냥 혼"/>
  <item id="1395509482" name="포도냥 혼"/>
  <item id="606795900" name="딸기냥 혼"/>
  <item id="3664665623" name="수박냥 혼"/>
  <item id="4271596975" name="냥마녀 혼"/>
  <item id="1998158124" name="결벽장군 혼"/>
  <item id="870990095" name="제트냥 혼"/>
  <item id="3637467747" name="멋골부인 혼"/>
  <item id="1215318002" name="해골양 혼"/>
  <item id="1064793956" name="칼슘미인 혼"/>
  <item id="3505987817" name="뇨롱이 혼"/>
  <item id="2818445439" name="뇨롱이・괴 혼"/>
  <item id="3477979014" name="이무기 혼"/>
  <item id="1357594642" name="땅거미 혼"/>
  <item id="1907808002" name="까발레리나 혼"/>
  <item id="3309140821" name="없구리 혼"/>
  <item id="213984071" name="수북털 혼"/>
  <item id="2076578769" name="수북털・괴 혼"/>
  <item id="3112756519" name="더부룩털 혼"/>
  <item id="1479908183" name="실뜨귀신 B혼"/>
  <item id="583469764" name="타올라이온 혼"/>
  <item id="57818139" name="P. 브레이커 B혼"/>
  <item id="1956490562" name="인기많총 혼"/>
  <item id="60464596" name="인기마누스 혼"/>
  <item id="3005192665" name="그래산 혼"/>
  <item id="3357571999" name="수라멍 혼"/>
  <item id="1156411801" name="지바멍 혼"/>
  <item id="706136163" name="우~화!산 혼"/>
  <item id="375309928" name="접시거북 혼"/>
  <item id="2934814959" name="질척이 혼"/>
  <item id="1633285886" name="방랑거북 혼"/>
  <item id="4166035268" name="서퍼거북 혼"/>
  <item id="3733408864" name="쏟아비 혼"/>
  <item id="3616859376" name="낚신 혼"/>
  <item id="2051417456" name="냠냠동자 혼"/>
  <item id="1816458804" name="번개아빠 혼"/>
  <item id="1624883295" name="두근토기 혼"/>
  <item id="222369254" name="전파신 혼"/>
  <item id="1438661202" name="이글라이온 혼"/>
  <item id="2829430508" name="힘없뚜기 혼"/>
  <item id="3751976570" name="마초뚜기 혼"/>
  <item id="2822903489" name="얼룩덜룩 혼"/>
  <item id="1170776963" name="넘흙착해 혼"/>
  <item id="3027393984" name="땡산 혼"/>
  <item id="3000890350" name="넘흙착해 사원 혼"/>
  <item id="763038842" name="노땡산 혼"/>
  <item id="2229614902" name="설녀 혼"/>
  <item id="2017642431" name="오들강지 혼"/>
  <item id="937748821" name="얼갱이 혼"/>
  <item id="4091677088" name="눈보라 공주 혼"/>
  <item id="3779827205" name="오들왕자 혼"/>
  <item id="2843770102" name="꽁꽁차 혼"/>
  <item id="1289423635" name="고뿔덕 혼"/>
  <item id="3241399055" name="슬피우새 혼"/>
  <item id="3056919449" name="꼴사납새 혼"/>
  <item id="852464405" name="깽깽우산・괴 혼"/>
  <item id="792572451" name="사신조 혼"/>
  <item id="2939146968" name="금일등 혼"/>
  <item id="1092727796" name="은이등 혼"/>
  <item id="908493666" name="동삼등 혼"/>
  <item id="3745850967" name="백금등 혼"/>
  <item id="2548736097" name="눈보라 양 혼"/>
  <item id="3942201569" name="백 혼"/>
  <item id="1399821436" name="쌀알영감 혼"/>
  <item id="400486601" name="부럽쌀 혼"/>
  <item id="1111678903" name="비싸동 혼"/>
  <item id="3703697977" name="소독버섯 혼"/>
  <item id="3319448440" name="버섯간호사 혼"/>
  <item id="3202687294" name="달웅이 혼"/>
  <item id="798512792" name="꽃감 혼"/>
  <item id="1953827981" name="명식귀 B혼"/>
  <item id="2842150107" name="뻥녀 혼"/>
  <item id="3730895949" name="순악질 혼"/>
  <item id="3693496852" name="도둑 보따리 혼"/>
  <item id="366612998" name="날름보따리 혼"/>
  <item id="2852432024" name="풍류판다 혼"/>
  <item id="856553762" name="풍류닌자・판다 혼"/>
  <item id="2896889526" name="수범 혼"/>
  <item id="415699660" name="파괴 혼"/>
  <item id="3666469946" name="퍼렁 도깨비 혼"/>
  <item id="3435752424" name="미라클 라이온 혼"/>
  <item id="1103498201" name="고릴뚜기 혼"/>
  <item id="1074029038" name="타라락 혼"/>
  <item id="3831557189" name="발끈어 혼"/>
  <item id="740066038" name="광귀 혼"/>
  <item id="922964344" name="요괴대장 혼"/>
  <item id="2706488913" name="주먹밥 무사 혼"/>
  <item id="2568427520" name="누룽지무사 혼"/>
  <item id="1018298268" name="아차모 혼"/>
  <item id="2593377390" name="인기없스 혼"/>
  <item id="1654619654" name="길인도깨비 혼"/>
  <item id="2483689674" name="긴코 혼"/>
  <item id="247841160" name="뻥계인 혼"/>
  <item id="1845643373" name="아차방 혼"/>
  <item id="1391436509" name="뒤집얼 혼"/>
  <item id="3488111421" name="골드냥 혼"/>
  <item id="1236413893" name="악말 혼"/>
  <item id="370973438" name="마스크냥 혼"/>
  <item id="1737634837" name="냥기사 혼"/>
  <item id="1605435009" name="무리담 혼"/>
  <item id="683134487" name="무리성 혼"/>
  <item id="2982059949" name="백성벽 혼"/>
  <item id="558096042" name="살모사 심판 혼"/>
  <item id="1518091500" name="우동 씨름꾼 혼"/>
  <item id="3289950543" name="우동 천하장사 혼"/>
  <item id="1931004052" name="위스마시멜로맨 B혼"/>
  <item id="1984954" name="만성사자 혼"/>
  <item id="3465532849" name="노이즈 라이더 혼"/>
  <item id="966428124" name="소리새 혼"/>
  <item id="3927021870" name="로보냥 28호 B혼"/>
  <item id="1160715182" name="더위타귀 혼"/>
  <item id="2881929903" name="깽깽우산 혼"/>
  <item id="3984350519" name="도식귀 B혼"/>
  <item id="1802202811" name="삼두 구렁이 혼"/>
  <item id="1468433419" name="온천도니맨 혼"/>
  <item id="3327201012" name="가마가마 B혼"/>
  <item id="1107329825" name="기발하괴 혼"/>
  <item id="116636418" name="샌다끼리 혼"/>
  <item id="1911851924" name="버티끼리 혼"/>
  <item id="1495224495" name="황당꾼 혼"/>
  <item id="1546922735" name="참맘모스 혼"/>
  <item id="166353159" name="해이칼 혼"/>
  <item id="2129488273" name="쑥대칼 혼"/>
  <item id="3890493483" name="털레칼 혼"/>
  <item id="444705941" name="운외경 혼"/>
  <item id="2206793007" name="암흑경 혼"/>
  <item id="2975410048" name="가시냥 혼"/>
  <item id="510180578" name="삼면 운외경 혼"/>
  <item id="2746410163" name="문어깨비 혼"/>
  <item id="3279252822" name="문어귀신 혼"/>
  <item id="889697207" name="왕대쪽 혼"/>
  <item id="2398196000" name="B지바냥 혼"/>
  <item id="278201475" name="B백멍이 혼"/>
  <item id="3364521670" name="히노신 B혼"/>
  <item id="3213735504" name="레드 J B혼"/>
  <item id="3746185141" name="빨간 도깨비 B혼"/>
  <item id="908696192" name="온천흑도니맨 B혼"/>
  <item id="1093577238" name="온천도니맨 B혼"/>
  <item id="3456077915" name="저주받은 영혼"/>
  <item id="1425457633" name="성스러운 영혼"/>
  <item id="603058551" name="매끈매끈 영혼"/>
  <item id="3180684500" name="은신의 영혼"/>
  <item id="3398587458" name="아지랑이 영혼"/>
  <item id="1402668536" name="바이러스 영혼"/>
  <item id="614217070" name="장인의 영혼"/>
  <item id="3022203135" name="불의 혼"/>
  <item id="3273922665" name="물의 혼"/>
  <item id="2749600140" name="번개의 혼"/>
  <item id="3571753242" name="땅의 혼"/>
  <item id="1307439264" name="얼음의 혼"/>
  <item id="988463158" name="바람의 혼"/>
  <item id="3548996867" name="스태미나의 혼"/>
  <item id="1249916089" name="강철의 혼"/>
  <item id="1032258607" name="정신집중의 혼"/>
  <item id="2906134974" name="스파이크의 혼"/>
  <item id="3661572392" name="소환의 혼"/>
  <item id="2295251535" name="나눔의 혼"/>
  <item id="4291424985" name="호감의 혼"/>
  <item id="4077561967" name="뿔두꺼비 혼"/>
  <item id="1428724637" name="뿔거미 혼"/>
  <item id="3410759230" name="아수라 B혼"/>
  <item id="1778645461" name="로이드 가부 B혼"/>
  <item id="3271180821" name="로보냥 3000 Sl."/>
  <item id="486852931" name="레드 J B혼"/>
  <item id="3139893937" name="외계 스네이크 혼"/>
  <item id="2215483641" name="빌리 장군"/>
  <item id="3819427077" name="B우사뿅 혼"/>
  <item id="1835941324" name="어부냥 혼"/>
  <item id="443092314" name="괴력냥 혼"/>
  <item id="3159047848" name="캡틴 썬더 B혼"/>
  <item id="625110802" name="무사왕 B혼"/>
  <item id="4100418678" name="평범2 혼"/>
  <item id="2204130528" name="염라대왕 혼"/>
  <item id="4206683204" name="뽑기해골 혼"/>
  <item id="573549323" name="마이티 도그 혼"/>
  <item id="1380278148" name="각성 히노신 B혼"/>
  <item id="3424766503" name="침울하잔느 혼"/>
  <item id="2377897170" name="해초 선생님 혼"/>
  <item id="3577412454" name="백사자 골드"/>
  <item id="3053286019" name="적마묘 골드 B혼"/>
</items>
