<?xml version='1.0' encoding='utf-8'?>
<items>
  <item id="2415208695" name="Detector de amigo"/>
  <item id="385644877" name="Detector premio"/>
  <item id="1643858395" name="Explosión enorme"/>
  <item id="4288666744" name="Modo Ninja"/>
  <item id="2291723502" name="Oniorbes XL"/>
  <item id="294763860" name="Popularidad"/>
  <item id="1721142722" name="Bendición objetos"/>
  <item id="4129919059" name="Oniorbes L"/>
  <item id="2385986240" name="Devoramonios"/>
  <item id="389944186" name="Devoramonios S"/>
  <item id="1614357484" name="Devoramonios U"/>
  <item id="4267554383" name="Caldewok"/>
  <item id="2304411353" name="Caldewok Súper"/>
  <item id="273930083" name="Caldewok Ultra"/>
  <item id="1733617653" name="McKraken"/>
  <item id="4159437412" name="McKraken Súper"/>
  <item id="2163002098" name="McKraken Ultra"/>
  <item id="3760931607" name="Diamanqueleto"/>
  <item id="2536272769" name="Diamanqueleto S"/>
  <item id="237314619" name="Diamanqueleto U"/>
  <item id="2032276141" name="Kali Mera"/>
  <item id="3880158990" name="Kali Mera Súper"/>
  <item id="2420225944" name="Kali Mera Ultra"/>
  <item id="155772450" name="Lady Desdicha"/>
  <item id="2119161524" name="Lady Desdicha S"/>
  <item id="4008758053" name="Lady Desdicha U"/>
  <item id="2583165875" name="Kabukio"/>
  <item id="3406172372" name="Kabukio Súper"/>
  <item id="3154190402" name="Kabukio U"/>
  <item id="621310456" name="Rúbeo J"/>
  <item id="1376731502" name="Rúbeo J Súper"/>
  <item id="3429618893" name="Rúbeo J Ultra"/>
  <item id="3144475739" name="Gran Sabueso"/>
  <item id="577091041" name="Gran Sabueso S"/>
  <item id="1432520055" name="Gran Sabueso U"/>
  <item id="3319634150" name="Murmullamasa"/>
  <item id="3000674416" name="Murmullamasa S"/>
  <item id="3525124501" name="Murmullamasa U"/>
  <item id="2769948931" name="Cotiterror"/>
  <item id="1007894713" name="Cotiterror Súper"/>
  <item id="1259630639" name="Cotiterror Ultra"/>
  <item id="3580945804" name="Cremaligno"/>
  <item id="2725762330" name="Cremaligno S"/>
  <item id="998147232" name="Cremaligno U"/>
  <item id="1283044406" name="Robonyan 28"/>
  <item id="3704007079" name="Robonyan 28 Súper"/>
  <item id="2881591601" name="Robonyan 28 Ultra"/>
  <item id="2640099154" name="Intelecto"/>
  <item id="3931867076" name="Intelecto Súper"/>
  <item id="1934808702" name="Intelecto Ultra"/>
  <item id="72738536" name="Vueltomai"/>
  <item id="2586932043" name="Vueltomai Súper"/>
  <item id="3979756509" name="Vueltomai Ultra"/>
  <item id="1950290535" name="Zarparroja"/>
  <item id="54010609" name="Zarparroja Súper"/>
  <item id="2475114336" name="Zarparroja Ultra"/>
  <item id="3833597942" name="Demoniorco"/>
  <item id="2219279891" name="Demoniorco Súper"/>
  <item id="4081104517" name="Demoniorco Ultra"/>
  <item id="1783228223" name="Capitán Rayo"/>
  <item id="491706281" name="Capitán Rayo Súper"/>
  <item id="2200584714" name="Capitán Rayo Ultra"/>
  <item id="4096619164" name="Robonyan 3000"/>
  <item id="1831084838" name="Robonyan 3000 S"/>
  <item id="438506416" name="Robonyan 3000 U"/>
  <item id="2325483041" name="Zarpadorada"/>
  <item id="4254809783" name="Zarpadorada S"/>
  <item id="2943014352" name="Zarpadorada U"/>
  <item id="3631080774" name="Vueltodorado"/>
  <item id="1097118972" name="Vueltodorado S"/>
  <item id="912491626" name="Vueltodorado U"/>
  <item id="2819035593" name="Intelecto Iluminado"/>
  <item id="3741327711" name="Intelecto Iluminado S"/>
  <item id="1175023845" name="Intelecto Iluminado U"/>
  <item id="823017587" name="Zazel"/>
  <item id="2712755682" name="Zazel Súper"/>
  <item id="3602279796" name="Zazel Ultra"/>
  <item id="3060917393" name="Shogún Real"/>
  <item id="3245790215" name="Shogún Real Súper"/>
  <item id="1484752317" name="Shogún Real Ultra"/>
</items>
