<?xml version='1.0' encoding='utf-8'?>
<items>
  <item id="3379315793" name="Chocobarrita"/>
  <item id="1421573352" name="Arroz con ciruelas"/>
  <item id="1909465908" name="Arroz con gambas"/>
  <item id="1667599578" name="Arroz deluxe"/>
  <item id="4273124451" name="Resistina"/>
  <item id="3688491967" name="Resistina Alfa"/>
  <item id="2210069481" name="Resistina Omega"/>
  <item id="990289036" name="Talismán FUE"/>
  <item id="2070870710" name="Supertalismán FUE"/>
  <item id="3285360083" name="Ultratalismán FUE"/>
  <item id="3513201213" name="Talismán ESP"/>
  <item id="1775981912" name="Supertalismán ESP"/>
  <item id="4094455265" name="Ultratalismán ESP"/>
  <item id="1286605444" name="Talismán DEF"/>
  <item id="1577428330" name="Supertalismán DEF"/>
  <item id="3870933519" name="Ultratalismán DEF"/>
  <item id="3202011737" name="Muñeco de trapo"/>
  <item id="107394364" name="Marioneta"/>
  <item id="1020166246" name="Daruma"/>
  <item id="2879873373" name="Trampa ondívora"/>
  <item id="2222122755" name="Trampa cobertura"/>
  <item id="2529642733" name="Trampa estatinarca"/>
  <item id="3105017523" name="Bomba ígnea"/>
  <item id="779825032" name="Superbomba ígnea"/>
  <item id="3014399793" name="Ultrabomba ígnea"/>
  <item id="185626708" name="Bláster Forza"/>
  <item id="430301114" name="Bláster Forza G"/>
  <item id="2702817503" name="Bláster Forza GX"/>
  <item id="320538168" name="Robopuño"/>
  <item id="4185565321" name="Robopuño 2.0"/>
  <item id="1103548396" name="Robopuño dorado"/>
  <item id="2395750017" name="Campo Nomevén"/>
  <item id="913332708" name="Campo Nostoy"/>
  <item id="616953354" name="Campo Nul"/>
</items>
