<?xml version='1.0' encoding='utf-8'?>
<items>
  <item id="1332445335" name="Trofeo de novato"/>
  <item id="3596800301" name="Trofeo de gratitud"/>
  <item id="2707808699" name="Trofeo grandioso"/>
  <item id="1057059864" name="Premio Zarpas"/>
  <item id="1208370318" name="Premio Comando"/>
  <item id="3507426612" name="Autógrafo Intelecto"/>
  <item id="2785551778" name="Pedazos de amor"/>
  <item id="917977139" name="Cinturón de campeón"/>
  <item id="1102055589" name="Bláster maestro"/>
  <item id="561480000" name="Oniorbe de oro macizo"/>
  <item id="1450226134" name="Agradecimientos"/>
  <item id="3480871020" name="Lema de Capi-Cachas"/>
  <item id="3095318778" name="Estatua Capi-Cachas"/>
  <item id="639255897" name="Abanico dorado"/>
  <item id="1360885199" name="Estatua Demoniorco"/>
  <item id="3356763253" name="Estatua Kali Mera"/>
  <item id="3205698787" name="Estatua Gran Sabueso"/>
  <item id="799803762" name="Estatua Rúbeo J"/>
  <item id="1487616484" name="Estatua Intelecto"/>
  <item id="173724291" name="Estatua Murmullamasa"/>
  <item id="2103304725" name="Estatua Cotiterror"/>
  <item id="3830756271" name="Estatua Caldewok"/>
  <item id="496659440" name="Perg. Desafío Rojo"/>
  <item id="1788697446" name="Perg. Desafío Blanco"/>
  <item id="2471723833" name="Fantasquebollo"/>
  <item id="221714074" name="Carnanibollo"/>
  <item id="2049975820" name="Mentespebollo"/>
  <item id="4196550391" name="Traje de Jibanyan B"/>
  <item id="2368042593" name="Traje de Komasan B"/>
  <item id="75586225" name="Equipo de fútbol"/>
  <item id="1938188839" name="Equipo marítimo"/>
  <item id="323085250" name="Equipo militar"/>
  <item id="1682363220" name="Equipo de piloto"/>
  <item id="3812194230" name="Cascabel mágico"/>
  <item id="2487109408" name="Cascabel de caballero"/>
  <item id="4249846510" name="Bandera vencedor"/>
  <item id="2320020088" name="Bollo para perritos"/>
  <item id="338438107" name="Bollo para monos"/>
  <item id="1663768397" name="Bollo para faisanes"/>
  <item id="1543533829" name="Cofre del Rey Dragón"/>
  <item id="721896851" name="Chuchería Kintaronyan"/>
  <item id="2987267113" name="Traje de Usapyon B"/>
  <item id="3305710783" name="Medalla de Enma"/>
  <item id="1533915420" name="Pergamino Emperador"/>
  <item id="3261391014" name="Los valientes"/>
  <item id="745177482" name="Los misteriosos"/>
  <item id="3043217456" name="Los robustos"/>
  <item id="1390148919" name="Los guapos"/>
  <item id="635227553" name="Los amables"/>
  <item id="1159414852" name="Los oscuros"/>
  <item id="840725714" name="Los siniestros"/>
  <item id="2870289768" name="Los escurridizos"/>
  <item id="3692172798" name="Los legendarios"/>
  <item id="1115062365" name="Los maléficos"/>
  <item id="896643275" name="Los Neatles"/>
  <item id="2893603185" name="Los guerreros Pinto"/>
  <item id="3682587111" name="Los Kapperos"/>
  <item id="1270926454" name="Los intrigaos"/>
  <item id="1019739360" name="Los hermanos glotones"/>
  <item id="1849038727" name="Red Hot Oni Singers"/>
  <item id="422651665" name="Los 3 Kintaronyan ☆"/>
  <item id="2046209780" name="Los 3 Kintaronyan ☆☆"/>
  <item id="4148119101" name="Capi-Cachas"/>
  <item id="1767625630" name="Hovernyan"/>
  <item id="2270540466" name="Empanizo"/>
  <item id="4031939108" name="Rebelcebú"/>
  <item id="1626185653" name="Jibanyan"/>
  <item id="401256227" name="Komasan"/>
  <item id="2758224" name="Enciélago"/>
  <item id="2569226218" name="Negatalia"/>
  <item id="1883300575" name="Usapyon"/>
  <item id="122147401" name="Shogunyan"/>
  <item id="2655945715" name="Los suertudos"/>
  <item id="4038408713" name="Pase al estrellato"/>
</items>
