<?xml version='1.0' encoding='utf-8'?>
<items>
  <item id="1178824207" name="Alma Cazamentires"/>
  <item id="2938161978" name="Alma Babamandra"/>
  <item id="826564249" name="Alma Demoniorco"/>
  <item id="3515987847" name="Alma Estigio VI"/>
  <item id="3150863230" name="Alma Lucharabajo"/>
  <item id="676361786" name="Alma Pelochnyan"/>
  <item id="885381504" name="Alma Pasodón"/>
  <item id="2919891138" name="Alma Hermanión"/>
  <item id="2366712203" name="Alma Draqui"/>
  <item id="2909367425" name="Alma Keji Do Khan"/>
  <item id="878722363" name="Alma Gruñón Khan"/>
  <item id="631951069" name="Alma Camperabajo"/>
  <item id="1387134539" name="Alma Chafarabajo"/>
  <item id="497955866" name="Alma Lord Dragón"/>
  <item id="1789461644" name="Alma Dragón Azur"/>
  <item id="4077561967" name="Alma Belcefibio"/>
  <item id="1428724637" name="Alma Aracnéfico"/>
  <item id="3410759230" name="Alma Zazel"/>
  <item id="535333443" name="Alma Komajiro"/>
  <item id="3861271068" name="Alma Komatigrado"/>
  <item id="1136847126" name="Alma Ritma"/>
  <item id="1599555244" name="Alma Robonyan"/>
  <item id="136852272" name="Alma Komajiro S"/>
  <item id="2759509009" name="Alma Cimbrón"/>
  <item id="697441293" name="Alma Suspicioni"/>
  <item id="3106734492" name="Alma Timidiablo"/>
  <item id="337147953" name="Alma Noko"/>
  <item id="4195752221" name="Alma Florinoko"/>
  <item id="1539200731" name="Alma Algacabana"/>
  <item id="2404882386" name="Alma Komasan"/>
  <item id="2133787558" name="Alma Komaleón"/>
  <item id="1760541397" name="Alma Komasan S"/>
  <item id="531289813" name="Alma Buchinyan"/>
  <item id="610837738" name="Alma Abuzampa"/>
  <item id="3395732934" name="Alma Gargazampa"/>
  <item id="3610312779" name="Alma Zampo"/>
  <item id="2473057491" name="Alma Pellurón"/>
  <item id="218319216" name="Alma Pringurón"/>
  <item id="1658659472" name="Alma Acelgo"/>
  <item id="1056391621" name="Alma Nereida"/>
  <item id="1240494419" name="Alma Trampeida"/>
  <item id="1141557684" name="Alma Samuranguila"/>
  <item id="3568686117" name="Alma Anguilocio"/>
  <item id="341451943" name="Alma Kyubi"/>
  <item id="4252753156" name="Alma Avarqueroso"/>
  <item id="2323443090" name="Alma Diablés"/>
  <item id="2564125239" name="Alma Sirenia"/>
  <item id="2788981320" name="Alma Atierrador"/>
  <item id="3581394450" name="Alma Torivinador"/>
  <item id="2725285508" name="Alma Toragorero"/>
  <item id="2177778550" name="Alma Rataleza"/>
  <item id="914581465" name="Alma Aterrahorror"/>
  <item id="3144400837" name="Alma Torivino"/>
  <item id="1245116843" name="Alma Demoniorco"/>
  <item id="2434884234" name="Alma Ido"/>
  <item id="256243497" name="Alma Turdido"/>
  <item id="402178202" name="Alma Perronyan"/>
  <item id="421742760" name="Alma Usapyon"/>
  <item id="1847883838" name="Alma Usapyon"/>
  <item id="249819611" name="Alma Usapyon"/>
  <item id="2045034829" name="Alma Usapyon"/>
  <item id="3773665527" name="Alma Usapyon"/>
  <item id="1915880300" name="Alma Reversa"/>
  <item id="87372794" name="Alma Reversada"/>
  <item id="814296396" name="Alma Negatalia"/>
  <item id="3207023369" name="Alma Dandiniche"/>
  <item id="724769401" name="Alma Eleganfibio"/>
  <item id="3458871562" name="Alma Contrarioni"/>
  <item id="2042818846" name="Alma Mimoniquí"/>
  <item id="1919967226" name="Alma Eskakeo"/>
  <item id="927010286" name="Alma Vacilagón"/>
  <item id="1778645461" name="Alma Kabukio"/>
  <item id="3626498988" name="Alma Ojimandra"/>
  <item id="3271180821" name="A. Robonyan 3000"/>
  <item id="2621203008" name="Alma Tricotom"/>
  <item id="3946533590" name="Alma Dádivo"/>
  <item id="2658851865" name="Alma Niebli"/>
  <item id="2362655676" name="Alma Hazlotú"/>
  <item id="4054104057" name="Alma Robonyan 2.0"/>
  <item id="1026672957" name="Alma Robokapp"/>
  <item id="1576419544" name="Alma Robokoma"/>
  <item id="720465998" name="A. Roboabuzampa"/>
  <item id="3019383284" name="A. Robocantonio"/>
  <item id="3305050466" name="Alma Robonoko"/>
  <item id="1520141505" name="Alma Robodraqui"/>
  <item id="3641520212" name="Alma Negasus"/>
  <item id="3656026233" name="Alma Nul"/>
  <item id="2687906013" name="Alma Enciélago"/>
  <item id="3237067064" name="Alma Caseriélago"/>
  <item id="3086387630" name="Alma Ermiciélago"/>
  <item id="476864045" name="Alma Záppingla"/>
  <item id="3091894032" name="A. Venoctoscuro"/>
  <item id="1756227139" name="Alma Darknyan"/>
  <item id="2591780257" name="Alma Kabukio"/>
  <item id="502032524" name="Alma Ubiúho"/>
  <item id="1060449266" name="Alma Lametinas"/>
  <item id="1211243364" name="Alma Chupatodo"/>
  <item id="2871097986" name="Alma Indiligencio"/>
  <item id="893775649" name="A. Tanquivocado"/>
  <item id="2038476168" name="Alma Dortre"/>
  <item id="3440050655" name="Alma Tengu"/>
  <item id="3121361225" name="Alma Flamngu"/>
  <item id="3102698411" name="Alma Diamanyan"/>
  <item id="288555633" name="Alma Zafinyan"/>
  <item id="1714696935" name="Alma Esmenyan"/>
  <item id="4282213213" name="Alma Rubinyan"/>
  <item id="2285523915" name="Alma Topanyan"/>
  <item id="841493304" name="Alma Rayael"/>
  <item id="1837538307" name="Alma Estatinarca"/>
  <item id="457426594" name="Alma Tío Infinito"/>
  <item id="1022599946" name="Alma Cazarayos"/>
  <item id="3260071756" name="Alma Cellisca"/>
  <item id="3685496352" name="Alma Kappafalso"/>
  <item id="899831564" name="Alma Kappamalo"/>
  <item id="1499270201" name="Alma Malmet"/>
  <item id="31204237" name="Alma Agorerana"/>
  <item id="1599627086" name="Alma Tripasqueleto"/>
  <item id="918633295" name="Alma Ejemtos"/>
  <item id="3334057787" name="Alma Globqueo"/>
  <item id="1490893464" name="Alma Globtundente"/>
  <item id="3917343887" name="Alma Losiento"/>
  <item id="1768918132" name="Alma Domiplof"/>
  <item id="827017083" name="Alma Flus"/>
  <item id="735355476" name="Alma Sombrillogro"/>
  <item id="3416567793" name="Alma Benkei"/>
  <item id="3164839783" name="Alma B3-NK1"/>
  <item id="1274319772" name="Alma Morenaso"/>
  <item id="750347853" name="Alma Rayito"/>
  <item id="1528541792" name="Alma Sacoco"/>
  <item id="2911818924" name="Alma Gargantúo"/>
  <item id="2308724025" name="Alma Pelirrojo"/>
  <item id="486852931" name="Alma Rúbeo J"/>
  <item id="1447358012" name="Alma Cinisierpe"/>
  <item id="2890710683" name="Alma Ojezno"/>
  <item id="2344519589" name="Alma Envelo"/>
  <item id="3852633714" name="Alma Cafeíno"/>
  <item id="3722715171" name="Alma Tomoko"/>
  <item id="3071357315" name="Alma Insomna"/>
  <item id="3222667541" name="Alma Morfea"/>
  <item id="3679161869" name="Alma Joyezno"/>
  <item id="1198106103" name="Alma Cartepollo"/>
  <item id="1200496090" name="Alma Kieroto"/>
  <item id="2047113702" name="Alma Boquirroto"/>
  <item id="3809290332" name="Alma Yopago"/>
  <item id="545371293" name="Alma Mirlobirlo"/>
  <item id="3387036072" name="Alma Aracne"/>
  <item id="2679682606" name="Alma Octosierpe"/>
  <item id="3131692530" name="Alma Momonyan"/>
  <item id="945352683" name="Alma Dormileón"/>
  <item id="1331683197" name="Alma Milimpiano"/>
  <item id="1099192143" name="Alma Capi-Cachas"/>
  <item id="1270271754" name="Alma Tontolín"/>
  <item id="3535773360" name="Alma Algazara"/>
  <item id="91713388" name="Alma Lena"/>
  <item id="1185664960" name="Alma Nievacolas"/>
  <item id="506126452" name="Alma Mochimacho"/>
  <item id="1764610274" name="A. Machipuñetazo"/>
  <item id="1365997235" name="Alma Pegarabajo"/>
  <item id="644630053" name="A. Enormarabajo"/>
  <item id="3626558030" name="Alma Cuernarabajo"/>
  <item id="4240029491" name="Alma Chancleto"/>
  <item id="1627385868" name="Alma Simionyan"/>
  <item id="2271341912" name="Alma Kimera"/>
  <item id="4033273294" name="Alma Kimerreal"/>
  <item id="677343192" name="A. Aureoesqueleto"/>
  <item id="791849921" name="A. Gran Sabueso"/>
  <item id="2975219298" name="Alma McKraken"/>
  <item id="69203970" name="Alma Zarparroja"/>
  <item id="2493572499" name="Alma Vueltomai"/>
  <item id="3057384059" name="A. Diamanqueleto"/>
  <item id="4103065017" name="Alma Ilúho"/>
  <item id="1179416557" name="Alma Ningarra"/>
  <item id="3606276732" name="Alma Habilgarra"/>
  <item id="2717145834" name="Alma Cantigarra"/>
  <item id="1480229557" name="Alma Jibanyan"/>
  <item id="362303120" name="Alma Topami"/>
  <item id="1353260164" name="Alma Nomevén"/>
  <item id="665725970" name="Alma Nostoy"/>
  <item id="3042414554" name="Alma Rapidizo"/>
  <item id="4140397536" name="Alma Apelicano"/>
  <item id="3328055062" name="Alma Jibanyan S"/>
  <item id="1361652261" name="Alma Shogunyan"/>
  <item id="1132508544" name="A. Génesis Ultra N"/>
  <item id="881296662" name="A. Génesis Ultra K"/>
  <item id="3139893937" name="Alma Estrenoko"/>
  <item id="2794882833" name="Alma Bergantín"/>
  <item id="3587332777" name="Alma Trilépata"/>
  <item id="2731895359" name="Alma Tetrariosa"/>
  <item id="812553569" name="Alma Rafaz"/>
  <item id="3595996871" name="Alma Pataleto"/>
  <item id="4225004330" name="Alma Espaoi"/>
  <item id="2512941821" name="Alma Batallitos"/>
  <item id="2867007669" name="Alma Maravinyan"/>
  <item id="1249158461" name="Alma Mejorposa"/>
  <item id="3548247175" name="Alma Vivariposa"/>
  <item id="209944529" name="Alma Tita Corazón"/>
  <item id="1662994599" name="Alma Pandanoko"/>
  <item id="2736193544" name="Alma Enerposa"/>
  <item id="1030985131" name="Alma Eneposa"/>
  <item id="1969211253" name="Alma Pufipatitas"/>
  <item id="39385059" name="Alma Pufilindo"/>
  <item id="2605819481" name="Alma Pufimaloso"/>
  <item id="1118136218" name="Alma Gran Mangu"/>
  <item id="2013305641" name="Alma Malicia"/>
  <item id="2215483641" name="A. Coman-Cachas"/>
  <item id="1004288901" name="Alma Mokopavo"/>
  <item id="1052056915" name="Alma Arruñona"/>
  <item id="3348921633" name="Alma Tengulecto"/>
  <item id="2962967991" name="Alma Tengullón"/>
  <item id="195880798" name="Alma Frivolia"/>
  <item id="777665711" name="Alma Tortícolis"/>
  <item id="1584567478" name="Alma Belladona"/>
  <item id="669806724" name="Alma Malena"/>
  <item id="3904865976" name="Alma Injustio"/>
  <item id="3241986797" name="A. Lady Desdicha"/>
  <item id="4278126954" name="Alma Alcaldero"/>
  <item id="2314746364" name="Alma Sinná"/>
  <item id="2430798013" name="Alma Ludorái"/>
  <item id="587555059" name="Alma Bolilete"/>
  <item id="1409437797" name="Alma Doblilete"/>
  <item id="1532620534" name="Alma Chíclope"/>
  <item id="396143711" name="Alma Sinnareno"/>
  <item id="243768606" name="Alma Lustre"/>
  <item id="3510323934" name="Alma Hovernyan"/>
  <item id="3819427077" name="Alma Usapyon B"/>
  <item id="1835941324" name="Alma Odisenyan"/>
  <item id="443092314" name="Alma Kintaronyan"/>
  <item id="284256326" name="Alma Whisper"/>
  <item id="1744197840" name="Alma Ignósper"/>
  <item id="3159047848" name="A. Capitán Rayo"/>
  <item id="625110802" name="A. Shogún Real"/>
  <item id="2949147381" name="Alma Erizlor"/>
  <item id="2185926424" name="Alma Ake"/>
  <item id="4115507086" name="Alma Agujeto"/>
  <item id="1797861933" name="Alma Machaka"/>
  <item id="2694042726" name="Alma Mosquereta"/>
  <item id="2521605779" name="Alma Lavadenco"/>
  <item id="326482984" name="Alma Osademonio"/>
  <item id="1486841358" name="Alma Dorantúo"/>
  <item id="1078345080" name="Alma Bronquereta"/>
  <item id="252160959" name="Alma Implacablio"/>
  <item id="3965097679" name="Alma Felisonte"/>
  <item id="2072268615" name="Alma Mamá Aura"/>
  <item id="4144699863" name="Alma Don Kaldo"/>
  <item id="744414816" name="Alma Patis"/>
  <item id="2258863983" name="Alma Ambrosio"/>
  <item id="4100418678" name="Alma Normalino"/>
  <item id="2635508152" name="Alma Cotiterror"/>
  <item id="3985964280" name="Alma Cotilleja"/>
  <item id="1945135451" name="Alma Esquelleja"/>
  <item id="83319245" name="Alma Marulleja"/>
  <item id="1509484674" name="Alma Opti"/>
  <item id="3266774881" name="Alma Nomi"/>
  <item id="3048224759" name="Alma Pillastre"/>
  <item id="1561458933" name="Alma Contentallo"/>
  <item id="3450791268" name="Alma Talloestrella"/>
  <item id="640555699" name="Alma Iluminocto"/>
  <item id="1557369538" name="Alma Gran Nomi"/>
  <item id="472777403" name="A. Muermosquito"/>
  <item id="2233946881" name="Alma Deprisquito"/>
  <item id="4062208919" name="Alma Picorrón"/>
  <item id="1088674243" name="Alma Coagulón"/>
  <item id="1941059021" name="Alma Mandícoro"/>
  <item id="2091636680" name="Alma Dracunyan"/>
  <item id="3767139378" name="Alma Furtre"/>
  <item id="1667044401" name="Alma Dámona"/>
  <item id="1793808410" name="Alma Elúho"/>
  <item id="3177313616" name="Alma Cantonio"/>
  <item id="769583297" name="Alma Multiniche"/>
  <item id="125013411" name="Alma Fracaguas"/>
  <item id="1524226135" name="Alma Ser Bero"/>
  <item id="1620810953" name="Alma Yopaso"/>
  <item id="4187147635" name="Alma Puf"/>
  <item id="2392194533" name="Alma Yanomás"/>
  <item id="2780343846" name="Alma Labizula"/>
  <item id="788518932" name="Alma Nomedá"/>
  <item id="695575584" name="Alma Eterna"/>
  <item id="3429666643" name="Alma Paupermán"/>
  <item id="2960979354" name="Alma Cuesco"/>
  <item id="3346777356" name="Alma Péditum"/>
  <item id="175017321" name="Alma Pezqueroso"/>
  <item id="2104081919" name="Alma Pezgativo"/>
  <item id="3994036374" name="A. Devoramonios"/>
  <item id="1886698805" name="Alma Devoralmas"/>
  <item id="112322452" name="Alma Repeloso"/>
  <item id="975065522" name="Alma Anjijila"/>
  <item id="1293508900" name="Alma Tenongrio"/>
  <item id="3557830814" name="Alma Urnaconda"/>
  <item id="4193690038" name="Alma Faisanyan"/>
  <item id="314037791" name="Alma Kyryn"/>
  <item id="1706092169" name="Alma Unikyryn"/>
  <item id="1629203048" name="Alma Sailornyan"/>
  <item id="3067304884" name="A. Montaña Loca"/>
  <item id="3251923746" name="Alma Lord Lava"/>
  <item id="78972251" name="Alma Tochaplátano"/>
  <item id="3805233771" name="Alma No-No"/>
  <item id="1130827181" name="Alma Puergazán"/>
  <item id="2990164931" name="Alma Frikigarto"/>
  <item id="3708000270" name="Alma Torreznio"/>
  <item id="2650671223" name="Alma Baku"/>
  <item id="773349433" name="Alma Hilarión"/>
  <item id="635998795" name="Alma Somnia"/>
  <item id="833421142" name="Alma Oskyubi"/>
  <item id="1586834587" name="Alma Pataletoni"/>
  <item id="1874862682" name="Alma Inaguantablio"/>
  <item id="2542718116" name="Alma Yelmocoraza"/>
  <item id="802818574" name="Alma Lorigón"/>
  <item id="120705333" name="Alma Juntollero"/>
  <item id="1882644899" name="Alma Genedáver"/>
  <item id="2460333796" name="Alma Caldewok"/>
  <item id="419789051" name="Alma Nébula"/>
  <item id="2148280641" name="Alma Apéstula"/>
  <item id="1318958410" name="Alma Desolvidador"/>
  <item id="1994068763" name="Alma Memorio"/>
  <item id="1685228734" name="Alma Conde Caries"/>
  <item id="4023534241" name="Alma Oceánida"/>
  <item id="765244503" name="Alma Melonyan"/>
  <item id="3029722605" name="Alma Naranyan"/>
  <item id="3281180027" name="Alma Kiwinyan"/>
  <item id="1395509482" name="Alma Uvanyan"/>
  <item id="606795900" name="Alma Fresanyan"/>
  <item id="3664665623" name="Alma Sandinyan"/>
  <item id="4271596975" name="Alma Maginyan"/>
  <item id="1998158124" name="Alma Samulimpio"/>
  <item id="870990095" name="Alma Jetnyan"/>
  <item id="2204130528" name="Alma Gran Enma"/>
  <item id="3637467747" name="Alma Deslumbrella"/>
  <item id="1215318002" name="Alma Rechinella"/>
  <item id="1064793956" name="Alma Esquelebella"/>
  <item id="3505987817" name="Alma Cisnia"/>
  <item id="2818445439" name="Alma Malisnia"/>
  <item id="3477979014" name="Alma Venocto"/>
  <item id="1357594642" name="Alma Aracnio"/>
  <item id="1907808002" name="Alma Chafarina"/>
  <item id="3309140821" name="Alma Sincara"/>
  <item id="213984071" name="Alma Peluco"/>
  <item id="2076578769" name="Alma Cardado"/>
  <item id="3112756519" name="Alma Foliculio"/>
  <item id="1479908183" name="Alma Kali Mera"/>
  <item id="583469764" name="Alma Flamileón"/>
  <item id="4206683204" name="Alma Tripasqueleto"/>
  <item id="573549323" name="A. Gran Sabueso"/>
  <item id="57818139" name="A. Murmullamasa"/>
  <item id="1380278148" name="A. Intelecto Ilumin."/>
  <item id="1956490562" name="Alma Cupístolo"/>
  <item id="60464596" name="Alma Casanovo"/>
  <item id="3005192665" name="Alma Desinverest"/>
  <item id="3357571999" name="Alma Komasura"/>
  <item id="1156411801" name="Alma Jibakoma"/>
  <item id="706136163" name="A. Inverestupción"/>
  <item id="3424766503" name="Alma Tristeresa"/>
  <item id="375309928" name="Alma Kappandante"/>
  <item id="2934814959" name="Alma Goto"/>
  <item id="1633285886" name="Alma Kappadachín"/>
  <item id="4166035268" name="Alma Kapparfista"/>
  <item id="3733408864" name="Alma Sirimiri"/>
  <item id="3616859376" name="Alma Bergantín"/>
  <item id="2051417456" name="Alma Ondívoro"/>
  <item id="1816458804" name="Alma Papá Rayo"/>
  <item id="1624883295" name="Alma Aterracota"/>
  <item id="222369254" name="Alma Coberturo"/>
  <item id="1438661202" name="Alma Tem"/>
  <item id="2829430508" name="Alma Tentelento"/>
  <item id="3751976570" name="Alma Tentemacho"/>
  <item id="2822903489" name="Alma Pom"/>
  <item id="1170776963" name="Alma Arenito"/>
  <item id="3027393984" name="Alma Aranecido"/>
  <item id="3000890350" name="Alma Don Arenito"/>
  <item id="763038842" name="A. Desaranecido"/>
  <item id="2229614902" name="Alma Fristina"/>
  <item id="2017642431" name="Alma Escanlofrío"/>
  <item id="937748821" name="Alma Copo"/>
  <item id="4091677088" name="Alma Granizia"/>
  <item id="3779827205" name="Alma Frihuahua"/>
  <item id="2843770102" name="Alma Ventisquero"/>
  <item id="1289423635" name="Alma Pachús"/>
  <item id="3241399055" name="Alma Ayay"/>
  <item id="3056919449" name="Alma Horterraro"/>
  <item id="852464405" name="Alma Sombrío"/>
  <item id="792572451" name="Alma Alarción"/>
  <item id="2939146968" name="Alma Castelius I"/>
  <item id="1092727796" name="Alma Castelius II"/>
  <item id="908493666" name="Alma Castelius III"/>
  <item id="3745850967" name="Alma Maxicastelius"/>
  <item id="2548736097" name="Alma Grazi"/>
  <item id="3942201569" name="Alma Blanpir"/>
  <item id="1399821436" name="Alma Aburroz"/>
  <item id="400486601" name="Alma Quierodeso"/>
  <item id="1111678903" name="Alma Gambulloso"/>
  <item id="3703697977" name="Alma Níscala"/>
  <item id="3319448440" name="Alma Curaníscala"/>
  <item id="3202687294" name="Alma Oso Boco"/>
  <item id="798512792" name="Alma Abuflorido"/>
  <item id="1953827981" name="Alma Devoralmas"/>
  <item id="2842150107" name="Alma Reboca"/>
  <item id="3730895949" name="Alma Pilicajosa"/>
  <item id="3693496852" name="Alma Bolsadrón"/>
  <item id="366612998" name="Alma Prestragón"/>
  <item id="2852432024" name="Alma Pupilo Panja"/>
  <item id="856553762" name="Alma Panja Pro"/>
  <item id="2896889526" name="Alma Tigrappa"/>
  <item id="415699660" name="Alma Destruktor"/>
  <item id="3666469946" name="Alma Cazamentires"/>
  <item id="3435752424" name="Alma Sir"/>
  <item id="1103498201" name="Alma Tenterila"/>
  <item id="1074029038" name="Alma Rebelcebú"/>
  <item id="3831557189" name="Alma Pezquiciado"/>
  <item id="740066038" name="Alma Osfurio"/>
  <item id="922964344" name="Alma Caporrista"/>
  <item id="2706488913" name="Alma Cortarroz"/>
  <item id="2568427520" name="Alma Socarrat"/>
  <item id="1018298268" name="Alma Komemo"/>
  <item id="2593377390" name="Alma Casanono"/>
  <item id="1654619654" name="Alma Noguío"/>
  <item id="2483689674" name="Alma Charlatón"/>
  <item id="247841160" name="Alma Falsillo"/>
  <item id="1845643373" name="Alma Komecasa"/>
  <item id="1391436509" name="Alma Picassina"/>
  <item id="3488111421" name="Alma Aureonyan"/>
  <item id="1236413893" name="Alma Pifiasus"/>
  <item id="370973438" name="Alma Tigrenyan"/>
  <item id="1737634837" name="Alma Sir Nyancelot"/>
  <item id="1605435009" name="Alma Nihablar"/>
  <item id="683134487" name="Alma Impás"/>
  <item id="2982059949" name="Alma Murallín"/>
  <item id="558096042" name="Alma Arfidio"/>
  <item id="1518091500" name="Alma Sumodón"/>
  <item id="3289950543" name="A. Supersumodón"/>
  <item id="1931004052" name="Alma Cremaligno"/>
  <item id="1984954" name="Alma León Alfa"/>
  <item id="3465532849" name="Alma Vrumbo"/>
  <item id="966428124" name="Alma Estréquito"/>
  <item id="3927021870" name="Alma Robonyan 28"/>
  <item id="1160715182" name="Alma Zudado"/>
  <item id="2881929903" name="Alma Sombrillo"/>
  <item id="3984350519" name="A. Devoramonios"/>
  <item id="1802202811" name="Alma Babamandra"/>
  <item id="1468433419" name="Alma Termascino"/>
  <item id="3327201012" name="Alma Caldewok"/>
  <item id="1107329825" name="Alma Kapunki"/>
  <item id="116636418" name="Alma Inquielifante"/>
  <item id="1911851924" name="Alma Perselefante"/>
  <item id="1495224495" name="Alma Graciosno"/>
  <item id="1546922735" name="Alma Mamuguanto"/>
  <item id="2377897170" name="Alma Alga Senséi"/>
  <item id="166353159" name="Alma Katano"/>
  <item id="2129488273" name="Alma Katananái"/>
  <item id="3890493483" name="Alma Katakroken"/>
  <item id="444705941" name="Alma Telespejo"/>
  <item id="2206793007" name="Alma Malpejismo"/>
  <item id="2975410048" name="Alma Espinyan"/>
  <item id="510180578" name="Alma Trielespejo"/>
  <item id="2746410163" name="A. Minipulpobola"/>
  <item id="3279252822" name="A. Pulpobola Rey"/>
  <item id="889697207" name="Alma Sushiyama"/>
  <item id="2398196000" name="Alma Jibanyan B"/>
  <item id="278201475" name="Alma Komasan B"/>
  <item id="3364521670" name="Alma Intelecto"/>
  <item id="3213735504" name="Alma Rúbeo J"/>
  <item id="3746185141" name="Alma Gargantúo"/>
  <item id="908696192" name="Alma Jabalupo"/>
  <item id="1093577238" name="Alma Termascino"/>
  <item id="3577412454" name="A. Vueltodorado"/>
  <item id="3053286019" name="A. Zarpadorada"/>
  <item id="3456077915" name="Alma vengativa"/>
  <item id="1425457633" name="Alma serena"/>
  <item id="603058551" name="Alma impecable"/>
  <item id="3180684500" name="Alma escurridiza"/>
  <item id="3398587458" name="Alma superviviente"/>
  <item id="1402668536" name="Alma enclenque"/>
  <item id="614217070" name="Alma habilidosa"/>
  <item id="3022203135" name="Alma ardiente"/>
  <item id="3273922665" name="Alma empapada"/>
  <item id="2749600140" name="Alma tormentosa"/>
  <item id="3571753242" name="Alma brotante"/>
  <item id="1307439264" name="Alma de nieve"/>
  <item id="988463158" name="Alma borrascosa"/>
  <item id="3548996867" name="Alma imparable"/>
  <item id="1249916089" name="Alma de acero"/>
  <item id="1032258607" name="Alma acérrima"/>
  <item id="2906134974" name="Alma punzante"/>
  <item id="3661572392" name="Alma de invocador"/>
  <item id="2295251535" name="Alma altruista"/>
  <item id="4291424985" name="Alma superestrella"/>
</items>
