<?xml version="1.0" encoding="utf-8"?>
<items>
    <item id="3493734398" name="Cigarra verde" />
    <item id="3460879014" name="Cigarra verde★" />
    <item id="1228371524" name="Cigarra marrón" />
    <item id="1463911196" name="Cigarra marrón★" />
    <item id="1043351250" name="Cigarra nocturna" />
    <item id="541504394" name="Cigar. nocturna★" />
    <item id="2689913713" name="Escarabajo rino" />
    <item id="2969153051" name="Escarab. rino★" />
    <item id="3612599271" name="Escarab. ciervo" />
    <item id="3355352717" name="Escara. ciervo★" />
    <item id="1314566749" name="Escarab. sierra" />
    <item id="2500818410" name="Escarab. sierra★" />
    <item id="962429643" name="Saltamontes" />
    <item id="3792192892" name="Saltamontes★" />
    <item id="2850201434" name="Mantis religiosa" />
    <item id="2063668422" name="Mantis relig.★" />
    <item id="3739594700" name="Langosta" />
    <item id="201729104" name="Langosta★" />
    <item id="3189909033" name="Luciérnaga" />
    <item id="2455941619" name="Luciérnaga★" />
    <item id="3374651071" name="Papilio" />
    <item id="3848634725" name="Papilio★" />
    <item id="1345079045" name="Longicornio" />
    <item id="2087506143" name="Longicornio★" />
    <item id="657160083" name="Escarabajo flor" />
    <item id="191619145" name="Escarabajo flor★" />
    <item id="3109020208" name="Mariquita" />
    <item id="2614427096" name="Mariquita★" />
    <item id="3522973129" name="Tortuga" />
    <item id="562354621" name="Tortuga★" />
    <item id="1224023155" name="Lobina" />
    <item id="2973484076" name="Lobina★" />
    <item id="1072835813" name="Salmón gigante" />
    <item id="3325883578" name="Salmón gigan.★" />
    <item id="2711009606" name="Carpa" />
    <item id="2496471005" name="Carpa★" />
    <item id="3599862224" name="Ayu" />
    <item id="3821678411" name="Ayu★" />
    <item id="1335416938" name="Cab. serpiente" />
    <item id="2059632369" name="Cab. serpiente★" />
    <item id="950003964" name="Caballa" />
    <item id="230968935" name="Caballa★" />
    <item id="2820732269" name="Pargo" />
    <item id="2476792772" name="Pargo★" />
    <item id="3743925755" name="Pez cofre" />
    <item id="3836210002" name="Pez cofre★" />
    <item id="3219147806" name="Pez espada" />
    <item id="2108603112" name="Pez espada★" />
    <item id="3370613896" name="Medusa" />
    <item id="178883198" name="Medusa★" />
    <item id="1374563634" name="Sepia" />
    <item id="2585171951" name="Sepia★" />
    <item id="652811684" name="Rape" />
    <item id="3977357177" name="Rape★" />
    <item id="3096283143" name="Siluro" />
    <item id="2379624092" name="Siluro★" />
    <item id="3481974929" name="Pez de roca" />
    <item id="4208008714" name="Pez de roca★" />
    <item id="1451485483" name="Pez mariposa" />
    <item id="1675120560" name="Pez mariposa★" />
</items>
