<?xml version="1.0" encoding="utf-8"?>
<items>
    <item id="1158785574" name="Pulsera gastada" />
    <item id="3692624796" name="Pulsera punki" />
    <item id="2870987530" name="Pulsera pinchos" />
    <item id="897277609" name="Pulsera de sol" />
    <item id="1115450943" name="Pulsera maléfica" />
    <item id="1154727953" name="Anillo oxidado" />
    <item id="3722088875" name="Anillo precioso" />
    <item id="2866651453" name="Anillo mágico" />
    <item id="884552862" name="Anillo lunar" />
    <item id="1136526344" name="Anillo maléfico" />
    <item id="3669448114" name="Anillo de fuego" />
    <item id="2914018596" name="Anillo de agua" />
    <item id="1024424117" name="Anillo relámpago" />
    <item id="1242056739" name="Anillo de tierra" />
    <item id="718258630" name="Anillo de hielo" />
    <item id="1573450064" name="Anillo de viento" />
    <item id="1184202312" name="Amuleto antiguo" />
    <item id="3751555058" name="Amuleto rúnico" />
    <item id="2828738404" name="Amul. blindado" />
    <item id="922716871" name="Amul. galáctico" />
    <item id="1106819665" name="Amul. maléfico" />
    <item id="3639733227" name="Antifuego" />
    <item id="2952190845" name="Antinundaciones" />
    <item id="1061799660" name="Pararrayos" />
    <item id="1213134458" name="Antiterremotos" />
    <item id="680099743" name="Antiheladas" />
    <item id="1603161865" name="Antitormentas" />
    <item id="1196889215" name="Insignia sencilla" />
    <item id="3730720197" name="Insignia brillante" />
    <item id="2841212243" name="Insignia Hermes" />
    <item id="926802160" name="Insig. meteórica" />
    <item id="1077596262" name="Insignia maléfica" />
    <item id="1108869882" name="Espada cigarrera" />
    <item id="3675345728" name="Campan. fuerza" />
    <item id="2887148502" name="Camp. hechicera" />
    <item id="846394997" name="Campanilla dura" />
    <item id="1165346531" name="Campanilla veloz" />
    <item id="3699152729" name="Termo infinito" />
    <item id="2877007823" name="Abanico Tengu" />
    <item id="1002748510" name="Abrigo alegre" />
    <item id="1287883464" name="Bate pinchos" />
    <item id="738460461" name="Esp. reversible" />
    <item id="1526936507" name="Tornador" />
    <item id="3255460353" name="Reflectante" />
    <item id="1138387149" name="Pend. elegantes" />
    <item id="3671275895" name="Estudiotrón" />
    <item id="2916354529" name="Dado fortuna" />
    <item id="867212354" name="Placas de acero" />
    <item id="1152888020" name="Gafotas" />
    <item id="3720281454" name="Esc. milenaria" />
    <item id="2864303608" name="Guant. Venocto" />
    <item id="973525097" name="Fajín celestial" />
    <item id="1291968767" name="Pasamontañas" />
    <item id="767977754" name="Pegatina odio" />
    <item id="1522620812" name="Colm. vampiro" />
    <item id="3284666422" name="Bola de cristal" />
    <item id="3033479328" name="Almovaga" />
    <item id="1100797588" name="Cinturón control" />
    <item id="3633678126" name="Gema guardiana" />
    <item id="2945628088" name="Diadema simio" />
</items>
