<?xml version="1.0" encoding="utf-8"?>
<items>
    <item id="1332445335" name="Yo-kai Watch" />
    <item id="3596800301" name="Yo-kai Watch" />
    <item id="2707808699" name="Medálium Yo-kai" />
    <item id="1057059864" name="P. germinadores" />
    <item id="1208370318" name="Cazamariposas" />
    <item id="3507426612" name="Caña de pescar" />
    <item id="2785551778" name="Entrada museo" />
    <item id="917977139" name="Llave seguridad" />
    <item id="1102055589" name="Foto de Alba" />
    <item id="561480000" name="Gayumbos" />
    <item id="1450226134" name="Bicicleta" />
    <item id="3480871020" name="Bicicleta" />
    <item id="3095318778" name="Engranaje reloj" />
    <item id="639255897" name="Tornillo de reloj" />
    <item id="1360885199" name="Llave mansión" />
    <item id="3356763253" name="Anillo especial" />
    <item id="3205698787" name="Papeles de papá" />
    <item id="799803762" name="Costilla preciosa" />
    <item id="1487616484" name="Llaves colegio" />
    <item id="173724291" name="Partitura musical" />
    <item id="2103304725" name="Muelle de reloj" />
    <item id="3830756271" name="Llave de cabaña" />
    <item id="2471723833" name="Motor Coberturo" />
    <item id="221714074" name="Aceite Agujeto" />
    <item id="2049975820" name="Volante Noguío" />
    <item id="3812194230" name="Ll. Yo-kai World" />
    <item id="75586225" name="Seta exquisita" />
    <item id="1938188839" name="Cómic" />
    <item id="323085250" name="T. Kappandante" />
    <item id="1682363220" name="Plato roto" />
    <item id="4249846510" name="Amuleto viejo" />
    <item id="2320020088" name="Tofu de oro" />
    <item id="338438107" name="Misil de juguete" />
    <item id="1663768397" name="Balón de fútbol" />
    <item id="4196550391" name="Poemas de amor" />
    <item id="2368042593" name="Hierbas frescas" />
    <item id="496659440" name="Esp. traicionada" />
    <item id="1788697446" name="Foto de ídolos" />
    <item id="1543533829" name="Foto descolorida" />
    <item id="721896851" name="Maqueta extraña" />
    <item id="2987267113" name="Pend. preciosos" />
    <item id="3305710783" name="Cápsula tiempo" />
    <item id="1533915420" name="Espada ilusoria" />
    <item id="745177482" name="Abanico de tifón" />
    <item id="3043217456" name="Flor inmortal" />
    <item id="3261391014" name="Trofeo de sierpe" />
    <item id="1390148919" name="Trofeo hambre" />
    <item id="635227553" name="Trofeo maullido" />
    <item id="1159414852" name="Trofeo abuela" />
    <item id="840725714" name="Trofeo caballo" />
    <item id="2870289768" name="Trofeo melena" />
    <item id="3692172798" name="Trofeo caperuza" />
    <item id="1115062365" name="Trofeo arrugas" />
    <item id="896643275" name="Trofeo catana" />
    <item id="2893603185" name="Trofeo de papá" />
    <item id="3682587111" name="Trofeo de Tengu" />
    <item id="1270926454" name="Trofeo cigarra" />
    <item id="1019739360" name="Trofeo de tonti" />
    <item id="1849038727" name="Trofeo de ave" />
    <item id="422651665" name="Trofeo aprendiz" />
    <item id="2151184043" name="Trofeo de tahúr" />
    <item id="4148119101" name="Trofeo consuelo" />
    <item id="1767625630" name="Trofeo confuso" />
    <item id="509403912" name="Trofeo de tupé" />
    <item id="2270540466" name="Trofeo de aleteo" />
    <item id="4031939108" name="Trofeo shogún" />
    <item id="1626185653" name="Trofeo dadivoso" />
    <item id="401256227" name="Trofeo revenido" />
    <item id="1999447750" name="Trof. punto com" />
    <item id="2758224" name="Trofeo kimono" />
    <item id="2569226218" name="Trofeo gafotas" />
    <item id="3995367292" name="Trofeo zumbador" />
    <item id="1883300575" name="Trofeo Kappa" />
    <item id="122147401" name="Trofeo guardián" />
    <item id="2655945715" name="Trofeo pufi" />
    <item id="3913921381" name="Trofeo maestro" />
    <item id="2046209780" name="Trofeo serpiente" />
    <item id="250715746" name="Trofeo farsante" />
    <item id="4038408713" name="Trofeo de león" />
    <item id="2276592287" name="Trofeo canino" />
    <item id="515595045" name="Trofeo sombrero" />
    <item id="1773956019" name="Trofeo zancos" />
    <item id="4158193168" name="Trofeo estiloso" />
    <item id="2162151046" name="Trofeo cornudo" />
    <item id="433495868" name="Trofeo Cupido" />
    <item id="1859235754" name="Trofeo cómico" />
    <item id="4268667451" name="Trof. escarabajo" />
    <item id="2305393325" name="Trofeo oscuro" />
    <item id="3920497480" name="Trofeo sosaina" />
    <item id="2661891038" name="Trofeo anguila" />
    <item id="127953508" name="Trofeo tiburón" />
    <item id="1890015986" name="Trofeo demonio" />
    <item id="4005810001" name="Trofeo de alga" />
    <item id="2579824583" name="Trofeo dragón" />
    <item id="13479549" name="Trofeo de almeja" />
    <item id="2009767659" name="Trofeo tríclope" />
    <item id="3883238266" name="Trofeo cíclope" />
    <item id="1319758496" name="Cascabel zafiro" />
    <item id="3617635098" name="Casc. esmeralda" />
    <item id="2695334796" name="Cascabel de rubí" />
    <item id="1052974639" name="Cascabel topacio" />
    <item id="1237593785" name="Casc. diamante" />
    <item id="4158121970" name="Retrato músico" />
    <item id="1860089416" name="Anatomía rana" />
    <item id="433686238" name="Guía de Yo-kai" />
    <item id="2277315453" name="Termómetro" />
    <item id="4038730731" name="Foto del director" />
    <item id="1773367889" name="Piel de Noko" />
    <item id="515130055" name="Caca de Noko" />
    <item id="2383109974" name="Roña de Noko" />
    <item id="4178341824" name="Placa de agente" />
    <item id="2580276773" name="Plato roto" />
    <item id="4006401715" name="Pepino mordido" />
    <item id="2009433865" name="Amuleto sucio" />
    <item id="12760991" name="Placa agente+" />
    <item id="2661687868" name="Placa de experto" />
    <item id="3919647402" name="Cubo roto" />
    <item id="1890075408" name="Botella plástico" />
    <item id="128938886" name="Revista rota" />
    <item id="2534436375" name="Pl. superagente" />
    <item id="3759627905" name="Nota Agentes Jr." />
    <item id="3001464294" name="Placa ultragente" />
    <item id="3319891312" name="Boletín" />
    <item id="1558762698" name="Póster de ídolo" />
    <item id="737141852" name="Lata vacía" />
    <item id="3045814783" name="Botella vacía" />
    <item id="3263971689" name="Botas gastadas" />
    <item id="1535447251" name="Cohetes usados" />
    <item id="746725445" name="Bolsa de plástico" />
</items>
