<?xml version="1.0" encoding="utf-8"?>
<items>
    <item id="2905096119" name="Alcaldero" />
    <item id="874606093" name="Sinná" />
    <item id="3712142136" name="Sinnareno" />
    <item id="2669567285" name="Katano" />
    <item id="102173839" name="Katananái" />
    <item id="4017400250" name="Katakroken" />
    <item id="2248502388" name="Mochimacho" />
    <item id="520895950" name="Machimío" />
    <item id="3376741043" name="Yelmandante" />
    <item id="1347267337" name="Juntollero" />
    <item id="659200927" name="Genedáver" />
    <item id="3798575472" name="Flamileón" />
    <item id="2069952714" name="Tembloleón" />
    <item id="208128092" name="Sirleón" />
    <item id="3495939058" name="Ludorái" />
    <item id="1230412360" name="Lustre" />
    <item id="1045539550" name="Furtre" />
    <item id="2687844221" name="Dortre" />
    <item id="2095744254" name="Benkei" />
    <item id="3856913732" name="B3-NK1" />
    <item id="430150624" name="Sushiyama" />
    <item id="1856283510" name="Kapunki" />
    <item id="4218591281" name="Lucharabajo" />
    <item id="1652279691" name="Camperabajo" />
    <item id="360511773" name="Chafarabajo" />
    <item id="1710339519" name="Osfurio" />
    <item id="4244169733" name="Sacoco" />
    <item id="3052496065" name="Mokopavo" />
    <item id="754464123" name="Pachús" />
    <item id="2901038464" name="Komemo" />
    <item id="904070202" name="Tontolín" />
    <item id="860662292" name="Yopaso" />
    <item id="1145805442" name="Puf" />
    <item id="2750658437" name="Yanomás" />
    <item id="2277967427" name="Algazara" />
    <item id="516839417" name="Labizula" />
    <item id="3516768709" name="Cotilleja" />
    <item id="1217720447" name="Marulleja" />
    <item id="1066647785" name="Esquelleja" />
    <item id="2665232130" name="Cupístolo" />
    <item id="131425976" name="Casanovo" />
    <item id="4004955021" name="Casanono" />
    <item id="3819684679" name="Ondívoro" />
    <item id="2057474813" name="Coberturo" />
    <item id="2478913480" name="Estatinarca" />
    <item id="4205900294" name="Telespejo" />
    <item id="1673110460" name="Malpejismo" />
    <item id="2099834569" name="Ilúho" />
    <item id="3827416947" name="Elúho" />
    <item id="2468777957" name="Ubiúho" />
    <item id="731246946" name="Trilépata" />
    <item id="1553121780" name="Tetrariosa" />
    <item id="3006965290" name="Tengu" />
    <item id="708048784" name="Flamngu" />
    <item id="3082279576" name="Kyubi" />
    <item id="784239394" name="Nievacolas" />
    <item id="2930568153" name="Tentelento" />
    <item id="933608035" name="Tentemacho" />
    <item id="3737526102" name="Tenterila" />
    <item id="3554353052" name="Nihablar" />
    <item id="1255296550" name="Impás" />
    <item id="2746346259" name="Murallín" />
    <item id="3790437662" name="Lorigón" />
    <item id="2125216423" name="Inquielifante" />
    <item id="3886377757" name="Perselefante" />
    <item id="3401592541" name="Globqueo" />
    <item id="1405714279" name="Globtundente" />
    <item id="4176890975" name="Montaña Loca" />
    <item id="1644109285" name="Lord Lava" />
    <item id="3835849627" name="Rebelcebú" />
    <item id="2108373537" name="Caporrista" />
    <item id="2477087501" name="Hermanión" />
    <item id="2137936016" name="Pegarabajo" />
    <item id="3865510186" name="Enormarabajo" />
    <item id="2439000508" name="Cuernarabajo" />
    <item id="2289762557" name="Castelius III" />
    <item id="371168606" name="Castelius II" />
    <item id="1629005256" name="Castelius I" />
    <item id="4161926258" name="Maxicastelius" />
    <item id="3979483107" name="Robonyan" />
    <item id="2587174773" name="Aureonyan" />
    <item id="3061166255" name="Pom" />
    <item id="796713237" name="Flus" />
    <item id="2627373403" name="Deslumbrella" />
    <item id="93575393" name="Rechinella" />
    <item id="3975183828" name="Esquelebella" />
    <item id="2943255022" name="Ningarra" />
    <item id="912773204" name="Habilgarra" />
    <item id="3741611361" name="Cantigarra" />
    <item id="4180944488" name="Escanlofrío" />
    <item id="1614641106" name="Frihuahua" />
    <item id="389695300" name="Lavadenco" />
    <item id="2639848300" name="Jibanyan" />
    <item id="72463062" name="Espinyan" />
    <item id="1935049280" name="Pelochnyan" />
    <item id="3524883883" name="Kappandante" />
    <item id="1259349009" name="Kappadachín" />
    <item id="1008145543" name="Kapparfista" />
    <item id="3405923562" name="Komasan" />
    <item id="1376458064" name="Komaleón" />
    <item id="621553094" name="Komajiro" />
    <item id="3144200293" name="Komatigrado" />
    <item id="3364262020" name="Baku" />
    <item id="1368375614" name="Blanpir" />
    <item id="3848274348" name="Pufipatitas" />
    <item id="2087276566" name="Pufilindo" />
    <item id="191783040" name="Pufimaloso" />
    <item id="1681121160" name="Fristina" />
    <item id="4248473138" name="Granizia" />
    <item id="2319302308" name="Dámona" />
    <item id="3461173871" name="Cimbrón" />
    <item id="1464075221" name="Pasodón" />
    <item id="541274947" name="Ritma" />
    <item id="3452536321" name="Kieroto" />
    <item id="1421924283" name="Zampo" />
    <item id="2854328171" name="Abuzampa" />
    <item id="858310353" name="Gargazampa" />
    <item id="2571244604" name="Aburroz" />
    <item id="4294960259" name="Nomedá" />
    <item id="2298008597" name="Opti" />
    <item id="3612762926" name="Enerposa" />
    <item id="1314861716" name="Eneposa" />
    <item id="962068994" name="Mejorposa" />
    <item id="2805766049" name="Vivariposa" />
    <item id="4235931885" name="Felisonte" />
    <item id="1701994839" name="Reversa" />
    <item id="309678529" name="Reversada" />
    <item id="2078485538" name="Tricotom" />
    <item id="3807018392" name="Dádivo" />
    <item id="1740049382" name="Bolilete" />
    <item id="4273887836" name="Doblilete" />
    <item id="3002649629" name="Papá Rayo" />
    <item id="737254823" name="Tío Infinito" />
    <item id="1660427619" name="Mamá Aura" />
    <item id="4226895065" name="Tita Corazón" />
    <item id="2580914142" name="Noguío" />
    <item id="14470756" name="Topami" />
    <item id="2883845468" name="Algio" />
    <item id="854240486" name="Agujeto" />
    <item id="3683191251" name="Machaka" />
    <item id="2161028767" name="Negatisquito" />
    <item id="432537381" name="Deprisquito" />
    <item id="4037302800" name="Picorrón" />
    <item id="2189955270" name="Nomevén" />
    <item id="461455740" name="Nostoy" />
    <item id="1820750314" name="Nul" />
    <item id="3873756610" name="Enciélago" />
    <item id="2146272376" name="Caseriélago" />
    <item id="149599470" name="Ermiciélago" />
    <item id="1635567885" name="Suspicioni" />
    <item id="4168456375" name="Pataletoni" />
    <item id="2406656033" name="Contrarioni" />
    <item id="2020079692" name="Tengulecto" />
    <item id="258001114" name="Tengullón" />
    <item id="4256783066" name="Negasus" />
    <item id="1689258848" name="Pifiasus" />
    <item id="2977699955" name="Timidiablo" />
    <item id="678775241" name="Osademonio" />
    <item id="1601337695" name="Conde Caries" />
    <item id="2825333042" name="Avarqueroso" />
    <item id="829323400" name="Diablés" />
    <item id="2239871002" name="Ejemtos" />
    <item id="478734752" name="Erizlor" />
    <item id="3600025881" name="Cartepollo" />
    <item id="1335711907" name="Rafaz" />
    <item id="2219037229" name="Ayay" />
    <item id="491422615" name="Horterraro" />
    <item id="1783476993" name="Alarción" />
    <item id="2165097640" name="Cantonio" />
    <item id="403019026" name="Multiniche" />
    <item id="4050006055" name="Ser Bero" />
    <item id="2610110855" name="Goto" />
    <item id="43675709" name="Sirimiri" />
    <item id="1973239979" name="Copo" />
    <item id="3959018760" name="Ventisquero" />
    <item id="2633950622" name="Coagulón" />
    <item id="3482269784" name="Reboca" />
    <item id="1451649506" name="Pilicajosa" />
    <item id="3570579264" name="Negatalia" />
    <item id="1664776020" name="Cuesco" />
    <item id="4197656302" name="Péditum" />
    <item id="2965271108" name="Graciosno" />
    <item id="699868158" name="Hilarión" />
    <item id="2049000981" name="Arruñona" />
    <item id="3811055535" name="Belladona" />
    <item id="2486118201" name="Eterna" />
    <item id="2846180101" name="Insomna" />
    <item id="816583359" name="Morfea" />
    <item id="2202696433" name="Noko" />
    <item id="440609611" name="Florinoko" />
    <item id="1833180125" name="Pandanoko" />
    <item id="2551707113" name="Anjijila" />
    <item id="18785363" name="Tenongrio" />
    <item id="1981387973" name="Urnaconda" />
    <item id="3574652279" name="Pezqueroso" />
    <item id="1276742861" name="Pezgativo" />
    <item id="2776246776" name="Pezquiciado" />
    <item id="2589019056" name="Draqui" />
    <item id="56105482" name="Lord Dragón" />
    <item id="1952393884" name="Dragón Azur" />
    <item id="3761182505" name="Ido" />
    <item id="2032551571" name="Turdido" />
    <item id="3423333430" name="Pellurón" />
    <item id="1426242956" name="Pringurón" />
    <item id="3878076405" name="Boquirroto" />
    <item id="2418118499" name="Yopago" />
    <item id="4265447092" name="Charlatón" />
    <item id="1731518222" name="Tochaplátano" />
    <item id="2040894075" name="Mandícoro" />
    <item id="2544628567" name="Cinisierpe" />
    <item id="3769418689" name="Arfidio" />
    <item id="1623106362" name="Venocto" />
    <item id="4189581952" name="Venoctoscuro" />
    <item id="3122683726" name="Shogunyan" />
    <item id="608488173" name="Komasura" />
    <item id="2738581007" name="Dandiniche" />
    <item id="1029700524" name="Abuflorido" />
    <item id="2283158988" name="Dorantúo" />
    <item id="1950041689" name="Zafinyan" />
    <item id="3833879496" name="Esmenyan" />
    <item id="2474863454" name="Rubinyan" />
    <item id="2770224445" name="Topanyan" />
    <item id="54294223" name="Diamanyan" />
    <item id="3344411403" name="Babamandra" />
    <item id="4116826505" name="Termascino" />
    <item id="1928975686" name="Bergantín" />
    <item id="1810031623" name="Animanstruo" />
    <item id="3152164217" name="Fantasmurái" />
    <item id="1016959387" name="Tarantutor" />
    <item id="2312394747" name="Dr. Majarov" />
    <item id="3750686845" name="McKraken" />
    <item id="3331703100" name="McKraken" />
    <item id="4104364990" name="Duoleta" />
    <item id="1791440413" name="Cantaderna" />
    <item id="3967482056" name="Ojimandra" />
    <item id="1795513386" name="Jabalupo" />
    <item id="3969728741" name="Estigio VI" />
    <item id="4119228836" name="Clipso" />
    <item id="397460056" name="Dr. Sintripas" />
    <item id="629579994" name="Terrormadura" />
    <item id="1492210847" name="Calarrupto" />
    <item id="3988296447" name="Caldewok" />
    <item id="1780518448" name="Gargantúo" />
    <item id="4079607690" name="Cazamentires" />
    <item id="2217668380" name="Demoniorco" />
</items>
