<?xml version='1.0' encoding='utf-8'?>
<items>
  <item id="4040640462" index="1" name="Nietell"/>
  <item id="1214980267" index="2" name="Wendelin"/>
  <item id="2046011958" index="3" name="Pfannes"/>
  <item id="1799751128" index="4" name="Stocher"/>
  <item id="1918710937" index="5" name="Rambizambi"/>
  <item id="3827602063" index="6" name="Faulheld"/>
  <item id="1553528298" index="7" name="Maujor"/>
  <item id="1166263467" index="8" name="Gähneral"/>
  <item id="2859601318" index="9" name="Schwammurai"/>
  <item id="2104724135" index="10" name="Waschogun"/>
  <item id="3100090952" index="11" name="Leonidös"/>
  <item id="2992314685" index="12" name="Leonidas"/>
  <item id="315517635" index="13" name="Kolliver"/>
  <item id="1643699290" index="14" name="Serberker"/>
  <item id="2028203291" index="15" name="Butzemon"/>
  <item id="4201225804" index="16" name="Dämaskior"/>
  <item id="4136713569" index="17" name="Mochismo"/>
  <item id="4018801696" index="18" name="Misskunz"/>
  <item id="2142621849" index="19" name="Minimoto"/>
  <item id="2201481998" index="20" name="Dösbacke"/>
  <item id="518048695" index="21" name="Wutwutz"/>
  <item id="206922841" index="22" name="Samuraal"/>
  <item id="1412854799" index="23" name="Generaal"/>
  <item id="1828749175" index="24" name="Rabähsball"/>
  <item id="3906744738" index="25" name="Bestball"/>
  <item id="1150518150" index="26" name="Helmchen"/>
  <item id="1445342312" index="27" name="Hybritter"/>
  <item id="1329405225" index="28" name="Corptain"/>
  <item id="2400801402" index="29" name="Samureis"/>
  <item id="182943320" index="30" name="Flammureis"/>
  <item id="933573919" index="31" name="Zuberzunge"/>
  <item id="1348490951" index="32" name="Schlabbräumer"/>
  <item id="3585873938" index="33" name="El Gibales"/>
  <item id="1121319209" index="34" name="Gibales Grand."/>
  <item id="2645360020" index="35" name="Schlammampf"/>
  <item id="2674567082" index="36" name="Grilluminati"/>
  <item id="668385487" index="37" name="Schlitzspatz"/>
  <item id="3645160255" index="38" name="Benkei"/>
  <item id="3227486846" index="39" name="B3-NK1"/>
  <item id="4003089165" index="40" name="Leodrio"/>
  <item id="4152457804" index="41" name="Seismo"/>
  <item id="3702270351" index="42" name="Stimmuleo"/>
  <item id="83617212" index="43" name="Wettaran"/>
  <item id="3158803161" index="44" name="Schimma"/>
  <item id="4230997219" index="45" name="Fiesa"/>
  <item id="2774315928" index="46" name="Glitza"/>
  <item id="621845233" index="47" name="Hovernyan"/>
  <item id="3406132351" index="48" name="Maximumm N"/>
  <item id="1941508890" index="49" name="Maximumm K"/>
  <item id="3873622193" index="50" name="Heißluftbaron"/>
  <item id="294016696" index="51" name="Sushiyama"/>
  <item id="144533497" index="52" name="Kapunki"/>
  <item id="1934455732" index="53" name="Hornboxa"/>
  <item id="3421574353" index="54" name="Kneiferer"/>
  <item id="3538560400" index="55" name="Zangenzar"/>
  <item id="3838898721" index="56" name="Luchadonyan"/>
  <item id="3789468917" index="57" name="Momonyan"/>
  <item id="3300256553" index="58" name="Sir Nyancelot"/>
  <item id="3318738370" index="59" name="Schleifer"/>
  <item id="3195385929" index="60" name="Bison-Schleifer"/>
  <item id="408080822" index="61" name="Verspeiser"/>
  <item id="21618935" index="62" name="Verschlinger"/>
  <item id="3079793018" index="63" name="Vipolux"/>
  <item id="2224638205" index="64" name="Spinnübel"/>
  <item id="3451350654" index="65" name="Shurikenny"/>
  <item id="3568066367" index="66" name="Nunchacky"/>
  <item id="1473178932" index="67" name="Kamelia"/>
  <item id="2699998931" index="68" name="Gegenschirm"/>
  <item id="4067932905" index="69" name="Sohlitärna"/>
  <item id="448194943" index="70" name="Zippa"/>
  <item id="538893349" index="71" name="Fettnapf-Fido"/>
  <item id="966511628" index="72" name="Drotzel"/>
  <item id="545324365" index="73" name="Katarrnich"/>
  <item id="3556401853" index="74" name="Willnich"/>
  <item id="1311595012" index="75" name="Genuk"/>
  <item id="1463184197" index="76" name="Habssat"/>
  <item id="3146751539" index="77" name="Amnesimon"/>
  <item id="2012164562" index="78" name="Hausdemsin"/>
  <item id="2727653234" index="79" name="Doofkapp"/>
  <item id="2560801600" index="80" name="Stumpfohreule"/>
  <item id="3078044958" index="81" name="Trumpfohreule"/>
  <item id="2316768430" index="82" name="Nan-Sens"/>
  <item id="264985211" index="83" name="Nandhi"/>
  <item id="1431073508" index="84" name="Untlitz"/>
  <item id="1456622790" index="85" name="Bohris"/>
  <item id="3339302908" index="86" name="Nottürmer"/>
  <item id="850097099" index="87" name="Machduma"/>
  <item id="2944158578" index="88" name="Doofkolb"/>
  <item id="3024028005" index="89" name="Auspelli"/>
  <item id="53737814" index="90" name="Kicha"/>
  <item id="438880279" index="91" name="Blabia"/>
  <item id="2354146817" index="92" name="Petzmeralda"/>
  <item id="2665791983" index="93" name="Stereoma"/>
  <item id="2504679232" index="94" name="Omakabra"/>
  <item id="2839163357" index="95" name="Pistoleros"/>
  <item id="887949668" index="96" name="Casanovo"/>
  <item id="771110949" index="97" name="Casalusa"/>
  <item id="2240145679" index="98" name="Tschulligung"/>
  <item id="931616744" index="99" name="Sündenblock"/>
  <item id="1027182186" index="100" name="Smoggi"/>
  <item id="3478345399" index="101" name="Miasmia"/>
  <item id="2117842652" index="102" name="Spannsel"/>
  <item id="3330789817" index="103" name="Signalabim"/>
  <item id="2403020941" index="104" name="Onkel Oden"/>
  <item id="3751600376" index="105" name="Dynamon"/>
  <item id="797712772" index="106" name="U. L. O."/>
  <item id="3250302461" index="107" name="Amilikan"/>
  <item id="2898270119" index="108" name="Fuu 2"/>
  <item id="1740547829" index="109" name="Sir Schrillington"/>
  <item id="398470167" index="110" name="Wändewackler"/>
  <item id="91587577" index="111" name="Kolorknochen"/>
  <item id="3377588726" index="112" name="Leolingo"/>
  <item id="1045680358" index="113" name="Eulusionist"/>
  <item id="659087783" index="114" name="Uhudini"/>
  <item id="207991396" index="115" name="Vagabuhu"/>
  <item id="2166860649" index="116" name="Dreiseha"/>
  <item id="2554108456" index="117" name="Vierseha"/>
  <item id="2263857027" index="118" name="Portalex"/>
  <item id="624097286" index="119" name="Temportalex"/>
  <item id="2683602626" index="120" name="Spekulump"/>
  <item id="4133838287" index="121" name="James"/>
  <item id="3184125084" index="122" name="Statikid"/>
  <item id="3853186250" index="123" name="Knackvogel"/>
  <item id="1561760687" index="124" name="Kloklau"/>
  <item id="494859669" index="125" name="Imadschinn"/>
  <item id="2947172651" index="126" name="Miss Teri"/>
  <item id="2631334783" index="127" name="Maginyan"/>
  <item id="2780992240" index="128" name="Verplempelch"/>
  <item id="1801742127" index="129" name="Tengu"/>
  <item id="1920947822" index="130" name="Sengu"/>
  <item id="160243924" index="131" name="Kyubi"/>
  <item id="278270357" index="132" name="Kryo"/>
  <item id="2643369827" index="133" name="Chymäre"/>
  <item id="2224401954" index="134" name="Prymäre"/>
  <item id="3860244511" index="135" name="Krötiger Dämon"/>
  <item id="715130279" index="136" name="Säufel"/>
  <item id="940943945" index="137" name="Mata Hasi"/>
  <item id="554605320" index="138" name="Schneeschnüff."/>
  <item id="1618393631" index="139" name="Kain Wagnis"/>
  <item id="2972796849" index="140" name="Dösuma"/>
  <item id="2743396447" index="141" name="Darumacho"/>
  <item id="3131037982" index="142" name="Goruma"/>
  <item id="3102064831" index="143" name="Willichauch"/>
  <item id="3365620317" index="144" name="Galagarnele"/>
  <item id="1250891874" index="145" name="Wirrwagen"/>
  <item id="1881615672" index="146" name="Patzpanzer"/>
  <item id="5875674" index="147" name="Pochtopf"/>
  <item id="3528877583" index="148" name="Überkochtopf"/>
  <item id="886008723" index="149" name="Nixda"/>
  <item id="2356350198" index="150" name="Sperrich"/>
  <item id="2506636727" index="151" name="Wallter"/>
  <item id="2352466200" index="152" name="Rebelzebub"/>
  <item id="3428822818" index="153" name="Bandido"/>
  <item id="4268346784" index="154" name="Grobro"/>
  <item id="3689170456" index="155" name="Rebelzeboy"/>
  <item id="2158611756" index="156" name="Kühler Kuhkao"/>
  <item id="713189200" index="157" name="Kuhrmet"/>
  <item id="3637173626" index="158" name="Scheiterschäd."/>
  <item id="847843644" index="159" name="Könnknochen"/>
  <item id="645579901" index="160" name="Panza"/>
  <item id="2536523489" index="161" name="Mimikini"/>
  <item id="2942183813" index="162" name="HAMMERBUR."/>
  <item id="400707296" index="163" name="Gasgeberg"/>
  <item id="2663818008" index="164" name="Barricardo"/>
  <item id="2279445081" index="165" name="Haltan"/>
  <item id="3193428670" index="166" name="Sumudon"/>
  <item id="595649031" index="167" name="Yokozudon"/>
  <item id="2604434786" index="168" name="Egalaya"/>
  <item id="2307467916" index="169" name="Wissuv"/>
  <item id="3245191076" index="170" name="Zappelfant"/>
  <item id="3631652581" index="171" name="Zitterfant"/>
  <item id="4282759791" index="172" name="Mammussnich"/>
  <item id="317458484" index="173" name="Zackarias"/>
  <item id="1207557386" index="174" name="Frazzel"/>
  <item id="89645326" index="175" name="Kahnslocker"/>
  <item id="943179966" index="176" name="Adm. Achtbar"/>
  <item id="2857398097" index="177" name="Safto"/>
  <item id="3186329195" index="178" name="Sing Kong"/>
  <item id="540851922" index="179" name="Sauersohle"/>
  <item id="2558581175" index="180" name="Peinlager"/>
  <item id="2318759513" index="181" name="Klaus Brüller"/>
  <item id="3148741828" index="182" name="Der Brocken"/>
  <item id="2729889157" index="183" name="Der Vulkan"/>
  <item id="2953011819" index="184" name="Kastellan III"/>
  <item id="2603495848" index="185" name="Kastellan II"/>
  <item id="2836943658" index="186" name="Kastellan I"/>
  <item id="2184511721" index="187" name="Oberkastellan"/>
  <item id="4083882779" index="188" name="Welpenyan"/>
  <item id="51485601" index="189" name="Rhinfanterist"/>
  <item id="295973967" index="190" name="Rhinoberst"/>
  <item id="146736398" index="191" name="Rhinozerboss"/>
  <item id="113893164" index="192" name="Kintaronyan"/>
  <item id="2453536821" index="193" name="König Halbgar"/>
  <item id="1047638545" index="194" name="Robonyan"/>
  <item id="1322859178" index="195" name="Robonyan F"/>
  <item id="1418121551" index="196" name="Showbonyan"/>
  <item id="661291856" index="197" name="Goldinyan"/>
  <item id="4051387260" index="198" name="Schtompf"/>
  <item id="3898634813" index="199" name="Brausch"/>
  <item id="3991934337" index="200" name="Feschfrosch"/>
  <item id="4109051072" index="201" name="Meidechse"/>
  <item id="63412728" index="202" name="Gargaros"/>
  <item id="3145465501" index="203" name="Ogralus"/>
  <item id="2848870771" index="204" name="Orcanos"/>
  <item id="1588252538" index="205" name="Kabuking"/>
  <item id="492607330" index="206" name="Flosso Furioso"/>
  <item id="71804451" index="207" name="El Riffador"/>
  <item id="2156638171" index="208" name="Capt. Cumulus"/>
  <item id="3046311383" index="209" name="Stolzstelz"/>
  <item id="3075825641" index="210" name="Flaumtaumler"/>
  <item id="266942604" index="211" name="Weiakuchen"/>
  <item id="836980656" index="212" name="Spaßhüpfer"/>
  <item id="1130078060" index="213" name="Glitzelle"/>
  <item id="4226283529" index="214" name="Klapperika"/>
  <item id="3808217416" index="215" name="Skelebelle"/>
  <item id="1237787673" index="216" name="Winzikado"/>
  <item id="162480675" index="217" name="Ninzikado"/>
  <item id="280261474" index="218" name="Singzikado"/>
  <item id="1468672218" index="219" name="Henry Laschke"/>
  <item id="1212760668" index="220" name="Krustov"/>
  <item id="3825660024" index="221" name="Schlotterrier"/>
  <item id="1555732253" index="222" name="Kalteser"/>
  <item id="1168221788" index="223" name="Puhdel"/>
  <item id="2782982151" index="224" name="Schabanaki"/>
  <item id="1346516016" index="225" name="Aufmucki"/>
  <item id="1230570865" index="226" name="Wahnwürzi"/>
  <item id="1609739110" index="227" name="Vervisage"/>
  <item id="221209266" index="228" name="Einaugust"/>
  <item id="3798132768" index="229" name="Fixi Fox"/>
  <item id="4013313983" index="230" name="Renni Ratlos"/>
  <item id="1830952320" index="231" name="Katzitän Kuck"/>
  <item id="2140648046" index="232" name="Dilemmonadja"/>
  <item id="643344010" index="233" name="Baku"/>
  <item id="1061394379" index="234" name="Wapir"/>
  <item id="3880700931" index="235" name="Bakulia"/>
  <item id="2791091410" index="236" name="Panja"/>
  <item id="3035169596" index="237" name="Panja-Pro"/>
  <item id="3583933157" index="238" name="Regiena"/>
  <item id="4042597689" index="239" name="Säuseline"/>
  <item id="2490923674" index="240" name="Wandakappa"/>
  <item id="3424348876" index="241" name="Nomakappa"/>
  <item id="3573570445" index="242" name="Wassgeht"/>
  <item id="2745600680" index="243" name="Jibanyan"/>
  <item id="1857823650" index="244" name="Jibanyan B"/>
  <item id="2893525287" index="245" name="Jibanyan S"/>
  <item id="4017261137" index="246" name="Liu-Bei-Jiban."/>
  <item id="610966554" index="247" name="Rosti"/>
  <item id="454749645" index="248" name="Dornyan"/>
  <item id="2261636468" index="249" name="Grobianyan"/>
  <item id="1806853494" index="250" name="Buchinyan"/>
  <item id="1957105065" index="251" name="Komasan"/>
  <item id="1309620467" index="252" name="Komähne"/>
  <item id="2081000524" index="253" name="Komasan B"/>
  <item id="2071344678" index="254" name="Komasan S"/>
  <item id="2828416367" index="255" name="Sun-Ce-Komas."/>
  <item id="3165905527" index="256" name="Jibakoma"/>
  <item id="1841052904" index="257" name="Komajiro"/>
  <item id="2084133489" index="258" name="Komatigga"/>
  <item id="1651312487" index="259" name="Komajiro S"/>
  <item id="1296499848" index="260" name="Nieselse"/>
  <item id="4126893037" index="261" name="Renné"/>
  <item id="3341538571" index="262" name="Skunksnob"/>
  <item id="1526525362" index="263" name="Urlaubär"/>
  <item id="3795880663" index="264" name="Möchtebern"/>
  <item id="271208970" index="265" name="Rosirunde"/>
  <item id="1152508273" index="266" name="Knuffiwuffi"/>
  <item id="1443122847" index="267" name="Schnuckiputz"/>
  <item id="1327464414" index="268" name="Schnuckiwatz"/>
  <item id="1048957631" index="269" name="Peter Petz"/>
  <item id="1147659048" index="270" name="Aventurnyan"/>
  <item id="68125970" index="271" name="Aeronyan"/>
  <item id="1272413310" index="272" name="Schimpanyan"/>
  <item id="325217905" index="273" name="Tomnyan"/>
  <item id="3963270698" index="274" name="Komadenbr."/>
  <item id="753303304" index="275" name="Frostina"/>
  <item id="2488932461" index="276" name="Glazia"/>
  <item id="2369857836" index="277" name="Dämona"/>
  <item id="2742061297" index="278" name="Kantalupnyan"/>
  <item id="3127622064" index="279" name="Oranyan"/>
  <item id="2437343859" index="280" name="Kiwinyan"/>
  <item id="2287852338" index="281" name="Traubnyan"/>
  <item id="3340520949" index="282" name="Erdbeernyan"/>
  <item id="3725032628" index="283" name="Melonyan"/>
  <item id="903818430" index="284" name="Saphinyan"/>
  <item id="519208829" index="285" name="Smaranyan"/>
  <item id="132730428" index="286" name="Rubinyan"/>
  <item id="1219025147" index="287" name="Topanyan"/>
  <item id="751050239" index="288" name="Diamanyan"/>
  <item id="2249971501" index="289" name="Robokapp"/>
  <item id="2494462147" index="290" name="Robokoma"/>
  <item id="1550619972" index="291" name="Sailornyan"/>
  <item id="2716997409" index="292" name="Jibalzebub"/>
  <item id="2519525139" index="293" name="Kolossokoma"/>
  <item id="1123523550" index="294" name="Wirbelwiesel"/>
  <item id="3287232628" index="295" name="Chocobo-nyan"/>
  <item id="1580730573" index="296" name="Mogry-Nyan"/>
  <item id="3867439016" index="297" name="Wabbelnyan"/>
  <item id="4096901190" index="298" name="Wobbelkoma"/>
  <item id="2529042596" index="299" name="Sushinyan"/>
  <item id="771901377" index="300" name="Kompurasan"/>
  <item id="2056910010" index="301" name="Japakappa"/>
  <item id="1669514747" index="302" name="Tigappa"/>
  <item id="3257242591" index="303" name="Meister Nyada"/>
  <item id="3908981589" index="304" name="Tengursula"/>
  <item id="4058341908" index="305" name="Garudrun"/>
  <item id="1747737428" index="306" name="Schirmschelm"/>
  <item id="1738327042" index="307" name="Axel Achtlos"/>
  <item id="3743458151" index="308" name="Sing-Sang"/>
  <item id="3989993334" index="309" name="Sabba"/>
  <item id="4106831415" index="310" name="Nascha"/>
  <item id="4228744724" index="311" name="Walza"/>
  <item id="1696488402" index="312" name="Samba"/>
  <item id="3843471189" index="313" name="Plattla"/>
  <item id="3460031638" index="314" name="Tschatscha"/>
  <item id="424570948" index="315" name="Seegr.-Sensei"/>
  <item id="3554148426" index="316" name="Opa Gusto"/>
  <item id="2344292380" index="317" name="Nimmersatt"/>
  <item id="3401789707" index="318" name="Reisgreis"/>
  <item id="1666720125" index="319" name="Vät. Vielfraß"/>
  <item id="3499113521" index="320" name="Zungus"/>
  <item id="4173947755" index="321" name="Zungustine"/>
  <item id="810502914" index="322" name="Sanderl"/>
  <item id="1081410574" index="323" name="Herr Körner"/>
  <item id="4199283899" index="324" name="Blaukäppchen"/>
  <item id="1338350424" index="325" name="Wann-Wonni"/>
  <item id="3449097353" index="326" name="Afronaut"/>
  <item id="1965648876" index="327" name="Körnerkaot"/>
  <item id="759856058" index="328" name="Rosa Zukunft"/>
  <item id="3855373267" index="329" name="Zaudernuss"/>
  <item id="2796080252" index="330" name="Kläffi Klick"/>
  <item id="825576937" index="331" name="Süßspross"/>
  <item id="1767267775" index="332" name="Jubelstielchen"/>
  <item id="1879396303" index="333" name="Blanko"/>
  <item id="2988432595" index="334" name="Blank-Man"/>
  <item id="1763606158" index="335" name="Heita"/>
  <item id="3474428761" index="336" name="Wichtel"/>
  <item id="3934047365" index="337" name="Oberwichtel"/>
  <item id="3647396296" index="338" name="Freundsfalta"/>
  <item id="3229477001" index="339" name="Freundspalta"/>
  <item id="1641725613" index="340" name="Besserling"/>
  <item id="2025951212" index="341" name="Feinschwing"/>
  <item id="2007757884" index="342" name="Kuhrigella"/>
  <item id="178502582" index="343" name="Nostierdamus"/>
  <item id="2297637991" index="344" name="DON-CHAN"/>
  <item id="3718397111" index="345" name="Strahlemann"/>
  <item id="241655497" index="346" name="Trickolaus"/>
  <item id="394030984" index="347" name="Wunderwilli"/>
  <item id="3741499792" index="348" name="Waswohlaby"/>
  <item id="2515934431" index="349" name="St-St-Stottfried"/>
  <item id="1789838468" index="350" name="Schlappapa"/>
  <item id="3524436961" index="351" name="Grete Petete"/>
  <item id="3232173071" index="352" name="Opa Öko"/>
  <item id="1503048510" index="353" name="Bogenraus-Br."/>
  <item id="1911393939" index="354" name="Plätzmeralda"/>
  <item id="4005046778" index="355" name="Frohland"/>
  <item id="3067820460" index="356" name="Labiliese"/>
  <item id="2948597997" index="357" name="Labilotte"/>
  <item id="3590341831" index="358" name="Fasanyan"/>
  <item id="2015062890" index="359" name="Freudenhans"/>
  <item id="1567634614" index="360" name="Bar. Blitzblank"/>
  <item id="739385254" index="361" name="Robopa"/>
  <item id="2043791553" index="362" name="Knobold"/>
  <item id="1623914880" index="363" name="Pascha"/>
  <item id="1388358624" index="364" name="Paragroll"/>
  <item id="343699650" index="365" name="Odyssenyan"/>
  <item id="4151966781" index="366" name="Die Geistwirtin"/>
  <item id="1233379831" index="367" name="Papa Blitzig"/>
  <item id="1352192182" index="368" name="Onkel Omni"/>
  <item id="4047472274" index="369" name="Mama Aura"/>
  <item id="3894720467" index="370" name="Tante Herzi"/>
  <item id="1254874508" index="371" name="Kyryn"/>
  <item id="1406201037" index="372" name="Feinhorn"/>
  <item id="396790542" index="373" name="Ruckizucki"/>
  <item id="247315023" index="374" name="Überschalla"/>
  <item id="1165705946" index="375" name="Unfrobergino"/>
  <item id="3635182179" index="376" name="Spitzelspross"/>
  <item id="1611668742" index="377" name="Schmutzurai"/>
  <item id="3562330446" index="378" name="Wirreführer"/>
  <item id="3444566031" index="379" name="Schieba"/>
  <item id="1530285593" index="380" name="Autschi"/>
  <item id="3817482620" index="381" name="Peyn"/>
  <item id="4203812925" index="382" name="Agon"/>
  <item id="3316206299" index="383" name="Farni"/>
  <item id="3660506547" index="384" name="Karni"/>
  <item id="3770815751" index="385" name="Aufbleiba"/>
  <item id="876284733" index="386" name="Durchmacha"/>
  <item id="4257686975" index="387" name="Watspappel"/>
  <item id="3952348633" index="388" name="Plappapappel"/>
  <item id="2120028613" index="389" name="Miesmücke"/>
  <item id="3336664736" index="390" name="Schlimskito"/>
  <item id="3757721569" index="391" name="Juckmuck"/>
  <item id="1367906203" index="392" name="Simpel"/>
  <item id="166430669" index="393" name="Huschemen"/>
  <item id="284210828" index="394" name="Nihilo"/>
  <item id="2457519579" index="395" name="Wutwammerl"/>
  <item id="3658254148" index="396" name="Argwoni"/>
  <item id="3273111045" index="397" name="Renitoni"/>
  <item id="3896174022" index="398" name="Onimich"/>
  <item id="691944325" index="399" name="Motzääär"/>
  <item id="999003243" index="400" name="Obermotzääär"/>
  <item id="1433276435" index="401" name="Fledalein"/>
  <item id="3367577770" index="402" name="Flederhaus"/>
  <item id="3517061611" index="403" name="Flederemit"/>
  <item id="1484681826" index="404" name="Schwupp"/>
  <item id="4063461127" index="405" name="Moppsa"/>
  <item id="1923461864" index="406" name="Nerdinand"/>
  <item id="436131076" index="407" name="Hackerkönig"/>
  <item id="1872790096" index="408" name="Fu Machdu"/>
  <item id="3608995125" index="409" name="Graf Zappula"/>
  <item id="2030553752" index="410" name="Rattus I."/>
  <item id="717660862" index="411" name="Zar Knirscht"/>
  <item id="3695902187" index="412" name="Scharlahahn"/>
  <item id="1693883022" index="413" name="Mani Panikau"/>
  <item id="1984116064" index="414" name="Wehporter"/>
  <item id="1100858706" index="415" name="Värtippa"/>
  <item id="1655758881" index="416" name="Finstengu"/>
  <item id="2074857824" index="417" name="Schmöka"/>
  <item id="2098539966" index="418" name="Wirzbald"/>
  <item id="935563782" index="419" name="Zickeria"/>
  <item id="2357685336" index="420" name="Dracunyan"/>
  <item id="3472839173" index="421" name="MC Kappa"/>
  <item id="4179730999" index="422" name="Chillchilla"/>
  <item id="3390690701" index="423" name="Usapyon"/>
  <item id="3540182220" index="424" name="Usapyon"/>
  <item id="4163876623" index="425" name="Usapyon"/>
  <item id="3778315854" index="426" name="Usapyon"/>
  <item id="2926907529" index="427" name="Usapyon"/>
  <item id="2602493845" index="428" name="Usapyon B"/>
  <item id="3470602482" index="429" name="Sima-Yi-Usap."/>
  <item id="2407527779" index="430" name="Glibbamanda"/>
  <item id="1961084999" index="431" name="Negasus"/>
  <item id="1845033222" index="432" name="Schandmähre"/>
  <item id="201056170" index="433" name="Gierrippe"/>
  <item id="2188351250" index="434" name="Schämon"/>
  <item id="986968183" index="435" name="Muzifer"/>
  <item id="600359222" index="436" name="Graf Karies"/>
  <item id="1653768918" index="437" name="Barbargus"/>
  <item id="2072621975" index="438" name="Glitzglotz"/>
  <item id="2059114061" index="439" name="König Knausa"/>
  <item id="1671472908" index="440" name="Maximalefiz"/>
  <item id="646882515" index="441" name="Awokalypso"/>
  <item id="1002127958" index="442" name="Finsterkyubi"/>
  <item id="2705502817" index="443" name="Dr. Van Nichter"/>
  <item id="3092874016" index="444" name="Dr. Mondhof"/>
  <item id="3777680475" index="445" name="Nuabbazu"/>
  <item id="1260592336" index="446" name="W. Windsor"/>
  <item id="1850229516" index="447" name="Zea Fezza"/>
  <item id="3606324329" index="448" name="Wackelhandidat"/>
  <item id="3682787585" index="449" name="Schlotzambain"/>
  <item id="456691514" index="450" name="Hustanie"/>
  <item id="35896955" index="451" name="Wehigel"/>
  <item id="2975326376" index="452" name="Tropfi"/>
  <item id="1205583869" index="453" name="Don Densato"/>
  <item id="2823606761" index="454" name="Zapfi"/>
  <item id="1589677756" index="455" name="Don Gelato"/>
  <item id="2204205610" index="456" name="Gusstav"/>
  <item id="1827192363" index="457" name="Stibitza"/>
  <item id="1228096695" index="458" name="Filzfink"/>
  <item id="1978896234" index="459" name="Wampsel"/>
  <item id="741375313" index="460" name="Timmitus"/>
  <item id="2984723944" index="461" name="Krachmed"/>
  <item id="2970821958" index="462" name="Jammsel"/>
  <item id="2819101703" index="463" name="Schlabat"/>
  <item id="2200258500" index="464" name="Dunkelfeder"/>
  <item id="856127353" index="465" name="Möter"/>
  <item id="1936658755" index="466" name="Dobbelmann"/>
  <item id="1785995266" index="467" name="Sir Berus"/>
  <item id="2654127030" index="468" name="Fellix"/>
  <item id="156967565" index="469" name="Haartwig"/>
  <item id="4087315381" index="470" name="Komplimochi"/>
  <item id="2438225593" index="471" name="Lob-Hud-Lah"/>
  <item id="65403663" index="472" name="Nein-nein"/>
  <item id="3292629895" index="473" name="Gilbi"/>
  <item id="2097016034" index="474" name="Sher. Schlotter"/>
  <item id="614399156" index="475" name="Wiederwanne"/>
  <item id="881569405" index="476" name="Schnattalie"/>
  <item id="764452668" index="477" name="Nörgelika"/>
  <item id="4284995736" index="478" name="Tristine"/>
  <item id="3007822031" index="479" name="Durchnässa"/>
  <item id="341709365" index="480" name="Dankedün"/>
  <item id="116112859" index="481" name="Needankedün"/>
  <item id="3143212138" index="482" name="Eugen Lob"/>
  <item id="290477281" index="483" name="Wim Wendig"/>
  <item id="4219559696" index="484" name="Floppo"/>
  <item id="3801771601" index="485" name="Kalaua"/>
  <item id="2619513809" index="486" name="Sonda-Ling"/>
  <item id="2794106507" index="487" name="Rumbastilzchen"/>
  <item id="506907118" index="488" name="Slax"/>
  <item id="1128085621" index="489" name="Pupsi"/>
  <item id="1512442164" index="490" name="Furzfürst"/>
  <item id="2850829188" index="491" name="Toilettina"/>
  <item id="468618595" index="492" name="Maledixi"/>
  <item id="2982487839" index="493" name="Roböter"/>
  <item id="1395157692" index="494" name="Streugen"/>
  <item id="209937920" index="495" name="Trauerhans"/>
  <item id="703085020" index="496" name="Ismir Übel"/>
  <item id="1716938665" index="497" name="Dörrte"/>
  <item id="3739877580" index="498" name="Glamourella"/>
  <item id="3354472845" index="499" name="Eternia"/>
  <item id="4052689874" index="500" name="Wabbelwutz"/>
  <item id="3540910611" index="501" name="Darknyan"/>
  <item id="2212622679" index="502" name="Vlad Vorpresch"/>
  <item id="995989042" index="503" name="Schockermäh."/>
  <item id="3912560894" index="504" name="Insomnina"/>
  <item id="4029661631" index="505" name="Sandy"/>
  <item id="2740120070" index="506" name="Arachnius"/>
  <item id="3125402439" index="507" name="Arachnia"/>
  <item id="1665042020" index="508" name="Oridschinnal"/>
  <item id="2049292069" index="509" name="Horridschinnal"/>
  <item id="3172984517" index="510" name="Sukkubinchen"/>
  <item id="2251929050" index="511" name="Qnack"/>
  <item id="592896094" index="512" name="Teekannich"/>
  <item id="2304714965" index="513" name="Wieich Willi"/>
  <item id="2615838523" index="514" name="Strumpfbacke"/>
  <item id="2440445006" index="515" name="Zynikonda"/>
  <item id="3255300392" index="516" name="Noko"/>
  <item id="3501350598" index="517" name="Florinoko"/>
  <item id="3676094569" index="518" name="Pandanoko"/>
  <item id="781222006" index="519" name="Sternenoko"/>
  <item id="2492209716" index="520" name="Wirrma"/>
  <item id="3542900964" index="521" name="Jammalia"/>
  <item id="344461420" index="522" name="OMGator"/>
  <item id="3196180711" index="523" name="Armonit"/>
  <item id="104710018" index="524" name="Kauderwels"/>
  <item id="3419633190" index="525" name="Aalbernd"/>
  <item id="3536340839" index="526" name="Laalaalaal"/>
  <item id="4192539812" index="527" name="Urnakonda"/>
  <item id="3968471914" index="528" name="Takoyakid"/>
  <item id="2900522320" index="529" name="Takoyaking"/>
  <item id="1298491007" index="530" name="Ätzardine"/>
  <item id="1607518609" index="531" name="Makrekel"/>
  <item id="1187772624" index="532" name="Amokrele"/>
  <item id="1951624455" index="533" name="Pümpel"/>
  <item id="3248082698" index="534" name="Sankt Saugus"/>
  <item id="4131864376" index="535" name="Zornzwicker"/>
  <item id="2032511087" index="536" name="Furorwurm"/>
  <item id="1745762723" index="537" name="Dracki"/>
  <item id="4124639514" index="538" name="Drachenfürst"/>
  <item id="3972149339" index="539" name="Azurdrache"/>
  <item id="1325095005" index="540" name="Meermaid"/>
  <item id="1804601217" index="541" name="Meermadonna"/>
  <item id="1921726144" index="542" name="Meermutter"/>
  <item id="2889119497" index="543" name="Trampeldino"/>
  <item id="211879159" index="544" name="Rexterminator"/>
  <item id="364524982" index="545" name="Klotzilla"/>
  <item id="1548679091" index="546" name="Fr. Langhals"/>
  <item id="2997844371" index="547" name="Whisper"/>
  <item id="3166447659" index="548" name="Whispocrates"/>
  <item id="1583263700" index="549" name="Ratzekarl"/>
  <item id="701127467" index="550" name="Locktopus"/>
  <item id="2210632608" index="551" name="Krakolerik"/>
  <item id="4138950550" index="552" name="Tranatol"/>
  <item id="4020793047" index="553" name="Wirrtropf"/>
  <item id="3882659572" index="554" name="Lungerhai"/>
  <item id="4269252533" index="555" name="Meermassler"/>
  <item id="3205480098" index="556" name="Prassa"/>
  <item id="2786365411" index="557" name="Zauster"/>
  <item id="129227207" index="558" name="Labernase"/>
  <item id="514386054" index="559" name="Bananase"/>
  <item id="3512377242" index="560" name="Schokobanan."/>
  <item id="3841102038" index="561" name="Zaudrak"/>
  <item id="158941306" index="562" name="Robonoko"/>
  <item id="466415508" index="563" name="Robodracki"/>
  <item id="998241477" index="564" name="Ööölaf"/>
  <item id="1025240221" index="565" name="Kobramotz"/>
  <item id="254643743" index="566" name="Griesgramba"/>
  <item id="604036572" index="567" name="Schiriviper"/>
  <item id="3438217826" index="568" name="Kutterkahn"/>
  <item id="504671001" index="569" name="Drego"/>
  <item id="2242350072" index="570" name="Viptor"/>
  <item id="2629614265" index="571" name="Schattenato"/>
  <item id="3021824914" index="572" name="Leitmaulfrosch"/>
  <item id="756830014" index="573" name="Reinyan"/>
  <item id="1793720682" index="574" name="Robotto Y"/>
  <item id="4244235962" index="575" name="Nervo"/>
  <item id="3997976916" index="576" name="Miserika"/>
  <item id="1458581041" index="577" name="Ganzo"/>
  <item id="244530791" index="578" name="Konfusius"/>
  <item id="3056556290" index="579" name="Verheerbert"/>
  <item id="829356020" index="580" name="Moderzunge"/>
  <item id="2607234943" index="581" name="Grapschmampf"/>
  <item id="3382219868" index="582" name="Miefasmia"/>
  <item id="2085762641" index="583" name="Killakappa"/>
  <item id="1860671935" index="584" name="Schirmschäm"/>
  <item id="3386659250" index="585" name="Pechtel"/>
  <item id="1902130903" index="586" name="Stunkrigella"/>
  <item id="2566455645" index="587" name="Filzix"/>
  <item id="1211144886" index="588" name="Unfairmaid"/>
  <item id="1518679384" index="589" name="Fr. Fanghals"/>
  <item id="94601632" index="590" name="König Jibanyan"/>
  <item id="2557786393" index="591" name="Dame Usapyon"/>
  <item id="550035068" index="592" name="Bube Komasan"/>
  <item id="847081874" index="593" name="Wirbel 10"/>
  <item id="2327910135" index="594" name="Nyass"/>
  <item id="3533833889" index="595" name="Josper"/>
  <item id="2462736539" index="596" name="Benzaiten"/>
  <item id="2155859829" index="597" name="Hotei"/>
  <item id="2769588393" index="598" name="Daikokuten"/>
  <item id="952346640" index="599" name="Ebisu"/>
  <item id="497612748" index="600" name="Bishamonten"/>
  <item id="1963657499" index="601" name="Kolumbuskatz"/>
  <item id="2451333826" index="602" name="T. Edison"/>
  <item id="2937777259" index="603" name="Darwin"/>
  <item id="3604367006" index="604" name="Letzt. Nyamurai"/>
  <item id="2095025685" index="605" name="Komasantastico"/>
  <item id="3294882160" index="606" name="Platinos"/>
  <item id="4089256258" index="607" name="Herr G. Nerös"/>
  <item id="2534548502" index="608" name="Shogunyan"/>
  <item id="799949683" index="609" name="Komasura"/>
  <item id="410039105" index="610" name="Gilgaros"/>
  <item id="2337239218" index="611" name="Spoilerina"/>
  <item id="180690095" index="612" name="Vati Blum"/>
  <item id="3408336520" index="613" name="Schlaubärga"/>
  <item id="2994305994" index="614" name="Dandackel"/>
  <item id="1939567085" index="615" name="Polyglossa"/>
  <item id="346714779" index="616" name="B-Quem"/>
  <item id="3967710148" index="617" name="Prinz. Perltrud"/>
  <item id="1422005409" index="618" name="Asura"/>
  <item id="1986090903" index="619" name="T-Nyachthdt."/>
  <item id="3580500555" index="620" name="Supernyan"/>
  <item id="717332862" index="621" name="Hovernyan S"/>
  <item id="2718600730" index="622" name="Cao-Cao-Hov."/>
  <item id="1107557232" index="623" name="Solotus"/>
  <item id="1776744703" index="624" name="Börsenblokka"/>
  <item id="282997412" index="625" name="Urnersättlich"/>
  <item id="389303481" index="626" name="Kummerknoch."/>
  <item id="1177779873" index="627" name="Viptobot"/>
  <item id="1220354802" index="628" name="Lü-Bu-Orcanos"/>
  <item id="4270791108" index="629" name="Kyubot"/>
  <item id="2137248448" index="630" name="Ultrobonyan"/>
  <item id="3803507321" index="631" name="Zahnettchen"/>
  <item id="3892982779" index="632" name="Positivla"/>
  <item id="92398423" index="633" name="Norma"/>
  <item id="3954601774" index="634" name="Koalanyan"/>
  <item id="351188853" index="635" name="Jibanyan T"/>
  <item id="2891108368" index="636" name="Komasan T"/>
  <item id="2330162176" index="637" name="Prinz. Dotta"/>
  <item id="845091685" index="638" name="Deadkool"/>
  <item id="2436037024" index="639" name="Tropfsalat"/>
  <item id="4206861333" index="640" name="Wetterwendi"/>
  <item id="2069059345" index="641" name="Plustarfalta"/>
  <item id="3755262921" index="642" name="Raffaela"/>
  <item id="697212613" index="643" name="Ups-Sorryyy"/>
  <item id="1734911148" index="644" name="Stagnatius"/>
  <item id="2944936924" index="645" name="Mullrich"/>
  <item id="3353327013" index="646" name="Batsan"/>
  <item id="2825016769" index="647" name="Tofupyon"/>
  <item id="1977420610" index="648" name="Nachtschrat"/>
  <item id="1842773294" index="649" name="Eleg. Gesandt."/>
  <item id="2677982980" index="650" name="Hinovator"/>
  <item id="1009069976" index="651" name="Sasel"/>
  <item id="1354126494" index="652" name="Prokrastinocch."/>
  <item id="3174925362" index="653" name="Schockschatz"/>
  <item id="3445713959" index="654" name="J. Ne-Sais-Quoi"/>
  <item id="1510509852" index="655" name="Kongming-Wh."/>
  <item id="253581346" index="656" name="Jurojin"/>
  <item id="3080798023" index="657" name="Fukurokuju"/>
  <item id="1512763371" index="658" name="Sarkoplag"/>
  <item id="1218396165" index="659" name="Fauliger Fürst"/>
  <item id="4028835680" index="660" name="Pandora"/>
  <item id="1844715481" index="661" name="Komödschinn"/>
  <item id="3578296508" index="662" name="Bastetnyan"/>
  <item id="3355301714" index="663" name="Komanubis"/>
  <item id="3775444652" index="664" name="Eloquentia"/>
  <item id="1505022409" index="665" name="Triviateddy"/>
  <item id="1258389031" index="666" name="Gentlemöter"/>
  <item id="2883455252" index="667" name="Metropolygl."/>
  <item id="552254603" index="668" name="König Wyrum"/>
  <item id="823602974" index="669" name="Meister Enma"/>
  <item id="767433492" index="670" name="Geläut. Sasel"/>
  <item id="3757482302" index="671" name="W. Hinovator"/>
  <item id="2499968113" index="672" name="Enma d. Altv."/>
  <item id="3801516174" index="673" name="W. Enma"/>
  <item id="2135011383" index="674" name="Nostralahmus"/>
  <item id="656580705" index="675" name="Maharasa"/>
  <item id="710173961" index="676" name="Zimbeline"/>
  <item id="2464678508" index="677" name="Brumm"/>
  <item id="2153622914" index="678" name="Brüll"/>
  <item id="954321639" index="679" name="Leichenlerche"/>
  <item id="2681864938" index="680" name="Schrecklicht"/>
  <item id="2372906244" index="681" name="Kwalku"/>
  <item id="903072353" index="682" name="Torturtraba"/>
  <item id="1619188401" index="683" name="Dicker Fisch"/>
  <item id="3627990484" index="684" name="Alpina"/>
  <item id="661022095" index="685" name="Prinz Luni"/>
  <item id="2588494293" index="686" name="Glitzi"/>
  <item id="1940825461" index="687" name="KJ"/>
  <item id="495621435" index="688" name="Enma d. Strahl."/>
  <item id="255802069" index="689" name="Enma d. Ewige"/>
  <item id="3078839728" index="690" name="Enma d. Finst."/>
  <item id="1279874064" index="691" name="Indiana Jaws"/>
  <item id="1593637886" index="692" name="Spatok"/>
  <item id="4109710197" index="693" name="Kid Kadaver"/>
  <item id="1763838924" index="694" name="Nyanses II."/>
  <item id="3516820649" index="695" name="Egopatra"/>
  <item id="603239540" index="696" name="Urulker"/>
  <item id="2073535522" index="697" name="El Dorago"/>
  <item id="3274425159" index="698" name="Der Hinix"/>
  <item id="3263271226" index="901" name="Abwracka"/>
  <item id="4292982922" index="902" name="Super-Marktl."/>
  <item id="3091317338" index="903" name="Graustrickser"/>
  <item id="2543076356" index="904" name="Mister X"/>
  <item id="2233592810" index="905" name="Der Exekutor"/>
  <item id="1889619242" index="906" name="Mattenfänger"/>
  <item id="600866892" index="907" name="Meganyan"/>
  <item id="1355043874" index="908" name="Dr. Kling"/>
  <item id="922826746" index="909" name="Yo-kaiju"/>
  <item id="174136906" index="910" name="Yopple-Bot"/>
  <item id="326774539" index="911" name="Grobot"/>
  <item id="1304519834" index="912" name="Weiabetti"/>
  <item id="4075936507" index="913" name="Buddy Blitz"/>
  <item id="3482448715" index="914" name="Don Vendetti"/>
  <item id="165495455" index="915" name="Don Spiratoni"/>
  <item id="1773829227" index="916" name="Mattdharma"/>
  <item id="1494274860" index="917" name="Janusrad"/>
  <item id="1074520685" index="918" name="Janudharma"/>
  <item id="1685125788" index="919" name="Flechtigall"/>
  <item id="2104216541" index="920" name="Flechdharma"/>
  <item id="1289876874" index="921" name="Dimensionsd."/>
  <item id="1030351905" index="922" name="Massenmurrer"/>
  <item id="2060031729" index="923" name="Hinovator"/>
  <item id="1234451197" index="924" name="Glockenghul"/>
  <item id="1316829263" index="925" name="Schlurfschreck"/>
  <item id="2084060927" index="926" name="Gargaros"/>
  <item id="1169490490" index="927" name="Ogralus"/>
  <item id="1389237881" index="928" name="Orcanos"/>
  <item id="2364004398" index="929" name="Orcadharma"/>
  <item id="884828975" index="930" name="Dharmentor"/>
  <item id="1847075143" index="931" name="Barbossos"/>
  <item id="2405135496" index="932" name="Wabbelwutz"/>
  <item id="2990234936" index="933" name="Dunkelwutz"/>
  <item id="3666029292" index="934" name="Blabbermunde"/>
  <item id="3817364339" index="935" name="Armdran"/>
  <item id="3739775683" index="936" name="Vielarmoniker"/>
  <item id="2417258403" index="937" name="McKraken"/>
  <item id="1262695972" index="938" name="Kolossokoma"/>
  <item id="2280208058" index="939" name="Jibalzebub"/>
  <item id="1674749872" index="940" name="W. Hinovator"/>
  <item id="2186891840" index="941" name="Robonyan 28"/>
  <item id="718475206" index="942" name="Garstronom"/>
  <item id="3809351209" index="943" name="Ruinenmaid"/>
  <item id="4015178317" index="944" name="Kadabrakobra"/>
  <item id="2013987832" index="945" name="Don Dorato"/>
  <item id="799282871" index="946" name="TitanOS Prime"/>
  <item id="3153960591" index="947" name="Wahnwal"/>
  <item id="2258483007" index="948" name="Walistokrat"/>
  <item id="2311138006" index="949" name="Horrorhacker"/>
  <item id="1459432318" index="950" name="Käpt'n Donner"/>
  <item id="3631361181" index="951" name="Käpt'n Donner"/>
  <item id="22167089" index="952" name="Shogun-König"/>
  <item id="603505363" index="953" name="Großer Buddla"/>
  <item id="1009915777" index="954" name="Letztest. Nyam."/>
</items>
