<?xml version="1.0" encoding="utf-8"?>
<items>
  <item id="3493734398" name="Grüne Zikade"/>
  <item id="3460879014" name="Grüne Zikade★"/>
  <item id="1228371524" name="Braune Zikade"/>
  <item id="1463911196" name="Braune Zikade★"/>
  <item id="1043351250" name="Abendzikade"/>
  <item id="541504394" name="Abendzikade★"/>
  <item id="2689913713" name="Nashornkäfer"/>
  <item id="2969153051" name="Nashornkäfer★"/>
  <item id="3612599271" name="Dorcus-H.käfer"/>
  <item id="3355352717" name="Dorcus-H.käfer★"/>
  <item id="1314566749" name="Sägz.-Hir.käfer"/>
  <item id="2500818410" name="Sägz.-Hir.käfer★"/>
  <item id="962429643" name="Heuschrecke"/>
  <item id="3792192892" name="Heuschrecke★"/>
  <item id="2850201434" name="Gottesanbeterin"/>
  <item id="2063668422" name="Gottesanbet.★"/>
  <item id="3739594700" name="Wanderheus."/>
  <item id="201729104" name="Wanderheus.★"/>
  <item id="3189909033" name="Leuchtkäfer"/>
  <item id="2455941619" name="Leuchtkäfer★"/>
  <item id="3374651071" name="Schw.schwanz"/>
  <item id="3848634725" name="Schw.schwanz★"/>
  <item id="1345079045" name="Scheckenbock"/>
  <item id="2087506143" name="Scheckenbock★"/>
  <item id="657160083" name="Rosenkäfer"/>
  <item id="191619145" name="Rosenkäfer★"/>
  <item id="3109020208" name="Marienkäfer"/>
  <item id="2614427096" name="Marienkäfer★"/>
  <item id="3522973129" name="Schildkröte"/>
  <item id="562354621" name="Schildkröte★"/>
  <item id="1224023155" name="Schwarzbarsch"/>
  <item id="2973484076" name="Schw.barsch★"/>
  <item id="1072835813" name="Huchen"/>
  <item id="3325883578" name="Huchen★"/>
  <item id="2711009606" name="Karpfen"/>
  <item id="2496471005" name="Karpfen★"/>
  <item id="3599862224" name="Ayu"/>
  <item id="3821678411" name="Ayu★"/>
  <item id="1335416938" name="Schl.kopffisch"/>
  <item id="2059632369" name="Schl.kopffisch★"/>
  <item id="950003964" name="Makrele"/>
  <item id="230968935" name="Makrele★"/>
  <item id="2820732269" name="Roter Schnapper"/>
  <item id="2476792772" name="R. Schnapper★"/>
  <item id="3743925755" name="Kofferfisch"/>
  <item id="3836210002" name="Kofferfisch★"/>
  <item id="3219147806" name="Marlin"/>
  <item id="2108603112" name="Marlin★"/>
  <item id="3370613896" name="Qualle"/>
  <item id="178883198" name="Qualle★"/>
  <item id="1374563634" name="Leuchtkalmar"/>
  <item id="2585171951" name="Leuchtkalmar★"/>
  <item id="652811684" name="Seeteufel"/>
  <item id="3977357177" name="Seeteufel★"/>
  <item id="3096283143" name="Wels"/>
  <item id="2379624092" name="Wels★"/>
  <item id="3481974929" name="Skorpionfisch"/>
  <item id="4208008714" name="Skorpionfisch★"/>
  <item id="1451485483" name="Papageienfisch"/>
  <item id="1675120560" name="Papageifisch★"/>
</items>
