<?xml version="1.0" encoding="utf-8"?>
<items>
  <item id="1158785574" name="Einf. Armreif"/>
  <item id="3692624796" name="Nietenarmband"/>
  <item id="2870987530" name="Abd. d. Rohlings"/>
  <item id="897277609" name="Arf. der Sonne"/>
  <item id="1115450943" name="Arf. d. Unholds"/>
  <item id="1154727953" name="Rostiger Ring"/>
  <item id="3722088875" name="Hübscher Ring"/>
  <item id="2866651453" name="Ring der Illusion"/>
  <item id="884552862" name="Ring d. Mondl."/>
  <item id="1136526344" name="Ring d. Unholds"/>
  <item id="3669448114" name="Ring des Feuers"/>
  <item id="2914018596" name="Ring d. Wassers"/>
  <item id="1024424117" name="Ring des Blitzes"/>
  <item id="1242056739" name="Ring der Erde"/>
  <item id="718258630" name="Ring des Eises"/>
  <item id="1573450064" name="Ring des Windes"/>
  <item id="1184202312" name="Altes Amulett"/>
  <item id="3751555058" name="Runenamulett"/>
  <item id="2828738404" name="Rüstungsamulett"/>
  <item id="922716871" name="Amu. der Galaxie"/>
  <item id="1106819665" name="Amu. d. Unholds"/>
  <item id="3639733227" name="Amu. d. Brandes"/>
  <item id="2952190845" name="Amulett der Flut"/>
  <item id="1061799660" name="Amu d. Gewitters"/>
  <item id="1213134458" name="Amu. d. Bebens"/>
  <item id="680099743" name="Amu. d. Frostes"/>
  <item id="1603161865" name="Amu. d. Sturms"/>
  <item id="1196889215" name="Einf. Emblem"/>
  <item id="3730720197" name="Glänz. Emblem"/>
  <item id="2841212243" name="Hermes-Emblem"/>
  <item id="926802160" name="Sterns.-Emblem"/>
  <item id="1077596262" name="Embl. d. Unholds"/>
  <item id="1108869882" name="Zikadenschwert"/>
  <item id="3675345728" name="Stärkungsglocke"/>
  <item id="2887148502" name="Geistesglocke"/>
  <item id="846394997" name="Schutzglocke"/>
  <item id="1165346531" name="Geschw.glocke"/>
  <item id="3699152729" name="Immerv. Flasche"/>
  <item id="2877007823" name="Tengu-Fächer"/>
  <item id="1002748510" name="Muntermantel"/>
  <item id="1287883464" name="Nagelkeule"/>
  <item id="738460461" name="Umgeschwert"/>
  <item id="1526936507" name="Wandelstein"/>
  <item id="3255460353" name="Reflektor"/>
  <item id="1138387149" name="Midas-Ohrringe"/>
  <item id="3671275895" name="Schl.-Lernomat"/>
  <item id="2916354529" name="Schicksalswürfel"/>
  <item id="867212354" name="Eisenplatten"/>
  <item id="1152888020" name="Dicke Brille"/>
  <item id="3720281454" name="Antike Schuppe"/>
  <item id="2864303608" name="Viptor-Handsch."/>
  <item id="973525097" name="Himmli. Schärpe"/>
  <item id="1291968767" name="Sturmhaube"/>
  <item id="767977754" name="Aufkl. d. Hasses"/>
  <item id="1522620812" name="Vampirzähne"/>
  <item id="3284666422" name="Kristallkugel"/>
  <item id="3033479328" name="Entspngs.kissen"/>
  <item id="1100797588" name="Zurückhalt.gürtel"/>
  <item id="3633678126" name="Schutzstein"/>
  <item id="2945628088" name="Affendiadem"/>
</items>
