<?xml version="1.0" encoding="utf-8"?>
<items>
  <item id="1332445335" name="Yo-kai Watch"/>
  <item id="3596800301" name="Yo-kai Watch"/>
  <item id="2707808699" name="Yo-kai-Medailliu."/>
  <item id="1057059864" name="Plv. d. Erblühens"/>
  <item id="1208370318" name="Insektennetz"/>
  <item id="3507426612" name="Angelrute"/>
  <item id="2785551778" name="Museumsticket"/>
  <item id="917977139" name="Tresorraumschl."/>
  <item id="1102055589" name="Foto von Amy"/>
  <item id="561480000" name="Glücksunterwäs."/>
  <item id="1450226134" name="Fahrrad"/>
  <item id="3480871020" name="Fahrrad"/>
  <item id="3095318778" name="Uhrenzahnrad"/>
  <item id="639255897" name="Uhrenschraube"/>
  <item id="1360885199" name="Schl. (Anwesen)"/>
  <item id="3356763253" name="Besonderer Ring"/>
  <item id="3205698787" name="Papas Papiere"/>
  <item id="799803762" name="Schöne Rippe"/>
  <item id="1487616484" name="Schulschlüssel"/>
  <item id="173724291" name="Noten"/>
  <item id="2103304725" name="Uhrenfeder"/>
  <item id="3830756271" name="Schuppenschl."/>
  <item id="2471723833" name="Signalabim-Mot."/>
  <item id="221714074" name="Peyn-Öl"/>
  <item id="2049975820" name="Wirrefü.-Lenkrad"/>
  <item id="3812194230" name="„Yo-kai W.“-Schl."/>
  <item id="75586225" name="Leckerer Pilz"/>
  <item id="1938188839" name="Comicbuch"/>
  <item id="323085250" name="Wandak. Flasche"/>
  <item id="1682363220" name="Gespru. Teller"/>
  <item id="4249846510" name="Abgew. Talisman"/>
  <item id="2320020088" name="Goldtofu"/>
  <item id="338438107" name="Spielzeugrakete"/>
  <item id="1663768397" name="Fußball"/>
  <item id="4196550391" name="Liebesgedichte"/>
  <item id="2368042593" name="Erfrisch. Kräuter"/>
  <item id="496659440" name="Klinge des Betr."/>
  <item id="1788697446" name="Glänz. Starfoto"/>
  <item id="1543533829" name="Verbl. Starfoto"/>
  <item id="721896851" name="S. Modellbauset"/>
  <item id="2987267113" name="Wertv. Ohrringe"/>
  <item id="3305710783" name="Zeitkapsel"/>
  <item id="1533915420" name="Klinge der Täus."/>
  <item id="745177482" name="Taifunfächer"/>
  <item id="3043217456" name="Immerblume"/>
  <item id="3261391014" name="Schläng.trophäe"/>
  <item id="1390148919" name="Plauzentrophäe"/>
  <item id="635227553" name="Miautrophäe"/>
  <item id="1159414852" name="Quasseltrophäe"/>
  <item id="840725714" name="Wiehertrophäe"/>
  <item id="2870289768" name="Löwentrophäe"/>
  <item id="3692172798" name="Kapuzentrophäe"/>
  <item id="1115062365" name="Runzeltrophäe"/>
  <item id="896643275" name="Stumpfh.trophäe"/>
  <item id="2893603185" name="Vatertrophäe"/>
  <item id="3682587111" name="Tengutrophäe"/>
  <item id="1270926454" name="Zikadentrophäe"/>
  <item id="1019739360" name="Mochitrophäe"/>
  <item id="1849038727" name="Federtrophäe"/>
  <item id="422651665" name="Möchteg.trophäe"/>
  <item id="2151184043" name="Zinkertrophäe"/>
  <item id="4148119101" name="Trosttrophäe"/>
  <item id="1767625630" name="Wildheitstrophäe"/>
  <item id="509403912" name="Schmlzl.trophäe"/>
  <item id="2270540466" name="Flattertrophäe"/>
  <item id="4031939108" name="Shoguntrophäe"/>
  <item id="1626185653" name="Matschtrophäe"/>
  <item id="401256227" name="Träumertrophäe"/>
  <item id="1999447750" name="Neppertrophäe"/>
  <item id="2758224" name="Kimonotrophäe"/>
  <item id="2569226218" name="Hecheltrophäe"/>
  <item id="3995367292" name="Summtrophäe"/>
  <item id="1883300575" name="Kappatrophäe"/>
  <item id="122147401" name="Abkupfertrophäe"/>
  <item id="2655945715" name="Knuddeltrophäe"/>
  <item id="3913921381" name="Meistertrophäe"/>
  <item id="2046209780" name="Giftzahntrophäe"/>
  <item id="250715746" name="Flaschentrophäe"/>
  <item id="4038408713" name="Mähnentrophäe"/>
  <item id="2276592287" name="Zittertrophäe"/>
  <item id="515595045" name="Huttrophäe"/>
  <item id="1773956019" name="Stelzentrophäe"/>
  <item id="4158193168" name="Klappertrophäe"/>
  <item id="2162151046" name="Geweihtrophäe"/>
  <item id="433495868" name="Amortrophäe"/>
  <item id="1859235754" name="Humortrophäe"/>
  <item id="4268667451" name="Horntrophäe"/>
  <item id="2305393325" name="Schattentrophäe"/>
  <item id="3920497480" name="Zahnsto.trophäe"/>
  <item id="2661891038" name="Aaltrophäe"/>
  <item id="127953508" name="Haifischtrophäe"/>
  <item id="1890015986" name="Dämontrophäe"/>
  <item id="4005810001" name="Seetangtrophäe"/>
  <item id="2579824583" name="Drachentrophäe"/>
  <item id="13479549" name="Muscheltrophäe"/>
  <item id="2009767659" name="Trikloptrophäe"/>
  <item id="3883238266" name="Zyklopentrophäe"/>
  <item id="1319758496" name="Saphirglocke"/>
  <item id="3617635098" name="Smaragdglocke"/>
  <item id="2695334796" name="Rubinglocke"/>
  <item id="1052974639" name="Topasglocke"/>
  <item id="1237593785" name="Diamantglocke"/>
  <item id="4158121970" name="Kompon.porträt"/>
  <item id="1860089416" name="Froschanatomie"/>
  <item id="433686238" name="Yo-kai-Führer"/>
  <item id="2277315453" name="Thermometer"/>
  <item id="4038730731" name="Foto des Rektors"/>
  <item id="1773367889" name="Noko-Leder"/>
  <item id="515130055" name="Noko-Kot"/>
  <item id="2383109974" name="Noko-Spur"/>
  <item id="4178341824" name="Detektivabz. 1"/>
  <item id="2580276773" name="Zerbroch. Teller"/>
  <item id="4006401715" name="Angekn. Gurke"/>
  <item id="2009433865" name="Staubig. Amulett"/>
  <item id="12760991" name="Detektivabz. 2"/>
  <item id="2661687868" name="Detektivabz. 3"/>
  <item id="3919647402" name="Kaputter Eimer"/>
  <item id="1890075408" name="Plastikflasche"/>
  <item id="128938886" name="Zerfled. Magazin"/>
  <item id="2534436375" name="Detektivabz. 4"/>
  <item id="3759627905" name="KD-Notiz"/>
  <item id="3001464294" name="Detektivabz. 5"/>
  <item id="3319891312" name="Aushang"/>
  <item id="1558762698" name="Popstar-Poster"/>
  <item id="737141852" name="Leere Dose"/>
  <item id="3045814783" name="Leere Flasche"/>
  <item id="3263971689" name="Löchrige Stiefel"/>
  <item id="1535447251" name="Feuerwerksreste"/>
  <item id="746725445" name="Plastiktüte"/>
</items>
