<?xml version="1.0" encoding="utf-8"?>
<items>
  <item id="2905096119" name="Pfannes"/>
  <item id="874606093" name="Stocher"/>
  <item id="3712142136" name="Rambizambi"/>
  <item id="2669567285" name="Faulheld"/>
  <item id="102173839" name="Maujor"/>
  <item id="4017400250" name="Gähneral"/>
  <item id="2248502388" name="Mochismo"/>
  <item id="520895950" name="Misskunz"/>
  <item id="3376741043" name="Helmchen"/>
  <item id="1347267337" name="Hybritter"/>
  <item id="659200927" name="Corptain"/>
  <item id="3798575472" name="Leodrio"/>
  <item id="2069952714" name="Seismo"/>
  <item id="208128092" name="Stimmuleo"/>
  <item id="3495939058" name="Wettaran"/>
  <item id="1230412360" name="Schimma"/>
  <item id="1045539550" name="Fiesa"/>
  <item id="2687844221" name="Glitza"/>
  <item id="2095744254" name="Benkei"/>
  <item id="3856913732" name="B3-NK1"/>
  <item id="430150624" name="Sushiyama"/>
  <item id="1856283510" name="Kapunki"/>
  <item id="4218591281" name="Hornboxa"/>
  <item id="1652279691" name="Kneiferer"/>
  <item id="360511773" name="Zangenzar"/>
  <item id="1710339519" name="Serberker"/>
  <item id="4244169733" name="Butzemon"/>
  <item id="3052496065" name="Drotzel"/>
  <item id="754464123" name="Katarrnich"/>
  <item id="2901038464" name="Amnesimon"/>
  <item id="904070202" name="Doofkapp"/>
  <item id="860662292" name="Willnich"/>
  <item id="1145805442" name="Genuk"/>
  <item id="2750658437" name="Habssat"/>
  <item id="2277967427" name="Kicha"/>
  <item id="516839417" name="Blabia"/>
  <item id="3516768709" name="Petzmeralda"/>
  <item id="1217720447" name="Stereoma"/>
  <item id="1066647785" name="Omakabra"/>
  <item id="2665232130" name="Pistoleros"/>
  <item id="131425976" name="Casanovo"/>
  <item id="4004955021" name="Casalusa"/>
  <item id="3819684679" name="Spannsel"/>
  <item id="2057474813" name="Signalabim"/>
  <item id="2478913480" name="Dynamon"/>
  <item id="4205900294" name="Portalex"/>
  <item id="1673110460" name="Spekulump"/>
  <item id="2099834569" name="Eulusionist"/>
  <item id="3827416947" name="Uhudini"/>
  <item id="2468777957" name="Vagabuhu"/>
  <item id="731246946" name="Dreiseha"/>
  <item id="1553121780" name="Vierseha"/>
  <item id="3006965290" name="Tengu"/>
  <item id="708048784" name="Sengu"/>
  <item id="3082279576" name="Kyubi"/>
  <item id="784239394" name="Kryo"/>
  <item id="2930568153" name="Dösuma"/>
  <item id="933608035" name="Darumacho"/>
  <item id="3737526102" name="Goruma"/>
  <item id="3554353052" name="Nixda"/>
  <item id="1255296550" name="Sperrich"/>
  <item id="2746346259" name="Wallter"/>
  <item id="3790437662" name="Panza"/>
  <item id="2125216423" name="Zappelfant"/>
  <item id="3886377757" name="Zitterfant"/>
  <item id="3401592541" name="Barricardo"/>
  <item id="1405714279" name="Haltan"/>
  <item id="4176890975" name="Der Brocken"/>
  <item id="1644109285" name="Der Vulkan"/>
  <item id="3835849627" name="Rebelzebub"/>
  <item id="2108373537" name="Bandido"/>
  <item id="2477087501" name="Grobro"/>
  <item id="2137936016" name="Rhinfanterist"/>
  <item id="3865510186" name="Rhinoberst"/>
  <item id="2439000508" name="Rhinozerboss"/>
  <item id="2289762557" name="Kastellan III"/>
  <item id="371168606" name="Kastellan II"/>
  <item id="1629005256" name="Kastellan I"/>
  <item id="4161926258" name="Oberkastellan"/>
  <item id="3979483107" name="Robonyan"/>
  <item id="2587174773" name="Goldinyan"/>
  <item id="3061166255" name="Schtompf"/>
  <item id="796713237" name="Brausch"/>
  <item id="2627373403" name="Glitzelle"/>
  <item id="93575393" name="Klapperika"/>
  <item id="3975183828" name="Skelebelle"/>
  <item id="2943255022" name="Winzikado"/>
  <item id="912773204" name="Ninzikado"/>
  <item id="3741611361" name="Singzikado"/>
  <item id="4180944488" name="Schlotterrier"/>
  <item id="1614641106" name="Kalteser"/>
  <item id="389695300" name="Puhdel"/>
  <item id="2639848300" name="Jibanyan"/>
  <item id="72463062" name="Dornyan"/>
  <item id="1935049280" name="Grobianyan"/>
  <item id="3524883883" name="Wandakappa"/>
  <item id="1259349009" name="Nomakappa"/>
  <item id="1008145543" name="Wassgeht"/>
  <item id="3405923562" name="Komasan"/>
  <item id="1376458064" name="Komähne"/>
  <item id="621553094" name="Komajiro"/>
  <item id="3144200293" name="Komatigga"/>
  <item id="3364262020" name="Baku"/>
  <item id="1368375614" name="Wapir"/>
  <item id="3848274348" name="Knuffiwuffi"/>
  <item id="2087276566" name="Schnuckiputz"/>
  <item id="191783040" name="Schnuckiwatz"/>
  <item id="1681121160" name="Frostina"/>
  <item id="4248473138" name="Glazia"/>
  <item id="2319302308" name="Dämona"/>
  <item id="3461173871" name="Walza"/>
  <item id="1464075221" name="Plattla"/>
  <item id="541274947" name="Tschatscha"/>
  <item id="3452536321" name="Sabba"/>
  <item id="1421924283" name="Nascha"/>
  <item id="2854328171" name="Opa Gusto"/>
  <item id="858310353" name="Nimmersatt"/>
  <item id="2571244604" name="Reisgreis"/>
  <item id="4294960259" name="Blanko"/>
  <item id="2298008597" name="Heita"/>
  <item id="3612762926" name="Freundsfalta"/>
  <item id="1314861716" name="Freundspalta"/>
  <item id="962068994" name="Besserling"/>
  <item id="2805766049" name="Feinschwing"/>
  <item id="4235931885" name="Frohland"/>
  <item id="1701994839" name="Labiliese"/>
  <item id="309678529" name="Labilotte"/>
  <item id="2078485538" name="Trickolaus"/>
  <item id="3807018392" name="Wunderwilli"/>
  <item id="1740049382" name="Knobold"/>
  <item id="4273887836" name="Pascha"/>
  <item id="3002649629" name="Papa Blitzig"/>
  <item id="737254823" name="Onkel Omni"/>
  <item id="1660427619" name="Mama Aura"/>
  <item id="4226895065" name="Tante Herzi"/>
  <item id="2580914142" name="Wirreführer"/>
  <item id="14470756" name="Schieba"/>
  <item id="2883845468" name="Autschi"/>
  <item id="854240486" name="Peyn"/>
  <item id="3683191251" name="Agon"/>
  <item id="2161028767" name="Miesmücke"/>
  <item id="432537381" name="Schlimskito"/>
  <item id="4037302800" name="Juckmuck"/>
  <item id="2189955270" name="Simpel"/>
  <item id="461455740" name="Huschemen"/>
  <item id="1820750314" name="Nihilo"/>
  <item id="3873756610" name="Fledalein"/>
  <item id="2146272376" name="Flederhaus"/>
  <item id="149599470" name="Flederemit"/>
  <item id="1635567885" name="Argwoni"/>
  <item id="4168456375" name="Renitoni"/>
  <item id="2406656033" name="Onimich"/>
  <item id="2020079692" name="Finstengu"/>
  <item id="258001114" name="Schmöka"/>
  <item id="4256783066" name="Negasus"/>
  <item id="1689258848" name="Schandmähre"/>
  <item id="2977699955" name="Schämon"/>
  <item id="678775241" name="Muzifer"/>
  <item id="1601337695" name="Graf Karies"/>
  <item id="2825333042" name="König Knausa"/>
  <item id="829323400" name="Maximalefiz"/>
  <item id="2239871002" name="Hustanie"/>
  <item id="478734752" name="Wehigel"/>
  <item id="3600025881" name="Stibitza"/>
  <item id="1335711907" name="Wampsel"/>
  <item id="2219037229" name="Jammsel"/>
  <item id="491422615" name="Schlabat"/>
  <item id="1783476993" name="Dunkelfeder"/>
  <item id="2165097640" name="Möter"/>
  <item id="403019026" name="Dobbelmann"/>
  <item id="4050006055" name="Sir Berus"/>
  <item id="2610110855" name="Tropfi"/>
  <item id="43675709" name="Don Densato"/>
  <item id="1973239979" name="Zapfi"/>
  <item id="3959018760" name="Don Gelato"/>
  <item id="2633950622" name="Gusstav"/>
  <item id="3482269784" name="Schnattalie"/>
  <item id="1451649506" name="Nörgelika"/>
  <item id="3570579264" name="Tristine"/>
  <item id="1664776020" name="Pupsi"/>
  <item id="4197656302" name="Furzfürst"/>
  <item id="2965271108" name="Floppo"/>
  <item id="699868158" name="Kalaua"/>
  <item id="2049000981" name="Dörrte"/>
  <item id="3811055535" name="Glamourella"/>
  <item id="2486118201" name="Eternia"/>
  <item id="2846180101" name="Insomnina"/>
  <item id="816583359" name="Sandy"/>
  <item id="2202696433" name="Noko"/>
  <item id="440609611" name="Florinoko"/>
  <item id="1833180125" name="Pandanoko"/>
  <item id="2551707113" name="Aalbernd"/>
  <item id="18785363" name="Laalaalaal"/>
  <item id="1981387973" name="Urnakonda"/>
  <item id="3574652279" name="Ätzardine"/>
  <item id="1276742861" name="Makrekel"/>
  <item id="2776246776" name="Amokrele"/>
  <item id="2589019056" name="Dracki"/>
  <item id="56105482" name="Drachenfürst"/>
  <item id="1952393884" name="Azurdrache"/>
  <item id="3761182505" name="Tranatol"/>
  <item id="2032551571" name="Wirrtropf"/>
  <item id="3423333430" name="Lungerhai"/>
  <item id="1426242956" name="Meermassler"/>
  <item id="3878076405" name="Prassa"/>
  <item id="2418118499" name="Zauster"/>
  <item id="4265447092" name="Labernase"/>
  <item id="1731518222" name="Bananase"/>
  <item id="2040894075" name="Kobramotz"/>
  <item id="2544628567" name="Griesgramba"/>
  <item id="3769418689" name="Schiriviper"/>
  <item id="1623106362" name="Viptor"/>
  <item id="4189581952" name="Schattenato"/>
  <item id="3122683726" name="Shogunyan"/>
  <item id="608488173" name="Komasura"/>
  <item id="2738581007" name="Dandackel"/>
  <item id="1029700524" name="Vati Blum"/>
  <item id="2283158988" name="Gilgaros"/>
  <item id="1950041689" name="Saphinyan"/>
  <item id="3833879496" name="Smaranyan"/>
  <item id="2474863454" name="Rubinyan"/>
  <item id="2770224445" name="Topanyan"/>
  <item id="54294223" name="Diamanyan"/>
  <item id="3344411403" name="Glibbamanda"/>
  <item id="4116826505" name="Wabbelwutz"/>
  <item id="1928975686" name="Kutterkahn"/>
  <item id="1810031623" name="Harleking"/>
  <item id="3152164217" name="Phantasmurai"/>
  <item id="1016959387" name="Tarantutor"/>
  <item id="2312394747" name="Dr. Kling"/>
  <item id="3750686845" name="McKraken"/>
  <item id="3331703100" name="McKraken"/>
  <item id="4104364990" name="Janusrad"/>
  <item id="1791440413" name="Flechtigall"/>
  <item id="3967482056" name="Glotzmanda"/>
  <item id="1795513386" name="Dunkelwutz"/>
  <item id="3969728741" name="Käpt’n Karon"/>
  <item id="4119228836" name="Eklipsopath"/>
  <item id="397460056" name="Dr. Nogut"/>
  <item id="629579994" name="Shogunhold"/>
  <item id="1492210847" name="Tintrigant"/>
  <item id="3988296447" name="Awokalypso"/>
  <item id="1780518448" name="Gargaros"/>
  <item id="4079607690" name="Ogralus"/>
  <item id="2217668380" name="Orcanos"/>
</items>
