<?xml version='1.0' encoding='utf-8'?>
<items>
  <item id="1993296984" name="Lama del novellino"/>
  <item id="4022738402" name="Lama dell'allievo"/>
  <item id="2562796916" name="Spada del maestro"/>
  <item id="111524055" name="Scimitarra furfante"/>
  <item id="1906477121" name="Spada del mago"/>
  <item id="3903576571" name="Lama del Re Pirata"/>
  <item id="2678909293" name="Lama arcidemone"/>
  <item id="252966140" name="Lama del tuono"/>
  <item id="2014626922" name="Luna Crescente"/>
  <item id="416501135" name="Lama dal filo rosso"/>
  <item id="1876196633" name="Lama divina"/>
  <item id="4141690019" name="Malcalibur"/>
  <item id="3463654205" name="Baffo temerario"/>
  <item id="1467644551" name="Fucile d'acciaio"/>
  <item id="545081873" name="Orecchie lunari"/>
  <item id="3189366706" name="Lancia lucente"/>
  <item id="3374247716" name="Asta guardiana"/>
  <item id="1343733406" name="Globo fortunato"/>
  <item id="655396360" name="Zanna intrepida"/>
  <item id="3081737113" name="Code di fuoco"/>
  <item id="3232277263" name="Tomo guardiano"/>
  <item id="2691640042" name="Zampa cremisi"/>
  <item id="3613923964" name="Arco spettrale"/>
  <item id="1314999238" name="Scettro gelido"/>
  <item id="963017552" name="Codice sinistro"/>
  <item id="3703997651" name="Watch prezioso"/>
  <item id="197592018" name="Lama dal filo rosso"/>
  <item id="2462995048" name="Lama dal filo rosso"/>
  <item id="3855180542" name="Lama dal filo rosso"/>
  <item id="2574200442" name="Scudo rotondo"/>
  <item id="6717376" name="Scudo di ferro"/>
  <item id="2002866006" name="Scudo d'argento"/>
  <item id="3909475061" name="Scudo del soldato"/>
  <item id="2650991203" name="Scudo del paladino"/>
  <item id="118209497" name="Scudo di cristallo"/>
  <item id="1879870287" name="Scudo veritas"/>
  <item id="3769865950" name="Scudo epico"/>
  <item id="2545198664" name="Scudo dell'eroe"/>
  <item id="4151521197" name="Scudo di Nettuno"/>
  <item id="2155093819" name="Scudo eterno"/>
  <item id="427642497" name="Scudo diabolico"/>
  <item id="567494943" name="Scudo leggenda"/>
  <item id="3831980528" name="Scudo dell'eroe"/>
  <item id="2104373322" name="Scudo dell'eroe"/>
  <item id="174653660" name="Scudo dell'eroe"/>
</items>
