<?xml version='1.0' encoding='utf-8'?>
<items>
  <item id="1158785574" name="Bracc. consum."/>
  <item id="3681894277" name="Bracciale modesto"/>
  <item id="3692624796" name="Bracciale chiodato"/>
  <item id="2893156115" name="Bracciale potere"/>
  <item id="2870987530" name="Bracciale brutale"/>
  <item id="1020072578" name="Bracciale sublime"/>
  <item id="897277609" name="Braccialetto solare"/>
  <item id="1271538196" name="Bracciale cometa"/>
  <item id="1115450943" name="Bracciale malvagio"/>
  <item id="722316273" name="Bracciale epico"/>
  <item id="1544199015" name="Bracciale mitico"/>
  <item id="1154727953" name="Anello arrugginito"/>
  <item id="3669448114" name="Anello brutto"/>
  <item id="3722088875" name="Anello grazioso"/>
  <item id="2914018596" name="Anello arcobaleno"/>
  <item id="2866651453" name="Anello illusorio"/>
  <item id="1024424117" name="Anello fatato"/>
  <item id="884552862" name="Anello lunare"/>
  <item id="1242056739" name="Anello del destino"/>
  <item id="1136526344" name="Anello malvagio"/>
  <item id="718258630" name="Anello leggend."/>
  <item id="1573450064" name="Anello mitico"/>
  <item id="1184202312" name="Amuleto antico"/>
  <item id="3639733227" name="Amuleto vecchio"/>
  <item id="3751555058" name="Amuleto runico"/>
  <item id="2952190845" name="Amuleto protettivo"/>
  <item id="2828738404" name="Amuleto corazzato"/>
  <item id="1061799660" name="Amuleto fortuna"/>
  <item id="922716871" name="Amuleto galattico"/>
  <item id="1213134458" name="Amuleto della terra"/>
  <item id="1106819665" name="Amuleto malvagio"/>
  <item id="680099743" name="Amuleto epico"/>
  <item id="1603161865" name="Amuleto mitico"/>
  <item id="1196889215" name="Stemma semplice"/>
  <item id="3644031452" name="Stemma nero"/>
  <item id="3730720197" name="Stemma brillante"/>
  <item id="2922688842" name="Stemma carino"/>
  <item id="2841212243" name="Stemma di Ermete"/>
  <item id="1049341147" name="Stemma dell'aurora"/>
  <item id="926802160" name="Stemma meteora"/>
  <item id="1233951821" name="Stemma fulmine"/>
  <item id="1077596262" name="Stemma malvagio"/>
  <item id="692786600" name="Stemma epico"/>
  <item id="1582048574" name="Stemma mitico"/>
  <item id="3671275895" name="Fascia Fungofest"/>
  <item id="1100797588" name="Cerchio scimm."/>
  <item id="1108869882" name="Spada cicala"/>
  <item id="3675345728" name="Campana robusta"/>
  <item id="2887148502" name="Campana magica"/>
  <item id="846394997" name="Campana spessa"/>
  <item id="1165346531" name="Campana veloce"/>
  <item id="3699152729" name="Bottiglia infinita"/>
  <item id="2877007823" name="Ventaglio tengu"/>
  <item id="1002748510" name="Giacca allegra"/>
  <item id="1287883464" name="Mazza chiodata"/>
  <item id="1550776226" name="Bacchette"/>
  <item id="3311904280" name="Robovitamina E"/>
  <item id="2992674446" name="Polsiera di Kuadro"/>
  <item id="585075487" name="Campanella ricordo"/>
  <item id="738460461" name="Invertispada"/>
  <item id="1526936507" name="Invertigemme"/>
  <item id="3255460353" name="Riflettore"/>
  <item id="1440267145" name="Sfera paradisiaca"/>
  <item id="120148206" name="Ali di Icaro"/>
  <item id="1882087544" name="T-shirt patriottica"/>
  <item id="3911659970" name="Obi ancestrale"/>
  <item id="2652897620" name="Sigillo imperiale"/>
  <item id="4494583" name="Stemma d'onore"/>
  <item id="2000921697" name="Bunny Blaster"/>
  <item id="3997890011" name="Cannucc. alla moda"/>
  <item id="2572010829" name="Fagottino vorticoso"/>
  <item id="2130045002" name="Vessillo guerriero"/>
  <item id="506618287" name="Spada ordinaria"/>
  <item id="1765101881" name="Chip imperiale"/>
  <item id="4030464131" name="Spada stellata"/>
  <item id="2268803093" name="Bacch. stellestrisce"/>
  <item id="425698742" name="Scudo stellato"/>
  <item id="166910172" name="Lama di Enma"/>
  <item id="283765149" name="Perla meravigliosa"/>
  <item id="1851299104" name="Scettro Presidente"/>
  <item id="4149331098" name="Flauto incantato"/>
  <item id="2153182220" name="Maglio aggiuntivo"/>
  <item id="1743706379" name="Ankh dorato"/>
</items>
