<?xml version='1.0' encoding='utf-8'?>
<items>
  <item id="508414116" name="Barr. cioccolato"/>
  <item id="2150194439" name="Onigiri prugna"/>
  <item id="1766520882" name="Onigiri gamberi"/>
  <item id="4030966152" name="Onigiri deluxe"/>
  <item id="1848065067" name="Vigorium"/>
  <item id="2269419806" name="Vigorium alfa"/>
  <item id="402359439" name="Vigorium Omega"/>
  <item id="1627173913" name="Talismano forza"/>
  <item id="3882492" name="Talism. forza super"/>
  <item id="2000424298" name="Talisma. forza ultra"/>
  <item id="3996474576" name="Talismano spirito"/>
  <item id="2570218566" name="Talis. spirito super"/>
  <item id="123140581" name="Talisma. spirito ultra"/>
  <item id="1884408179" name="Talismano difesa"/>
  <item id="3914897609" name="Talis. difesa super"/>
  <item id="2657069151" name="Talisma. difesa ultra"/>
  <item id="249607630" name="Bambola di fuga"/>
  <item id="2045216088" name="Pupazzo di fuga"/>
  <item id="722890303" name="Daruma di fuga"/>
  <item id="3691200082" name="Trappol. di Segnam"/>
  <item id="1544642217" name="Trap. di Amplicamp"/>
  <item id="3306688275" name="Trappola di Restat"/>
  <item id="1158311912" name="Bomba incendiaria"/>
  <item id="2988392325" name="Super bomba inc."/>
  <item id="746301990" name="Ultra bomba inc."/>
  <item id="1534892720" name="Forza Blaster"/>
  <item id="3262499594" name="Forza Blaster G"/>
  <item id="3044211612" name="Forza Blaster GX"/>
  <item id="2869169860" name="Robopugno"/>
  <item id="634250765" name="Robopugno F"/>
  <item id="1389024923" name="Pugno dorato"/>
  <item id="895523687" name="Campo di Annebio"/>
  <item id="1114090481" name="Campo di Blando"/>
  <item id="3681483339" name="Campo di Nullio"/>
  <item id="2102184377" name="Mappa grande"/>
  <item id="1683486968" name="Trappolisir"/>
  <item id="1333439291" name="Fragr. affascinante"/>
  <item id="947755949" name="Fragranz. attraente"/>
  <item id="2708785687" name="Fragra. trascinante"/>
  <item id="1449237114" name="Globo della furia"/>
  <item id="3522791093" name="Globo della difesa"/>
  <item id="2005085351" name="Granforma"/>
  <item id="4002053405" name="Granforma L"/>
  <item id="2576174475" name="Granforma XL"/>
  <item id="132765736" name="Proteinplus"/>
  <item id="1894705342" name="Borsa aggiuntiva"/>
  <item id="3924277508" name="Potenzia. Martellaz."/>
  <item id="2665515410" name="Piastra rinforzata"/>
  <item id="241144835" name="Vigorium"/>
  <item id="2035852437" name="Bambola di fuga"/>
  <item id="1983989392" name="Mangiaodori"/>
  <item id="4014479146" name="Stivali del silenzio"/>
  <item id="2555324348" name="Sensore Necro An."/>
  <item id="103526943" name="Casco di protezion."/>
  <item id="1898742409" name="Sensore di oggetti"/>
  <item id="3894793011" name="Rallentatempo"/>
  <item id="176907053" name="Oggetto debug 1"/>
  <item id="2474783383" name="Oggetto debug 2"/>
  <item id="3833922049" name="Oggetto debug 3"/>
</items>
