<?xml version='1.0' encoding='utf-8'?>
<items>
  <item id="4040640462" index="1" name="Melofreccio"/>
  <item id="1214980267" index="2" name="Rovinasonno"/>
  <item id="2046011958" index="3" name="Padezoma"/>
  <item id="1799751128" index="4" name="Padesolo"/>
  <item id="1918710937" index="5" name="Mambo"/>
  <item id="3827602063" index="6" name="Katanoh"/>
  <item id="1553528298" index="7" name="Katachiom"/>
  <item id="1166263467" index="8" name="Pigrabbio"/>
  <item id="2859601318" index="9" name="Pulishido"/>
  <item id="2104724135" index="10" name="Pulishogun"/>
  <item id="3100090952" index="11" name="Leopigro"/>
  <item id="2992314685" index="12" name="Leoforte"/>
  <item id="315517635" index="13" name="Pesterr"/>
  <item id="1643699290" index="14" name="Furyo"/>
  <item id="2028203291" index="15" name="Homblu"/>
  <item id="4201225804" index="16" name="Pikiatodo"/>
  <item id="4136713569" index="17" name="Nervimacho"/>
  <item id="4018801696" index="18" name="Miomacho"/>
  <item id="2142621849" index="19" name="Velominimo"/>
  <item id="2201481998" index="20" name="Sonnoporco"/>
  <item id="518048695" index="21" name="Torporco"/>
  <item id="206922841" index="22" name="Anguirai"/>
  <item id="1412854799" index="23" name="Roninguilla"/>
  <item id="1828749175" index="24" name="Incapall"/>
  <item id="3906744738" index="25" name="Straik"/>
  <item id="1150518150" index="26" name="Adelmo"/>
  <item id="1445342312" index="27" name="Uniguerriero"/>
  <item id="1329405225" index="28" name="Capitavere"/>
  <item id="2400801402" index="29" name="Guerriso"/>
  <item id="182943320" index="30" name="Risfiamma"/>
  <item id="933573919" index="31" name="Leccatino"/>
  <item id="1348490951" index="32" name="Leccalux"/>
  <item id="3585873938" index="33" name="Kumbatto"/>
  <item id="1121319209" index="34" name="Kumbatto Rey"/>
  <item id="2645360020" index="35" name="Follfango"/>
  <item id="2674567082" index="36" name="Barbecrudel"/>
  <item id="668385487" index="37" name="Negotajo"/>
  <item id="3645160255" index="38" name="Benkei"/>
  <item id="3227486846" index="39" name="B3-NK1"/>
  <item id="4003089165" index="40" name="Leofuoco"/>
  <item id="4152457804" index="41" name="Leosismo"/>
  <item id="3702270351" index="42" name="Siro"/>
  <item id="83617212" index="43" name="Zardo"/>
  <item id="3158803161" index="44" name="Lucenio"/>
  <item id="4230997219" index="45" name="Quietana"/>
  <item id="2774315928" index="46" name="Aurio"/>
  <item id="621845233" index="47" name="Hovernyan"/>
  <item id="3406132351" index="48" name="Maximus Puro"/>
  <item id="1941508890" index="49" name="Maximus Deca"/>
  <item id="3873622193" index="50" name="Pallongonfio"/>
  <item id="294016696" index="51" name="Nipponon"/>
  <item id="144533497" index="52" name="Kapunkai"/>
  <item id="1934455732" index="53" name="Scarafante"/>
  <item id="3421574353" index="54" name="Scaragen"/>
  <item id="3538560400" index="55" name="Scaragone"/>
  <item id="3838898721" index="56" name="Machonyan"/>
  <item id="3789468917" index="57" name="Momonyan"/>
  <item id="3300256553" index="58" name="Sir Nyancillotto"/>
  <item id="3318738370" index="59" name="Serg. Kuadro"/>
  <item id="3195385929" index="60" name="Bison Kuadro"/>
  <item id="408080822" index="61" name="Mastyk"/>
  <item id="21618935" index="62" name="Mangiavita"/>
  <item id="3079793018" index="63" name="Lumynotto"/>
  <item id="2224638205" index="64" name="Ranyoni"/>
  <item id="3451350654" index="65" name="Buieroico"/>
  <item id="3568066367" index="66" name="Venchaku"/>
  <item id="1473178932" index="67" name="Camelia"/>
  <item id="2699998931" index="68" name="Debombrello"/>
  <item id="4067932905" index="69" name="Sandalio"/>
  <item id="448194943" index="70" name="Cernyer"/>
  <item id="538893349" index="71" name="Scappacan"/>
  <item id="966511628" index="72" name="Grumoko"/>
  <item id="545324365" index="73" name="Ocachu"/>
  <item id="3556401853" index="74" name="Fregmen"/>
  <item id="1311595012" index="75" name="Basbast"/>
  <item id="1463184197" index="76" name="Unabast"/>
  <item id="3146751539" index="77" name="Dimenticap"/>
  <item id="2012164562" index="78" name="Dimentigrand"/>
  <item id="2727653234" index="79" name="Scioccap"/>
  <item id="2560801600" index="80" name="Odomal"/>
  <item id="3078044958" index="81" name="Sentutto"/>
  <item id="2316768430" index="82" name="Terrogo"/>
  <item id="264985211" index="83" name="Vabben"/>
  <item id="1431073508" index="84" name="Voltovuoto"/>
  <item id="1456622790" index="85" name="Dinaso"/>
  <item id="3339302908" index="86" name="Usheila"/>
  <item id="850097099" index="87" name="Nuggeton"/>
  <item id="2944158578" index="88" name="Maisicuro"/>
  <item id="3024028005" index="89" name="Uovuoto"/>
  <item id="53737814" index="90" name="Rubaris"/>
  <item id="438880279" index="91" name="Blubo"/>
  <item id="2354146817" index="92" name="Rivela"/>
  <item id="2665791983" index="93" name="Kia-Kia"/>
  <item id="2504679232" index="94" name="Schelevekia"/>
  <item id="2839163357" index="95" name="Cupistol"/>
  <item id="887949668" index="96" name="Casanuva"/>
  <item id="771110949" index="97" name="Casanono"/>
  <item id="2240145679" index="98" name="Falskus"/>
  <item id="931616744" index="99" name="Inchimino"/>
  <item id="1027182186" index="100" name="Fumospirito"/>
  <item id="3478345399" index="101" name="Vapornella"/>
  <item id="2117842652" index="102" name="Segnam"/>
  <item id="3330789817" index="103" name="Amplicamp"/>
  <item id="2403020941" index="104" name="Mastro Kuoko"/>
  <item id="3751600376" index="105" name="Restat"/>
  <item id="797712772" index="106" name="Bugisco"/>
  <item id="3250302461" index="107" name="Pericano"/>
  <item id="2898270119" index="108" name="Woosh 2"/>
  <item id="1740547829" index="109" name="Lord Fastilio"/>
  <item id="398470167" index="110" name="Festinkas"/>
  <item id="91587577" index="111" name="Teschiobaleno"/>
  <item id="3377588726" index="112" name="Leonguista"/>
  <item id="1045680358" index="113" name="Illuguroo"/>
  <item id="659087783" index="114" name="Eluguroo"/>
  <item id="207991396" index="115" name="Vaguroo"/>
  <item id="2166860649" index="116" name="Trespy"/>
  <item id="2554108456" index="117" name="Quadaspy"/>
  <item id="2263857027" index="118" name="Traspec"/>
  <item id="624097286" index="119" name="Trispecchio"/>
  <item id="2683602626" index="120" name="Scuriflesso"/>
  <item id="4133838287" index="121" name="Kumandi"/>
  <item id="3184125084" index="122" name="Statichello"/>
  <item id="3853186250" index="123" name="Prof. Ibisyoso"/>
  <item id="1561760687" index="124" name="Igienio"/>
  <item id="494859669" index="125" name="Immagenio"/>
  <item id="2947172651" index="126" name="Miss Terry"/>
  <item id="2631334783" index="127" name="Maginyan"/>
  <item id="2780992240" index="128" name="Cervoglio"/>
  <item id="1801742127" index="129" name="Tengu"/>
  <item id="1920947822" index="130" name="Tenguflamma"/>
  <item id="160243924" index="131" name="Kyubi"/>
  <item id="278270357" index="132" name="Gelocoda"/>
  <item id="2643369827" index="133" name="Kimera"/>
  <item id="2224401954" index="134" name="Remera"/>
  <item id="3860244511" index="135" name="Onirosp"/>
  <item id="715130279" index="136" name="Sobron"/>
  <item id="940943945" index="137" name="Ag. Spioniglia"/>
  <item id="554605320" index="138" name="Candiglia"/>
  <item id="1618393631" index="139" name="Guido"/>
  <item id="2972796849" index="140" name="Gusciolento"/>
  <item id="2743396447" index="141" name="Muchomacho"/>
  <item id="3131037982" index="142" name="Goro-Goro"/>
  <item id="3102064831" index="143" name="Risvidiosa"/>
  <item id="3365620317" index="144" name="Fierogambero"/>
  <item id="1250891874" index="145" name="Carperso"/>
  <item id="1881615672" index="146" name="Persarmato"/>
  <item id="5875674" index="147" name="Tensiovaso"/>
  <item id="3528877583" index="148" name="Furiovaso"/>
  <item id="886008723" index="149" name="Nono-No"/>
  <item id="2356350198" index="150" name="Imposs"/>
  <item id="2506636727" index="151" name="Fuimuro"/>
  <item id="2352466200" index="152" name="Malandro"/>
  <item id="3428822818" index="153" name="Bandido"/>
  <item id="4268346784" index="154" name="Fratosto"/>
  <item id="3689170456" index="155" name="Graffit"/>
  <item id="2158611756" index="156" name="Muuuringa"/>
  <item id="713189200" index="157" name="Stuf"/>
  <item id="3637173626" index="158" name="Craniovuoto"/>
  <item id="847843644" index="159" name="Succeschio"/>
  <item id="645579901" index="160" name="Korpo"/>
  <item id="2536523489" index="161" name="Pupomimo"/>
  <item id="2942183813" index="162" name="Esagerhambur."/>
  <item id="400707296" index="163" name="Piccodivelocità"/>
  <item id="2663818008" index="164" name="Bloccospino"/>
  <item id="2279445081" index="165" name="Pesospino"/>
  <item id="3193428670" index="166" name="Sumbrodo"/>
  <item id="595649031" index="167" name="Brodozuna"/>
  <item id="2604434786" index="168" name="Moncurante"/>
  <item id="2307467916" index="169" name="Moncurioso"/>
  <item id="3245191076" index="170" name="Incontifante"/>
  <item id="3631652581" index="171" name="Duroboscide"/>
  <item id="4282759791" index="172" name="Resistofante"/>
  <item id="317458484" index="173" name="Giavellampo"/>
  <item id="1207557386" index="174" name="Equilanciere"/>
  <item id="89645326" index="175" name="Fortunavio"/>
  <item id="943179966" index="176" name="Am. Bonasorte"/>
  <item id="2857398097" index="177" name="Sudon-Sudon"/>
  <item id="3186329195" index="178" name="Punk Kong"/>
  <item id="540851922" index="179" name="Pantomix"/>
  <item id="2558581175" index="180" name="Incompletion"/>
  <item id="2318759513" index="181" name="Infangofono"/>
  <item id="3148741828" index="182" name="Ghelo"/>
  <item id="2729889157" index="183" name="Vulcando"/>
  <item id="2953011819" index="184" name="Castelius III"/>
  <item id="2603495848" index="185" name="Castelius II"/>
  <item id="2836943658" index="186" name="Castelius I"/>
  <item id="2184511721" index="187" name="Max Castelius"/>
  <item id="4083882779" index="188" name="Canyan"/>
  <item id="51485601" index="189" name="Rinofante"/>
  <item id="295973967" index="190" name="Rinorme"/>
  <item id="146736398" index="191" name="Multicorno"/>
  <item id="113893164" index="192" name="Kintaronyan"/>
  <item id="2453536821" index="193" name="Re Ale di Man."/>
  <item id="1047638545" index="194" name="Robonyan"/>
  <item id="1322859178" index="195" name="Robonyan F"/>
  <item id="1418121551" index="196" name="Showbonyan"/>
  <item id="661291856" index="197" name="Orobonyan"/>
  <item id="4051387260" index="198" name="Terrio"/>
  <item id="3898634813" index="199" name="Aqueo"/>
  <item id="3991934337" index="200" name="Ragabatrax"/>
  <item id="4109051072" index="201" name="Domesgeco"/>
  <item id="63412728" index="202" name="Koross"/>
  <item id="3145465501" index="203" name="Blutus"/>
  <item id="2848870771" index="204" name="Nerorko"/>
  <item id="1588252538" index="205" name="Kabukio"/>
  <item id="492607330" index="206" name="John Pinna"/>
  <item id="71804451" index="207" name="Pesh Khan"/>
  <item id="2156638171" index="208" name="Nuvola Azzurra"/>
  <item id="3046311383" index="209" name="Ingambe"/>
  <item id="3075825641" index="210" name="Stordo"/>
  <item id="266942604" index="211" name="Tortastra"/>
  <item id="836980656" index="212" name="Mimalletta"/>
  <item id="1130078060" index="213" name="Teskiant"/>
  <item id="4226283529" index="214" name="Stylossa"/>
  <item id="3808217416" index="215" name="Skelebell"/>
  <item id="1237787673" index="216" name="Cicalama"/>
  <item id="162480675" index="217" name="Cicabile"/>
  <item id="280261474" index="218" name="Cicanto"/>
  <item id="1468672218" index="219" name="Panbotto"/>
  <item id="1212760668" index="220" name="Baguantonio"/>
  <item id="3825660024" index="221" name="Fre-D"/>
  <item id="1555732253" index="222" name="Gelhuahua"/>
  <item id="1168221788" index="223" name="Kaldokan"/>
  <item id="2782982151" index="224" name="Incredibimbo"/>
  <item id="1346516016" index="225" name="Rybello"/>
  <item id="1230570865" index="226" name="Rybollo"/>
  <item id="1609739110" index="227" name="Mutavisia"/>
  <item id="221209266" index="228" name="Ciclopino"/>
  <item id="3798132768" index="229" name="Indovolpina"/>
  <item id="4013313983" index="230" name="Corrignoro"/>
  <item id="1830952320" index="231" name="Micellano"/>
  <item id="2140648046" index="232" name="Aspretta"/>
  <item id="643344010" index="233" name="Baku"/>
  <item id="1061394379" index="234" name="Blantapiro"/>
  <item id="3880700931" index="235" name="Anirica"/>
  <item id="2791091410" index="236" name="Pupillo Panja"/>
  <item id="3035169596" index="237" name="Pro Panja"/>
  <item id="3583933157" index="238" name="Ordinia"/>
  <item id="4042597689" index="239" name="Mayuty"/>
  <item id="2490923674" index="240" name="Cammikappa"/>
  <item id="3424348876" index="241" name="Movikappa"/>
  <item id="3573570445" index="242" name="Tavolama"/>
  <item id="2745600680" index="243" name="Jibanyan"/>
  <item id="1857823650" index="244" name="Jibanyan B"/>
  <item id="2893525287" index="245" name="Jibanyan S"/>
  <item id="4017261137" index="246" name="Jiban. Liu Bei"/>
  <item id="610966554" index="247" name="Ross"/>
  <item id="454749645" index="248" name="Spinyan"/>
  <item id="2261636468" index="249" name="Malonyan"/>
  <item id="1806853494" index="250" name="Buchinyan"/>
  <item id="1957105065" index="251" name="Komasan"/>
  <item id="1309620467" index="252" name="Crinikoma"/>
  <item id="2081000524" index="253" name="Komasan B"/>
  <item id="2071344678" index="254" name="Komasan S"/>
  <item id="2828416367" index="255" name="Koma. Sun Ce"/>
  <item id="3165905527" index="256" name="Jibakoma"/>
  <item id="1841052904" index="257" name="Komajiro"/>
  <item id="2084133489" index="258" name="Komagre"/>
  <item id="1651312487" index="259" name="Komajiro S"/>
  <item id="1296499848" index="260" name="Pioggianna"/>
  <item id="4126893037" index="261" name="Velorapido"/>
  <item id="3341538571" index="262" name="Putzo"/>
  <item id="1526525362" index="263" name="Pronfone"/>
  <item id="3795880663" index="264" name="Canpuccino"/>
  <item id="271208970" index="265" name="Sfericca"/>
  <item id="1152508273" index="266" name="Carnino"/>
  <item id="1443122847" index="267" name="Amoroseo"/>
  <item id="1327464414" index="268" name="Amoroscuro"/>
  <item id="1048957631" index="269" name="Harry Barry"/>
  <item id="1147659048" index="270" name="Wondernyan"/>
  <item id="68125970" index="271" name="Jetnyan"/>
  <item id="1272413310" index="272" name="Scimyan"/>
  <item id="325217905" index="273" name="Tomnyan"/>
  <item id="3963270698" index="274" name="Komastoppisti"/>
  <item id="753303304" index="275" name="Gelina"/>
  <item id="2488932461" index="276" name="Nevaria"/>
  <item id="2369857836" index="277" name="Neradama"/>
  <item id="2742061297" index="278" name="Melonyan"/>
  <item id="3127622064" index="279" name="Aranyan"/>
  <item id="2437343859" index="280" name="Kiwinyan"/>
  <item id="2287852338" index="281" name="Uvanyan"/>
  <item id="3340520949" index="282" name="Fragonyan"/>
  <item id="3725032628" index="283" name="Angurnyan"/>
  <item id="903818430" index="284" name="Zaffinyan"/>
  <item id="519208829" index="285" name="Smeranyan"/>
  <item id="132730428" index="286" name="Rubinyan"/>
  <item id="1219025147" index="287" name="Topanyan"/>
  <item id="751050239" index="288" name="Diamanyan"/>
  <item id="2249971501" index="289" name="Robokapp"/>
  <item id="2494462147" index="290" name="Robokoma"/>
  <item id="1550619972" index="291" name="Sailornyan"/>
  <item id="2716997409" index="292" name="Felimonio"/>
  <item id="2519525139" index="293" name="Cancan"/>
  <item id="1123523550" index="294" name="Fericuro"/>
  <item id="3287232628" index="295" name="Chocobonyan"/>
  <item id="1580730573" index="296" name="Mogurinyan"/>
  <item id="3867439016" index="297" name="Ipnonyan"/>
  <item id="4096901190" index="298" name="Ipnokoma"/>
  <item id="2529042596" index="299" name="Sushinyan"/>
  <item id="771901377" index="300" name="Tempurasan"/>
  <item id="2056910010" index="301" name="Falkappa"/>
  <item id="1669514747" index="302" name="Foreskappa"/>
  <item id="3257242591" index="303" name="Maestro Miu"/>
  <item id="3908981589" index="304" name="Tenguriginale"/>
  <item id="4058341908" index="305" name="Luminata"/>
  <item id="1747737428" index="306" name="Parsolino"/>
  <item id="1738327042" index="307" name="Taglioceko"/>
  <item id="3743458151" index="308" name="Can-Tan"/>
  <item id="3989993334" index="309" name="Ovojo"/>
  <item id="4106831415" index="310" name="Magnalestus"/>
  <item id="4228744724" index="311" name="Danz"/>
  <item id="1696488402" index="312" name="Algacabana"/>
  <item id="3843471189" index="313" name="Banz"/>
  <item id="3460031638" index="314" name="Tanz"/>
  <item id="424570948" index="315" name="Alga Sensei"/>
  <item id="3554148426" index="316" name="Nonno Fame"/>
  <item id="2344292380" index="317" name="Offam"/>
  <item id="3401789707" index="318" name="Nonno Kiko"/>
  <item id="1666720125" index="319" name="Nonno Ciccio"/>
  <item id="3499113521" index="320" name="Curaling"/>
  <item id="4173947755" index="321" name="Linguermiera"/>
  <item id="810502914" index="322" name="Sabbio"/>
  <item id="1081410574" index="323" name="Sig. Sabbio"/>
  <item id="4199283899" index="324" name="Vaschella"/>
  <item id="1338350424" index="325" name="Profumarta"/>
  <item id="3449097353" index="326" name="Kaporezzo"/>
  <item id="1965648876" index="327" name="Risperdo"/>
  <item id="759856058" index="328" name="Doman"/>
  <item id="3855373267" index="329" name="Ghiandubbio"/>
  <item id="2796080252" index="330" name="Canmouse"/>
  <item id="825576937" index="331" name="Dolgioioso"/>
  <item id="1767267775" index="332" name="Dolceleste"/>
  <item id="1879396303" index="333" name="Pocotanto"/>
  <item id="2988432595" index="334" name="Povereroe"/>
  <item id="1763606158" index="335" name="Optimio"/>
  <item id="3474428761" index="336" name="Gnomino"/>
  <item id="3934047365" index="337" name="Gran Gnomino"/>
  <item id="3647396296" index="338" name="Farfanima"/>
  <item id="3229477001" index="339" name="Farfanemi"/>
  <item id="1641725613" index="340" name="Farfamiglio"/>
  <item id="2025951212" index="341" name="Farfavigo"/>
  <item id="2007757884" index="342" name="Bovindovino"/>
  <item id="178502582" index="343" name="Toroveggente"/>
  <item id="2297637991" index="344" name="DON-CHAN"/>
  <item id="3718397111" index="345" name="Ray Lux"/>
  <item id="241655497" index="346" name="Tridonio"/>
  <item id="394030984" index="347" name="Posidonio"/>
  <item id="3741499792" index="348" name="Pensanguro"/>
  <item id="2515934431" index="349" name="Malparlo"/>
  <item id="1789838468" index="350" name="Pigroletto"/>
  <item id="3524436961" index="351" name="Servix"/>
  <item id="3232173071" index="352" name="Nonno Verde"/>
  <item id="1503048510" index="353" name="Bencosy"/>
  <item id="1911393939" index="354" name="Alfornina"/>
  <item id="4005046778" index="355" name="Felicio"/>
  <item id="3067820460" index="356" name="Mutevina"/>
  <item id="2948597997" index="357" name="Mutevana"/>
  <item id="3590341831" index="358" name="Pavonyan"/>
  <item id="2015062890" index="359" name="Sballio"/>
  <item id="1567634614" index="360" name="Bianclora"/>
  <item id="739385254" index="361" name="Nonnobot"/>
  <item id="2043791553" index="362" name="Lanchu"/>
  <item id="1623914880" index="363" name="Dopios"/>
  <item id="1388358624" index="364" name="Comparsol"/>
  <item id="343699650" index="365" name="Odisseanyan"/>
  <item id="4151966781" index="366" name="Locandemonia"/>
  <item id="1233379831" index="367" name="Babbo Saetta"/>
  <item id="1352192182" index="368" name="Zio Infinio"/>
  <item id="4047472274" index="369" name="Mamma Aura"/>
  <item id="3894720467" index="370" name="Zia Cora"/>
  <item id="1254874508" index="371" name="Kirin"/>
  <item id="1406201037" index="372" name="Unikirin"/>
  <item id="396790542" index="373" name="Velotempo"/>
  <item id="247315023" index="374" name="Sonicombatten."/>
  <item id="1165705946" index="375" name="Melanconico"/>
  <item id="3635182179" index="376" name="Spioncello"/>
  <item id="1611668742" index="377" name="Confusio"/>
  <item id="3562330446" index="378" name="Demanone"/>
  <item id="3444566031" index="379" name="Favorio"/>
  <item id="1530285593" index="380" name="Ferispalla"/>
  <item id="3817482620" index="381" name="Dolorr"/>
  <item id="4203812925" index="382" name="Agonio"/>
  <item id="3316206299" index="383" name="Ambizero"/>
  <item id="3660506547" index="384" name="Fashin"/>
  <item id="3770815751" index="385" name="Svejo"/>
  <item id="876284733" index="386" name="Dormai"/>
  <item id="4257686975" index="387" name="Socialbero"/>
  <item id="3952348633" index="388" name="Rituittolo"/>
  <item id="2120028613" index="389" name="Negatibuzz"/>
  <item id="3336664736" index="390" name="Malazanz"/>
  <item id="3757721569" index="391" name="Prudor"/>
  <item id="1367906203" index="392" name="Annebio"/>
  <item id="166430669" index="393" name="Blando"/>
  <item id="284210828" index="394" name="Nullio"/>
  <item id="2457519579" index="395" name="Bacontrito"/>
  <item id="3658254148" index="396" name="Suspicion"/>
  <item id="3273111045" index="397" name="Collerio"/>
  <item id="3896174022" index="398" name="Bastian"/>
  <item id="691944325" index="399" name="Negakan"/>
  <item id="999003243" index="400" name="Ululay"/>
  <item id="1433276435" index="401" name="Dentrostrello"/>
  <item id="3367577770" index="402" name="Casastrello"/>
  <item id="3517061611" index="403" name="Eremistrello"/>
  <item id="1484681826" index="404" name="Prestamme"/>
  <item id="4063461127" index="405" name="Aladron"/>
  <item id="1923461864" index="406" name="Nerdio"/>
  <item id="436131076" index="407" name="Hackerrimo"/>
  <item id="1872790096" index="408" name="Fatù"/>
  <item id="3608995125" index="409" name="Conte Zapula"/>
  <item id="2030553752" index="410" name="Tiratto"/>
  <item id="717660862" index="411" name="Re Plorevole"/>
  <item id="3695902187" index="412" name="Pollotruffante"/>
  <item id="1693883022" index="413" name="Manny Panikiao"/>
  <item id="1984116064" index="414" name="Giormalista"/>
  <item id="1100858706" index="415" name="Sbattituro"/>
  <item id="1655758881" index="416" name="Tenguleggon"/>
  <item id="2074857824" index="417" name="Uccelleggon"/>
  <item id="2098539966" index="418" name="Subitora"/>
  <item id="935563782" index="419" name="Elisnobetta"/>
  <item id="2357685336" index="420" name="Dracunyan"/>
  <item id="3472839173" index="421" name="Kappadonna"/>
  <item id="4179730999" index="422" name="Comodoso"/>
  <item id="3390690701" index="423" name="Usapyon"/>
  <item id="3540182220" index="424" name="Usapyon"/>
  <item id="4163876623" index="425" name="Usapyon"/>
  <item id="3778315854" index="426" name="Usapyon"/>
  <item id="2926907529" index="427" name="Usapyon"/>
  <item id="2602493845" index="428" name="Usapyon B"/>
  <item id="3470602482" index="429" name="Usa. Zhongda"/>
  <item id="2407527779" index="430" name="Trisalamandra"/>
  <item id="1961084999" index="431" name="Negasus"/>
  <item id="1845033222" index="432" name="Malvallo"/>
  <item id="201056170" index="433" name="Tuttosso"/>
  <item id="2188351250" index="434" name="Trèmone"/>
  <item id="986968183" index="435" name="Prodemone"/>
  <item id="600359222" index="436" name="Conte Cario"/>
  <item id="1653768918" index="437" name="Corocchio"/>
  <item id="2072621975" index="438" name="Prezocchio"/>
  <item id="2059114061" index="439" name="Avodus"/>
  <item id="1671472908" index="440" name="Malavo"/>
  <item id="646882515" index="441" name="Wokscillo"/>
  <item id="1002127958" index="442" name="Kyubi Nero"/>
  <item id="2705502817" index="443" name="Dr. T. Cancello"/>
  <item id="3092874016" index="444" name="Dottor Nocto"/>
  <item id="3777680475" index="445" name="Offrett"/>
  <item id="1260592336" index="446" name="Stancravatta"/>
  <item id="1850229516" index="447" name="Letterotta"/>
  <item id="3606324329" index="448" name="Cambiaman"/>
  <item id="3682787585" index="449" name="Pantonio"/>
  <item id="456691514" index="450" name="Malagol"/>
  <item id="35896955" index="451" name="Maloriccio"/>
  <item id="2975326376" index="452" name="Umio"/>
  <item id="1205583869" index="453" name="Plovio"/>
  <item id="2823606761" index="454" name="Frisco"/>
  <item id="1589677756" index="455" name="Grandion"/>
  <item id="2204205610" index="456" name="Sanguinasio"/>
  <item id="1827192363" index="457" name="Uccelladro"/>
  <item id="1228096695" index="458" name="Uccellaso"/>
  <item id="1978896234" index="459" name="Voladdome"/>
  <item id="741375313" index="460" name="Rumorio"/>
  <item id="2984723944" index="461" name="Rumbo"/>
  <item id="2970821958" index="462" name="Buhu"/>
  <item id="2819101703" index="463" name="Sciattandato"/>
  <item id="2200258500" index="464" name="Disnero"/>
  <item id="856127353" index="465" name="Canom"/>
  <item id="1936658755" index="466" name="Bi-Canom"/>
  <item id="1785995266" index="467" name="Herr Bero"/>
  <item id="2654127030" index="468" name="Pelocodo"/>
  <item id="156967565" index="469" name="Pelovunque"/>
  <item id="4087315381" index="470" name="Tambulator"/>
  <item id="2438225593" index="471" name="Schiacciasemi"/>
  <item id="65403663" index="472" name="Innasocenti"/>
  <item id="3292629895" index="473" name="Ingiallia"/>
  <item id="2097016034" index="474" name="Ansiosceriffo"/>
  <item id="614399156" index="475" name="Risciak"/>
  <item id="881569405" index="476" name="Kiakierenata"/>
  <item id="764452668" index="477" name="Brontolaura"/>
  <item id="4284995736" index="478" name="Negatina"/>
  <item id="3007822031" index="479" name="Fradicina"/>
  <item id="341709365" index="480" name="Gratidun"/>
  <item id="116112859" index="481" name="Sabbeno"/>
  <item id="3143212138" index="482" name="Irritavo"/>
  <item id="290477281" index="483" name="Vishido"/>
  <item id="4219559696" index="484" name="Battutristo"/>
  <item id="3801771601" index="485" name="Cominon"/>
  <item id="2619513809" index="486" name="Sol-O-Sol"/>
  <item id="2794106507" index="487" name="Rumboroso"/>
  <item id="506907118" index="488" name="Pandebosciato"/>
  <item id="1128085621" index="489" name="Puzzetto"/>
  <item id="1512442164" index="490" name="Fetor"/>
  <item id="2850829188" index="491" name="Chiusella"/>
  <item id="468618595" index="492" name="Disturbella"/>
  <item id="2982487839" index="493" name="Canombot"/>
  <item id="1395157692" index="494" name="Spargipelo"/>
  <item id="209937920" index="495" name="Maltango"/>
  <item id="703085020" index="496" name="Cinetosio"/>
  <item id="1716938665" index="497" name="Rugada"/>
  <item id="3739877580" index="498" name="Perennia"/>
  <item id="3354472845" index="499" name="Eternia"/>
  <item id="4052689874" index="500" name="Termaiale"/>
  <item id="3540910611" index="501" name="Darknyan"/>
  <item id="2212622679" index="502" name="Decidyo"/>
  <item id="995989042" index="503" name="Chiompauro"/>
  <item id="3912560894" index="504" name="Insomnia"/>
  <item id="4029661631" index="505" name="Oniria"/>
  <item id="2740120070" index="506" name="Arachnus"/>
  <item id="3125402439" index="507" name="Arachnia"/>
  <item id="1665042020" index="508" name="Origenio"/>
  <item id="2049292069" index="509" name="Orrigenio"/>
  <item id="3172984517" index="510" name="Incantella"/>
  <item id="2251929050" index="511" name="Torcirana"/>
  <item id="592896094" index="512" name="Tèntennante"/>
  <item id="2304714965" index="513" name="Lemmelemme"/>
  <item id="2615838523" index="514" name="Esageraserpe"/>
  <item id="2440445006" index="515" name="Malizio"/>
  <item id="3255300392" index="516" name="Noko"/>
  <item id="3501350598" index="517" name="Fortunoko"/>
  <item id="3676094569" index="518" name="Pandanoko"/>
  <item id="781222006" index="519" name="Noko Stella"/>
  <item id="2492209716" index="520" name="Skorbia"/>
  <item id="3542900964" index="521" name="Lamentia"/>
  <item id="344461420" index="522" name="WOWDrillo"/>
  <item id="3196180711" index="523" name="Lopod"/>
  <item id="104710018" index="524" name="Gushelebrity"/>
  <item id="3419633190" index="525" name="Anguillahah"/>
  <item id="3536340839" index="526" name="Canguilla"/>
  <item id="4192539812" index="527" name="Urnaconda"/>
  <item id="3968471914" index="528" name="Polpolpetto"/>
  <item id="2900522320" index="529" name="Repolpetto"/>
  <item id="1298491007" index="530" name="Odiapesce"/>
  <item id="1607518609" index="531" name="Detestorione"/>
  <item id="1187772624" index="532" name="Rabbiotonno"/>
  <item id="1951624455" index="533" name="Tartarcordo"/>
  <item id="3248082698" index="534" name="Aspiricordo"/>
  <item id="4131864376" index="535" name="Sforbiroso"/>
  <item id="2032511087" index="536" name="Sforbifuoco"/>
  <item id="1745762723" index="537" name="Draghetto"/>
  <item id="4124639514" index="538" name="Drago Reale"/>
  <item id="3972149339" index="539" name="Dragazzurro"/>
  <item id="1325095005" index="540" name="Serena"/>
  <item id="1804601217" index="541" name="Sirterna"/>
  <item id="1921726144" index="542" name="Madrena"/>
  <item id="2889119497" index="543" name="Scassauro"/>
  <item id="211879159" index="544" name="Dinostruggo"/>
  <item id="364524982" index="545" name="Goffzilla"/>
  <item id="1548679091" index="546" name="Lady Collung"/>
  <item id="2997844371" index="547" name="Whisper"/>
  <item id="3166447659" index="548" name="S. Whispocrate"/>
  <item id="1583263700" index="549" name="Grillorbice"/>
  <item id="701127467" index="550" name="Polpopolare"/>
  <item id="2210632608" index="551" name="Invipolpo"/>
  <item id="4138950550" index="552" name="Fixi"/>
  <item id="4020793047" index="553" name="Konfuxi"/>
  <item id="3882659572" index="554" name="Squacignolo"/>
  <item id="4269252533" index="555" name="Disabilitantis"/>
  <item id="3205480098" index="556" name="Sprek"/>
  <item id="2786365411" index="557" name="Tupag"/>
  <item id="129227207" index="558" name="Blablablo"/>
  <item id="514386054" index="559" name="Bananaso"/>
  <item id="3512377242" index="560" name="Bancacao"/>
  <item id="3841102038" index="561" name="Indecidrago"/>
  <item id="158941306" index="562" name="Robonoko"/>
  <item id="466415508" index="563" name="Draghettobot"/>
  <item id="998241477" index="564" name="Lukiè"/>
  <item id="1025240221" index="565" name="Bosserpente"/>
  <item id="254643743" index="566" name="Scontroserpe"/>
  <item id="604036572" index="567" name="Rettilarbitro"/>
  <item id="3438217826" index="568" name="Velanera"/>
  <item id="504671001" index="569" name="Testhon"/>
  <item id="2242350072" index="570" name="Velenotto"/>
  <item id="2629614265" index="571" name="Velenombra"/>
  <item id="3021824914" index="572" name="Ricordarana"/>
  <item id="756830014" index="573" name="Originyan"/>
  <item id="1793720682" index="574" name="Saiborg Y"/>
  <item id="4244235962" index="575" name="Pestifero"/>
  <item id="3997976916" index="576" name="Scortella"/>
  <item id="1458581041" index="577" name="Kattivik"/>
  <item id="244530791" index="578" name="Confundor"/>
  <item id="3056556290" index="579" name="Nihilo"/>
  <item id="829356020" index="580" name="Leccaccione"/>
  <item id="2607234943" index="581" name="Fangozzo"/>
  <item id="3382219868" index="582" name="Fetornella"/>
  <item id="2085762641" index="583" name="Fuorkappa"/>
  <item id="1860671935" index="584" name="Parazol"/>
  <item id="3386659250" index="585" name="Gnomalsorty"/>
  <item id="1902130903" index="586" name="Malindovino"/>
  <item id="2566455645" index="587" name="Morbocodo"/>
  <item id="1211144886" index="588" name="Siarena"/>
  <item id="1518679384" index="589" name="Lady Colcobra"/>
  <item id="94601632" index="590" name="Re Jibanyan"/>
  <item id="2557786393" index="591" name="Regi. Usapyon"/>
  <item id="550035068" index="592" name="Fante Koma"/>
  <item id="847081874" index="593" name="Komajiro Dieci"/>
  <item id="2327910135" index="594" name="Assonyan"/>
  <item id="3533833889" index="595" name="Jolly Whisper"/>
  <item id="2462736539" index="596" name="Benzaiten"/>
  <item id="2155859829" index="597" name="Hotei"/>
  <item id="2769588393" index="598" name="Daikokuten"/>
  <item id="952346640" index="599" name="Ebisu"/>
  <item id="497612748" index="600" name="Bishamonten"/>
  <item id="1963657499" index="601" name="Gattoforo"/>
  <item id="2451333826" index="602" name="T. Energison"/>
  <item id="2937777259" index="603" name="Tarwin"/>
  <item id="3604367006" index="604" name="Ult. Nyanmurai"/>
  <item id="2095025685" index="605" name="Koma Star"/>
  <item id="3294882160" index="606" name="Platinos"/>
  <item id="4089256258" index="607" name="Rick Assay"/>
  <item id="2534548502" index="608" name="Shogunyan"/>
  <item id="799949683" index="609" name="Komademone"/>
  <item id="410039105" index="610" name="Gilgador"/>
  <item id="2337239218" index="611" name="Rovinella"/>
  <item id="180690095" index="612" name="Senilfior"/>
  <item id="3408336520" index="613" name="Professorso"/>
  <item id="2994305994" index="614" name="Barbonbel"/>
  <item id="1939567085" index="615" name="Octaserp"/>
  <item id="346714779" index="616" name="Quesausto"/>
  <item id="3967710148" index="617" name="Principerla"/>
  <item id="1422005409" index="618" name="Takkabrig"/>
  <item id="1986090903" index="619" name="Terminyanator"/>
  <item id="3580500555" index="620" name="Supernyan"/>
  <item id="717332862" index="621" name="Hovernyan S"/>
  <item id="2718600730" index="622" name="Hover. Cao Cao"/>
  <item id="1107557232" index="623" name="Monoyoga"/>
  <item id="1776744703" index="624" name="Teblock"/>
  <item id="282997412" index="625" name="Pienò"/>
  <item id="389303481" index="626" name="Scheletristo"/>
  <item id="1177779873" index="627" name="Velenottobot"/>
  <item id="1220354802" index="628" name="Nerorko Lu Bu"/>
  <item id="4270791108" index="629" name="Kyubibot"/>
  <item id="2137248448" index="630" name="Robonyan Final"/>
  <item id="3803507321" index="631" name="Guglielma Den."/>
  <item id="3892982779" index="632" name="Cremcaramella"/>
  <item id="92398423" index="633" name="Woosha"/>
  <item id="3954601774" index="634" name="Koalanyan"/>
  <item id="351188853" index="635" name="Jibanyan T"/>
  <item id="2891108368" index="636" name="Komasan T"/>
  <item id="2330162176" index="637" name="Prin. Giuovanna"/>
  <item id="845091685" index="638" name="Deadcool"/>
  <item id="2436037024" index="639" name="Insudata"/>
  <item id="4206861333" index="640" name="Meteotimido"/>
  <item id="2069059345" index="641" name="Amplifarfalla"/>
  <item id="3755262921" index="642" name="Paghella"/>
  <item id="697212613" index="643" name="Kolpamì"/>
  <item id="1734911148" index="644" name="Affogas"/>
  <item id="2944936924" index="645" name="Depremummia"/>
  <item id="3353327013" index="646" name="Batkoma"/>
  <item id="2825016769" index="647" name="Tofupyon"/>
  <item id="1977420610" index="648" name="Noctockio"/>
  <item id="1842773294" index="649" name="Ambasc. Luxus"/>
  <item id="2677982980" index="650" name="Imagino"/>
  <item id="1009069976" index="651" name="Zazel"/>
  <item id="1354126494" index="652" name="Pygro"/>
  <item id="3174925362" index="653" name="Scrimonello"/>
  <item id="3445713959" index="654" name="Pradiabla"/>
  <item id="1510509852" index="655" name="Whis. Kongming"/>
  <item id="253581346" index="656" name="Jurojin"/>
  <item id="3080798023" index="657" name="Fukurokuju"/>
  <item id="1512763371" index="658" name="Faorone"/>
  <item id="1218396165" index="659" name="Re Morton"/>
  <item id="4028835680" index="660" name="Pandora"/>
  <item id="1844715481" index="661" name="Burlagenio"/>
  <item id="3578296508" index="662" name="Nyastet"/>
  <item id="3355301714" index="663" name="Komanubi"/>
  <item id="3775444652" index="664" name="Eloquia"/>
  <item id="1505022409" index="665" name="Educatorso"/>
  <item id="1258389031" index="666" name="Aristocanom"/>
  <item id="2883455252" index="667" name="Lodalurbe"/>
  <item id="552254603" index="668" name="Domandemon."/>
  <item id="823602974" index="669" name="Enma il Grande"/>
  <item id="767433492" index="670" name="Zazel il Giusto"/>
  <item id="3757482302" index="671" name="Imagino Risv."/>
  <item id="2499968113" index="672" name="Enma l'Antico"/>
  <item id="3801516174" index="673" name="Enma Risveglia."/>
  <item id="2135011383" index="674" name="Noiadamus"/>
  <item id="656580705" index="675" name="Marrabbià"/>
  <item id="710173961" index="676" name="Fracassia"/>
  <item id="2464678508" index="677" name="Initio"/>
  <item id="2153622914" index="678" name="Ultimio"/>
  <item id="954321639" index="679" name="Miku-Miku"/>
  <item id="2681864938" index="680" name="Lantriste"/>
  <item id="2372906244" index="681" name="Muulinda"/>
  <item id="903072353" index="682" name="Pihihippo"/>
  <item id="1619188401" index="683" name="Carpone"/>
  <item id="3627990484" index="684" name="Alpina"/>
  <item id="661022095" index="685" name="Lunio"/>
  <item id="2588494293" index="686" name="Nevina"/>
  <item id="1940825461" index="687" name="KJ"/>
  <item id="495621435" index="688" name="Enma Helios"/>
  <item id="255802069" index="689" name="Enma Chronos"/>
  <item id="3078839728" index="690" name="Enma Humbra"/>
  <item id="1279874064" index="691" name="Ind. Squalones"/>
  <item id="1593637886" index="692" name="Scavulcaniano"/>
  <item id="4109710197" index="693" name="Zomborg"/>
  <item id="1763838924" index="694" name="Nyansete II"/>
  <item id="3516820649" index="695" name="Miopatra"/>
  <item id="603239540" index="696" name="Fisicomico"/>
  <item id="2073535522" index="697" name="Dorago"/>
  <item id="3274425159" index="698" name="Imaginix"/>
  <item id="3263271226" index="901" name="Rothamm"/>
  <item id="4292982922" index="902" name="Supermanager"/>
  <item id="3091317338" index="903" name="Malocadabro"/>
  <item id="2543076356" index="904" name="Mister Kihè"/>
  <item id="2233592810" index="905" name="Letalio"/>
  <item id="1889619242" index="906" name="Flaudemone"/>
  <item id="600866892" index="907" name="Meganyan"/>
  <item id="1355043874" index="908" name="Dottor Frank"/>
  <item id="922826746" index="909" name="Trizilla"/>
  <item id="174136906" index="910" name="Yopple-Bot"/>
  <item id="326774539" index="911" name="No-Bot"/>
  <item id="1304519834" index="912" name="Letterribilia"/>
  <item id="4075936507" index="913" name="Baketon"/>
  <item id="3482448715" index="914" name="Pa-Pa-Padrino"/>
  <item id="165495455" index="915" name="Don Plotto"/>
  <item id="1773829227" index="916" name="Disceflauto"/>
  <item id="1494274860" index="917" name="Bifron"/>
  <item id="1074520685" index="918" name="Bifronscepolo"/>
  <item id="1685125788" index="919" name="Malvimini"/>
  <item id="2104216541" index="920" name="Malvinepolo"/>
  <item id="1289876874" index="921" name="Occhiogano"/>
  <item id="1030351905" index="922" name="Brontolante"/>
  <item id="2060031729" index="923" name="Imagino"/>
  <item id="1234451197" index="924" name="Guard. Vuoto"/>
  <item id="1316829263" index="925" name="Naskond"/>
  <item id="2084060927" index="926" name="Koross"/>
  <item id="1169490490" index="927" name="Blutus"/>
  <item id="1389237881" index="928" name="Nerorko"/>
  <item id="2364004398" index="929" name="Orkoscepolo"/>
  <item id="884828975" index="930" name="Terrorizen"/>
  <item id="1847075143" index="931" name="Depredos"/>
  <item id="2405135496" index="932" name="Termaiale"/>
  <item id="2990234936" index="933" name="Suimo"/>
  <item id="3666029292" index="934" name="Ciarlaterrore"/>
  <item id="3817364339" index="935" name="Manipiù"/>
  <item id="3739775683" index="936" name="Manitutt"/>
  <item id="2417258403" index="937" name="Poliministro"/>
  <item id="1262695972" index="938" name="Cancan"/>
  <item id="2280208058" index="939" name="Felimonio"/>
  <item id="1674749872" index="940" name="Imagino Risv."/>
  <item id="2186891840" index="941" name="Robonyan 28"/>
  <item id="718475206" index="942" name="Masterceffo"/>
  <item id="3809351209" index="943" name="Rovinosa"/>
  <item id="4015178317" index="944" name="Malaserpe"/>
  <item id="2013987832" index="945" name="Pa-Pa-Padroro"/>
  <item id="799282871" index="946" name="IcarOS"/>
  <item id="3153960591" index="947" name="Balament"/>
  <item id="2258483007" index="948" name="Balenoid"/>
  <item id="2311138006" index="949" name="Macellaspiriti"/>
  <item id="1459432318" index="950" name="Capitan Tuono"/>
  <item id="3631361181" index="951" name="Capitan Tuono"/>
  <item id="22167089" index="952" name="Re Shogun"/>
  <item id="603505363" index="953" name="Talpoon"/>
  <item id="1009915777" index="954" name="Ults. Nyanmurai"/>
</items>
