<?xml version='1.0' encoding='utf-8'?>
<items>
  <item id="3379315793" name="Barretta cioccolato"/>
  <item id="1421573352" name="Onigiri prugna"/>
  <item id="1909465908" name="Onigiri gamberi"/>
  <item id="1667599578" name="Onigiri deluxe"/>
  <item id="4273124451" name="Vigorium"/>
  <item id="3688491967" name="Vigorium Alfa"/>
  <item id="2210069481" name="Vigorium Omega"/>
  <item id="990289036" name="Talismano forza"/>
  <item id="2070870710" name="Super talism. forza"/>
  <item id="3285360083" name="Ultra talism. forza"/>
  <item id="3513201213" name="Talismano spirito"/>
  <item id="1775981912" name="Super talism. spirito"/>
  <item id="4094455265" name="Ultra talism. spirito"/>
  <item id="1286605444" name="Talismano difesa"/>
  <item id="1577428330" name="Super talism. difesa"/>
  <item id="3870933519" name="Ultra talism. difesa"/>
  <item id="3202011737" name="Bambola di fuga"/>
  <item id="107394364" name="Pupazzo della fuga"/>
  <item id="1020166246" name="Daruma della fuga"/>
  <item id="2879873373" name="Trappola Segnam"/>
  <item id="2222122755" name="Trappola Signition"/>
  <item id="2529642733" name="Trappola Restat"/>
  <item id="3105017523" name="Bomba incendiaria"/>
  <item id="779825032" name="Super bomba inc."/>
  <item id="3014399793" name="Ultra bomba inc."/>
  <item id="185626708" name="Forza Blaster"/>
  <item id="430301114" name="Forza Blaster G"/>
  <item id="2702817503" name="Forza Blaster GX"/>
  <item id="320538168" name="Robopugno"/>
  <item id="4185565321" name="Robopugno F"/>
  <item id="1103548396" name="Pugno dorato"/>
  <item id="2395750017" name="Campo di Annebio"/>
  <item id="913332708" name="Campo di Blando"/>
  <item id="616953354" name="Campo di Nullio"/>
</items>
