<?xml version='1.0' encoding='utf-8'?>
<items>
  <item id="1332445335" name="Trofeo principianti"/>
  <item id="3596800301" name="Trofeo di gratitudine"/>
  <item id="2707808699" name="Gran trofeo"/>
  <item id="1057059864" name="Premio Zampe"/>
  <item id="1208370318" name="Premio Comandante"/>
  <item id="3507426612" name="Autografo Imagino"/>
  <item id="2785551778" name="Bocconi d'amore"/>
  <item id="917977139" name="Cintura del campione"/>
  <item id="1102055589" name="Master Blaster"/>
  <item id="561480000" name="Sfera Oni d'oro puro"/>
  <item id="1450226134" name="Nota di encomio"/>
  <item id="3480871020" name="Motto Serg. Kuadro"/>
  <item id="3095318778" name="Statua Serg. Kuadro"/>
  <item id="639255897" name="Ventaglio d'oro"/>
  <item id="1360885199" name="Statua Nerorko"/>
  <item id="3356763253" name="Statua Gattiva"/>
  <item id="3205698787" name="Statua Cancan"/>
  <item id="799803762" name="Statua Felimonio"/>
  <item id="1487616484" name="Statua Imagino"/>
  <item id="173724291" name="Statua Brontolante"/>
  <item id="2103304725" name="Statua Ciarlaterrore"/>
  <item id="3830756271" name="Statua Wokscillo"/>
  <item id="496659440" name="Pergamena sfida rossa"/>
  <item id="1788697446" name="Pergamena sfida blu"/>
  <item id="2471723833" name="Brioche dello spirito"/>
  <item id="221714074" name="Brioche dell'anima"/>
  <item id="2049975820" name="Brioche fantasma"/>
  <item id="4196550391" name="Completo Jibanyan B"/>
  <item id="2368042593" name="Completo Komasan B"/>
  <item id="75586225" name="Completo da football"/>
  <item id="1938188839" name="Muta da sub"/>
  <item id="323085250" name="Tenuta militare"/>
  <item id="1682363220" name="Tuta da pilota"/>
  <item id="3812194230" name="Campanella magica"/>
  <item id="2487109408" name="Campanella eroica"/>
  <item id="4249846510" name="Bandiera 1º posto"/>
  <item id="2320020088" name="Raviolo per cani"/>
  <item id="338438107" name="Raviolo per scimmie"/>
  <item id="1663768397" name="Raviolo per fagiani"/>
  <item id="1543533829" name="Tesoro di Itaca"/>
  <item id="721896851" name="Dolciumi di Kintaronyan"/>
  <item id="2987267113" name="Completo di Usapyon B"/>
  <item id="3305710783" name="Medaglia Enma"/>
  <item id="1533915420" name="Pergamena imperiale"/>
  <item id="3261391014" name="Gli Audaci"/>
  <item id="745177482" name="I Misteriosi"/>
  <item id="3043217456" name="I Tosti"/>
  <item id="1390148919" name="Gli Splendidi"/>
  <item id="635227553" name="I Generosi"/>
  <item id="1159414852" name="Gli Oscuri"/>
  <item id="840725714" name="Gli Spaventatutti"/>
  <item id="2870289768" name="Gli Sfuggenti"/>
  <item id="3692172798" name="I Leggendari"/>
  <item id="1115062365" name="Gli Enma"/>
  <item id="896643275" name="Neatles"/>
  <item id="2893603185" name="Pinto Crusaders"/>
  <item id="3682587111" name="The Water Boyz"/>
  <item id="1270926454" name="Disco misterioso"/>
  <item id="1019739360" name="Nom-Nom Brothers"/>
  <item id="1849038727" name="Red Hot Oni Backers"/>
  <item id="422651665" name="Trio Taronyan (A)"/>
  <item id="2046209780" name="Trio Taronyan (B)"/>
  <item id="4148119101" name="Serg. Kuadro"/>
  <item id="1767625630" name="Hovernyan"/>
  <item id="2270540466" name="Cornofuso"/>
  <item id="4031939108" name="Malandro"/>
  <item id="1626185653" name="Jibanyan"/>
  <item id="401256227" name="Komasan"/>
  <item id="2758224" name="Dentrostrello"/>
  <item id="2569226218" name="Negatina"/>
  <item id="1883300575" name="Usapyon"/>
  <item id="122147401" name="Shogunyan"/>
  <item id="2655945715" name="Lucky Song"/>
  <item id="4038408713" name="Pass VIP Star"/>
</items>
