<?xml version='1.0' encoding='utf-8'?>
<items>
  <item id="1797004116" name="999 lame"/>
  <item id="3828113557" name="A buon rena"/>
  <item id="3851623607" name="A tutto volume"/>
  <item id="3746698145" name="Abilità demoniaca"/>
  <item id="2210800816" name="Abisso artico"/>
  <item id="2702651012" name="Acqua calda"/>
  <item id="2118742928" name="Acque pericolose"/>
  <item id="2170211590" name="Addestramento"/>
  <item id="2240487044" name="Addio glorioso"/>
  <item id="2909999827" name="Affetto salutare"/>
  <item id="517939813" name="Ah ah ah"/>
  <item id="3295043168" name="Alfa Omega (1)"/>
  <item id="3652691242" name="All'ultimo colpo (1)"/>
  <item id="2764350322" name="All'ultimo colpo (2)"/>
  <item id="2035448567" name="All'ultimo colpo (3)"/>
  <item id="1908685463" name="Alzadifesa"/>
  <item id="1364791448" name="Ammollo"/>
  <item id="2103328367" name="Anatema Negasus"/>
  <item id="826348203" name="Anatema avido"/>
  <item id="2777999056" name="Anatema guerriero"/>
  <item id="203504411" name="Anatema oscuro"/>
  <item id="3306047016" name="Animo sfibrante"/>
  <item id="216099614" name="Apparizione Yo-kai"/>
  <item id="3997044198" name="Apri tutto"/>
  <item id="553180760" name="Arrosto Felimonio (1)"/>
  <item id="3119615970" name="Arrosto Felimonio (2)"/>
  <item id="3472277364" name="Arrosto Felimonio (3)"/>
  <item id="2463249959" name="Artiglio insensibile"/>
  <item id="1843191073" name="Asciaciarla"/>
  <item id="2071308993" name="AssaltOni (1)"/>
  <item id="3799841659" name="AssaltOni (2)"/>
  <item id="4012375494" name="AssaltOni (3)"/>
  <item id="1982770300" name="AssaltOni (4)"/>
  <item id="19504362" name="AssaltOni (5)"/>
  <item id="2229470924" name="Assaltattica"/>
  <item id="1226056532" name="Assalto Invasore"/>
  <item id="3534843707" name="Assalto imperiale"/>
  <item id="540287545" name="Assorbienergia"/>
  <item id="3348238141" name="Attacco (1)"/>
  <item id="3733536380" name="Attacco (2)"/>
  <item id="4121193919" name="Attacco (3)"/>
  <item id="3971964158" name="Attacco (4)"/>
  <item id="2751384121" name="Attacco (5)"/>
  <item id="3473029345" name="Attacco (6)"/>
  <item id="1928887416" name="Attacco (7)"/>
  <item id="1516726045" name="Attacco (8)"/>
  <item id="2088676438" name="Attacco (9)"/>
  <item id="911751596" name="Attacco Mini Whisp (1)"/>
  <item id="3245261724" name="Attacco Mini Whisp (2)"/>
  <item id="1866818728" name="Attacco caricato (1)"/>
  <item id="1985893865" name="Attacco caricato (2)"/>
  <item id="1922282251" name="Attacco e fuga"/>
  <item id="1240097613" name="Attacco energico (1)"/>
  <item id="1357992460" name="Attacco energico (2)"/>
  <item id="1706391112" name="Attacco fulmineo"/>
  <item id="720448288" name="Attacco patetico"/>
  <item id="1058858371" name="Attacco poderoso"/>
  <item id="3234788809" name="Attacco potenziato"/>
  <item id="3654665352" name="Attacco potenziato +"/>
  <item id="4194082609" name="Attacco scatto"/>
  <item id="3888666509" name="Atterraggio fortuito (1)"/>
  <item id="2126579255" name="Atterraggio fortuito (2)"/>
  <item id="3164639686" name="Atterraggio fortuito (3)"/>
  <item id="3272305401" name="Atterraggio fortuito (4)"/>
  <item id="2917006271" name="Atterraggio fortuito (5)"/>
  <item id="2274681542" name="Atterraggio fortuito (6)"/>
  <item id="338042967" name="Atterraggio fortuito (7)"/>
  <item id="3900884221" name="Atto di fuga"/>
  <item id="1887127221" name="Aura di normalità"/>
  <item id="2759732419" name="Aura malefica"/>
  <item id="1683758960" name="Aura menomante"/>
  <item id="2568881523" name="Aura stordente"/>
  <item id="184818023" name="Aurallegra (1)"/>
  <item id="2326100189" name="Aurallegra (2)"/>
  <item id="3102422836" name="Autodistruzione (1)"/>
  <item id="378203020" name="Autodistruzione (2)"/>
  <item id="1584808927" name="Autodistruzione (3)"/>
  <item id="3927831267" name="Azione esecutiva"/>
  <item id="492047241" name="Bacio traditore"/>
  <item id="3081450256" name="Bacio vitale"/>
  <item id="3953735438" name="Ballo felice"/>
  <item id="1474447260" name="Balzo di Zazel"/>
  <item id="644558808" name="Balzo penoso"/>
  <item id="2579070664" name="Banana-sbam"/>
  <item id="4084229273" name="Bang bang"/>
  <item id="299645092" name="Banz-ahi"/>
  <item id="3618844963" name="Barricata"/>
  <item id="1522777177" name="Barriera misteriosa"/>
  <item id="1597137537" name="Barrierispida"/>
  <item id="2299599484" name="Barzellenta"/>
  <item id="2716427963" name="Bastonata brutale"/>
  <item id="1427340886" name="Batterio dentale"/>
  <item id="4098542660" name="Battitavole"/>
  <item id="3027317708" name="Battuta lenta"/>
  <item id="2780909793" name="Bau-Bau Blaster"/>
  <item id="574843154" name="Blaster boing"/>
  <item id="885268374" name="Blues dell'eremo"/>
  <item id="2570695530" name="Boccaccia caustica"/>
  <item id="611089186" name="Boccone"/>
  <item id="2685870419" name="Bollematiche (1)"/>
  <item id="958296297" name="Bollematiche (2)"/>
  <item id="3964150863" name="Bomba Oni (1)"/>
  <item id="2614556351" name="Bomba Oni (2)"/>
  <item id="7584464" name="Bomba Oni (3)"/>
  <item id="2542149173" name="Bomba rapida"/>
  <item id="879829864" name="Bomba rossa"/>
  <item id="2098141023" name="Bomba tenebrosa (1)"/>
  <item id="2119801867" name="Bomba tenebrosa (2)"/>
  <item id="2911723406" name="Bomba tenebrosa (3)"/>
  <item id="60486652" name="Bomba tenebrosa (4)"/>
  <item id="417553727" name="Bombardamento"/>
  <item id="2392665972" name="Bombattacco"/>
  <item id="3595366585" name="Bombe a raffica"/>
  <item id="337259388" name="Bombotolo"/>
  <item id="676398177" name="Bonalama"/>
  <item id="3224125502" name="Bonaura"/>
  <item id="1665837322" name="Botta bitorzoluta (1)"/>
  <item id="980177405" name="Botta bitorzoluta (2)"/>
  <item id="275325661" name="Botta bitorzoluta (3)"/>
  <item id="1943099832" name="Brivido pungente"/>
  <item id="2407780125" name="Brodo sgradevole"/>
  <item id="44981452" name="Bucamani"/>
  <item id="2593467551" name="Buon appetito"/>
  <item id="772671872" name="Buona sorte (1)"/>
  <item id="2126747699" name="Buona sorte (2)"/>
  <item id="2476216975" name="Caccolo"/>
  <item id="4014219899" name="Cadipancia"/>
  <item id="3320549870" name="Calaghiaccioli (1)"/>
  <item id="1222065332" name="Calaghiaccioli (2)"/>
  <item id="3089523601" name="Calalitigioso"/>
  <item id="1172401292" name="Calamissile guidato"/>
  <item id="2690752399" name="Calannone laser"/>
  <item id="3199998830" name="Calci infernali"/>
  <item id="1243681919" name="Calcio forzato"/>
  <item id="243340378" name="Caldonda"/>
  <item id="654522256" name="Cambiacanale"/>
  <item id="1622215173" name="Cambiafaccia"/>
  <item id="543459743" name="Campo di energia"/>
  <item id="3672038229" name="Canile"/>
  <item id="4000354141" name="Cannone Omai"/>
  <item id="1770522826" name="Cannone letale"/>
  <item id="616748332" name="Canto delle anime (1)"/>
  <item id="3184231574" name="Canto delle anime (2)"/>
  <item id="222896979" name="Canto indolente"/>
  <item id="1437861357" name="Canto mordente"/>
  <item id="1023990135" name="Capelli dritti (1)"/>
  <item id="129396217" name="Capelli dritti (2)"/>
  <item id="2843848125" name="Capitan Pugno"/>
  <item id="3799219427" name="Capsula nera (1)"/>
  <item id="2071604569" name="Capsula nera (2)"/>
  <item id="209526223" name="Capsula nera (3)"/>
  <item id="2451146860" name="Capsula nera (4)"/>
  <item id="2443393529" name="Capsula rossa (1)"/>
  <item id="3869509999" name="Capsula rossa (2)"/>
  <item id="2142066901" name="Capsula rossa (3)"/>
  <item id="1538802313" name="Capsula verde"/>
  <item id="1913392542" name="Cardiocura"/>
  <item id="691608617" name="Carica eccessiva"/>
  <item id="30164622" name="Carica lanciarazzi"/>
  <item id="1668889868" name="Carica rancorosa"/>
  <item id="174850351" name="Caricarisma"/>
  <item id="504566515" name="Caricasuperturbo! (1)"/>
  <item id="3827052432" name="Caricasuperturbo! (2)"/>
  <item id="2468028166" name="Caricasuperturbo! (3)"/>
  <item id="3147189331" name="Caricator"/>
  <item id="161756710" name="Casaballata"/>
  <item id="970554680" name="Cascata (1)"/>
  <item id="3336972501" name="Cascata (2)"/>
  <item id="1779671472" name="Cascata (3)"/>
  <item id="2540788387" name="Cascata (4)"/>
  <item id="463426096" name="Cascata (5)"/>
  <item id="4167966472" name="Cascata poderosa"/>
  <item id="3084594369" name="Cascatatrax"/>
  <item id="406206695" name="Cataclisma"/>
  <item id="2887453339" name="Centurocchio"/>
  <item id="329533060" name="Cerchio curativo"/>
  <item id="3771017416" name="Cerchio del male"/>
  <item id="2462769812" name="Cerchio perfetto"/>
  <item id="3841656063" name="Cerchio puro"/>
  <item id="1907631430" name="Che dolcezza!"/>
  <item id="2604338908" name="Che sarà? (1)"/>
  <item id="3376454404" name="Che sarà? (2)"/>
  <item id="724397286" name="Che sarà? (3)"/>
  <item id="2577368929" name="Che sarà? (4)"/>
  <item id="1568548852" name="Cimanera"/>
  <item id="1792601233" name="Ciottolo"/>
  <item id="3981676097" name="Circolo vizioso"/>
  <item id="1559897368" name="Codardente"/>
  <item id="2830434571" name="Codimena"/>
  <item id="1059721250" name="Collungo (1)"/>
  <item id="1877442961" name="Collungo (2)"/>
  <item id="731460456" name="Colpa mia"/>
  <item id="1140595683" name="Colpi a cascata"/>
  <item id="1930732377" name="Colpi ispiratori (1)"/>
  <item id="68391887" name="Colpi ispiratori (2)"/>
  <item id="388091184" name="Colpo Wobble"/>
  <item id="3488692575" name="Colpo al secchio"/>
  <item id="815668391" name="Colpo antico di Zazel"/>
  <item id="2649952262" name="Colpo armato"/>
  <item id="4046349840" name="Colpo caricato"/>
  <item id="1021454123" name="Colpo d'addio"/>
  <item id="3890501532" name="Colpo d'ascia"/>
  <item id="894786703" name="Colpo d'ombra"/>
  <item id="512625493" name="Colpo dall'ignoto"/>
  <item id="343117738" name="Colpo di ciarla (1)"/>
  <item id="3251552992" name="Colpo di ciarla (2)"/>
  <item id="2765707128" name="Colpo di naso"/>
  <item id="3172869592" name="Colpo di noia"/>
  <item id="3586423304" name="Colpo di rena"/>
  <item id="3206115618" name="Colpo di sonno"/>
  <item id="2931500506" name="Colpo di testa"/>
  <item id="3486203809" name="Colpo divino"/>
  <item id="254566317" name="Colpo esplosivo (1)"/>
  <item id="3552463117" name="Colpo esplosivo (2)"/>
  <item id="1559889358" name="Colpo felino (1)"/>
  <item id="1368213547" name="Colpo felino (2)"/>
  <item id="2337926699" name="Colpo felino (3)"/>
  <item id="485092306" name="Colpo felino (4)"/>
  <item id="2887417787" name="Colpo galeotto"/>
  <item id="2588051099" name="Colpo imperiale n. 3"/>
  <item id="3743948876" name="Colpo imperiale n. 360"/>
  <item id="3833728134" name="Colpo imperiale n. 9"/>
  <item id="2721257207" name="Colpo infernale"/>
  <item id="31967988" name="Colpo n. 3"/>
  <item id="1725168548" name="Colpo n. 360"/>
  <item id="2133278953" name="Colpo n. 9"/>
  <item id="2267754949" name="Colpo onigiri"/>
  <item id="750522644" name="Colpo possente"/>
  <item id="3178117641" name="Colpo pungente"/>
  <item id="3900222942" name="Colpo quarterback"/>
  <item id="3755349883" name="Colpo tosto"/>
  <item id="2954746507" name="Colpo totale"/>
  <item id="459877996" name="Colpopolpo"/>
  <item id="3069106868" name="Coltelli pronti (1)"/>
  <item id="1026072423" name="Coltelli pronti (2)"/>
  <item id="2000440525" name="Come osi!"/>
  <item id="4152975511" name="Concentraplus"/>
  <item id="141252053" name="Confusocchio"/>
  <item id="1649560369" name="Confuva"/>
  <item id="1384091802" name="Contrattacco"/>
  <item id="177726339" name="Copertura"/>
  <item id="513555584" name="Cornata esplosiva"/>
  <item id="1648788707" name="Corsa all'oro"/>
  <item id="11077686" name="Cristalsisma"/>
  <item id="209334871" name="Crollo demoniaco (1)"/>
  <item id="4051402331" name="Crollo demoniaco (2)"/>
  <item id="868425729" name="Crollo demoniaco (3)"/>
  <item id="3665974525" name="Crollo demoniaco (4)"/>
  <item id="3139285069" name="Crollo difensivo"/>
  <item id="2718335244" name="Crollo difensivo +"/>
  <item id="2169493659" name="Crollo offensivo"/>
  <item id="2555701722" name="Crollo offensivo +"/>
  <item id="1942187629" name="Crollo totale"/>
  <item id="3379782344" name="Crollo velocità"/>
  <item id="3496498057" name="Crollo velocità +"/>
  <item id="1685042970" name="Cuore di Imagino (1)"/>
  <item id="325617548" name="Cuore di Imagino (2)"/>
  <item id="3257603268" name="Cura di gruppo"/>
  <item id="394474821" name="Cura materna"/>
  <item id="2122596019" name="Cura onirica"/>
  <item id="2627405902" name="Curatenera"/>
  <item id="1345390800" name="Dado del destino"/>
  <item id="2051773861" name="Dammelo! (1)"/>
  <item id="2509042713" name="Dammelo! (2)"/>
  <item id="210085283" name="Dammelo! (3)"/>
  <item id="2072155445" name="Dammelo! (4)"/>
  <item id="3857055894" name="Dammelo! (5)"/>
  <item id="2464231424" name="Dammelo! (6)"/>
  <item id="421422407" name="Danza spiritica (1)"/>
  <item id="1041314959" name="Danza spiritica (2)"/>
  <item id="3905321916" name="Danza vaga"/>
  <item id="535171869" name="Danzalga"/>
  <item id="1070495100" name="Debito infinito"/>
  <item id="3456392274" name="Deboli-deboli-bu"/>
  <item id="420237970" name="Dente lamentoso"/>
  <item id="3422750888" name="Dentrarmonia"/>
  <item id="450472114" name="Derviscio divoratore"/>
  <item id="1972227684" name="DevastaOni (1)"/>
  <item id="3968114654" name="DevastaOni (2)"/>
  <item id="1332487214" name="Devastamore"/>
  <item id="988546042" name="Difendanza"/>
  <item id="4204567839" name="Difesa potenziata"/>
  <item id="3817319518" name="Difesa potenziata +"/>
  <item id="1306410170" name="Difombrello"/>
  <item id="149288073" name="Diletto del demone"/>
  <item id="426670742" name="Disagio"/>
  <item id="3889762062" name="Disarmo"/>
  <item id="3665096672" name="Disco infrrrno"/>
  <item id="3764825000" name="Disgustoplasma"/>
  <item id="3297793689" name="Disperazione"/>
  <item id="1112270727" name="Distruttore spiritico"/>
  <item id="1946298703" name="Doccia"/>
  <item id="3617654518" name="Dono immortale"/>
  <item id="2561517195" name="Doppia rivoluzione (1)"/>
  <item id="3068372023" name="Doppia rivoluzione (2)"/>
  <item id="520842696" name="Doppia rivoluzione G (1)"/>
  <item id="826634100" name="Doppia rivoluzione G (2)"/>
  <item id="1834033504" name="Doppio danno"/>
  <item id="4274142799" name="Doppio disarmo"/>
  <item id="3466799081" name="Doppio morso"/>
  <item id="3334865329" name="Dormigas"/>
  <item id="618215244" name="Drago dell'ombra"/>
  <item id="2573015958" name="Eee respira"/>
  <item id="992174089" name="Elastimuco"/>
  <item id="1275386674" name="Elettricità"/>
  <item id="333147230" name="Elettrobattilardo"/>
  <item id="3047974890" name="Elettroshock"/>
  <item id="3523087127" name="Elusione spiritica"/>
  <item id="1497118400" name="Energia celeste"/>
  <item id="4249643406" name="Entusiasmaura"/>
  <item id="3670618938" name="Entusiasmo"/>
  <item id="2461209634" name="Eroe inspiegabile"/>
  <item id="1835435151" name="Eruzione rovente (1)"/>
  <item id="4076998956" name="Eruzione rovente (2)"/>
  <item id="463724078" name="Eruzione rovente (3)"/>
  <item id="4072700699" name="Eruzione rovente (4)"/>
  <item id="518834347" name="Eruzione rovente (5)"/>
  <item id="1777072189" name="Eruzione rovente (6)"/>
  <item id="3806571583" name="Eruzione rovente (7)"/>
  <item id="2514787497" name="Eruzione rovente (8)"/>
  <item id="192940298" name="Eruzione rovente (9)"/>
  <item id="3886856890" name="Eruzione rovente (10)"/>
  <item id="2427161132" name="Eruzione rovente (11)"/>
  <item id="248455055" name="Eruzione rovente (12)"/>
  <item id="3728863160" name="Eruzione rovente (13)"/>
  <item id="2839994158" name="Eruzione rovente (14)"/>
  <item id="924994189" name="Eruzione rovente (15)"/>
  <item id="3670840074" name="Eruzione rovente (16)"/>
  <item id="2915804060" name="Eruzione rovente (17)"/>
  <item id="867120703" name="Eruzione rovente (18)"/>
  <item id="1818309544" name="Eruzione rovente (19)"/>
  <item id="459670334" name="Eruzione rovente (20)"/>
  <item id="2231539357" name="Eruzione rovente (21)"/>
  <item id="1839421855" name="Eruzione rovente (22)"/>
  <item id="446982409" name="Eruzione rovente (23)"/>
  <item id="2227240106" name="Eruzione rovente (24)"/>
  <item id="3465029604" name="Eruzione rovente (25)"/>
  <item id="1357689415" name="Eruzione rovente (26)"/>
  <item id="3389348694" name="Eruzione rovente (27)"/>
  <item id="3171052480" name="Eruzione rovente (28)"/>
  <item id="3092086085" name="Eruzione rovente (29)"/>
  <item id="1362024560" name="Eruzione rovente (30)"/>
  <item id="724914159" name="Eruzione rovente (31)"/>
  <item id="1546813305" name="Eruzione rovente (32)"/>
  <item id="3260476122" name="Eruzione rovente (33)"/>
  <item id="779770218" name="Eruzione rovente (34)"/>
  <item id="1501391356" name="Eruzione rovente (35)"/>
  <item id="3340368991" name="Eruzione rovente (36)"/>
  <item id="2780287096" name="Eruzione rovente (37)"/>
  <item id="3534807278" name="Eruzione rovente (38)"/>
  <item id="1288992077" name="Eruzione rovente (39)"/>
  <item id="2759178831" name="Eruzione rovente (40)"/>
  <item id="3547499225" name="Eruzione rovente (41)"/>
  <item id="1293295482" name="Eruzione rovente (42)"/>
  <item id="395775080" name="Eruzione rovente (43)"/>
  <item id="1620065534" name="Eruzione rovente (44)"/>
  <item id="4277447005" name="Eruzione rovente (45)"/>
  <item id="320499930" name="Eruzione rovente (46)"/>
  <item id="1679638604" name="Eruzione rovente (47)"/>
  <item id="4202288623" name="Eruzione rovente (48)"/>
  <item id="3736997683" name="Esca robusta"/>
  <item id="62282581" name="Escalimiao"/>
  <item id="366299279" name="Esorciuccia"/>
  <item id="2989375021" name="Esplosione cieca"/>
  <item id="196392928" name="Esplosione di Zazel"/>
  <item id="1661969162" name="Evasione"/>
  <item id="4154826323" name="Evaso"/>
  <item id="3284081393" name="Evoc. Robonyan"/>
  <item id="3945321661" name="Evocaglobi"/>
  <item id="858722995" name="Evocaocchi (1)"/>
  <item id="1127846771" name="Evocaocchi (2)"/>
  <item id="3157803653" name="Evocaocchi (3)"/>
  <item id="2989342463" name="Evocazione Crinikoma"/>
  <item id="2850215712" name="Evocazione Ugo"/>
  <item id="106571024" name="Evocazione Yo-kai (1)"/>
  <item id="1767001389" name="Evocazione Yo-kai (2)"/>
  <item id="4032502935" name="Evocazione Yo-kai (3)"/>
  <item id="2270964737" name="Evocazione Yo-kai (4)"/>
  <item id="92054238" name="Evocazione d'élite"/>
  <item id="1017199054" name="Fantaspacca"/>
  <item id="2722496565" name="Fascio dorato"/>
  <item id="1345419328" name="Fato avverso"/>
  <item id="3885257382" name="Fatti sotto"/>
  <item id="218774966" name="Femmimiao"/>
  <item id="2906106067" name="Fendente a spirale (1)"/>
  <item id="3331433540" name="Fendente a spirale (2)"/>
  <item id="3211357939" name="Fendente d'acqua"/>
  <item id="1615954933" name="Fendente di gravità"/>
  <item id="3446345952" name="Fendente folle"/>
  <item id="4156746553" name="Fendente sacro"/>
  <item id="698524426" name="Ferroslancio (1)"/>
  <item id="2964058800" name="Ferroslancio (2)"/>
  <item id="1924294437" name="Ferroslancio (3)"/>
  <item id="1909332683" name="Ferroslancio (4)"/>
  <item id="3113293993" name="Fiamma solare"/>
  <item id="2384859093" name="Fiammardente"/>
  <item id="4293213862" name="Fiammata"/>
  <item id="3281293943" name="Fiamme infernali (1)"/>
  <item id="1520288717" name="Fiamme infernali (2)"/>
  <item id="3120401042" name="Fiamme infernali (3)"/>
  <item id="34154359" name="Fiamme spirituali"/>
  <item id="3281859222" name="Finale (3)"/>
  <item id="4089646681" name="Fionda infernale"/>
  <item id="4260041269" name="Forte tempesta"/>
  <item id="4251379360" name="Forza risvegliata"/>
  <item id="4160323398" name="Forza scimmia"/>
  <item id="339084947" name="Fracasso totale"/>
  <item id="3497170721" name="Fragolurlo"/>
  <item id="641337064" name="Frastuono"/>
  <item id="3662597980" name="Freccia di Cupido"/>
  <item id="4207816777" name="Fresca delizia"/>
  <item id="1153419231" name="Frusta di Zazel"/>
  <item id="2963023545" name="Frustrapugno"/>
  <item id="3112382332" name="Fulminato"/>
  <item id="1428154995" name="Fulmine"/>
  <item id="2026468375" name="Fulmine folle"/>
  <item id="1139021571" name="Fumisonno"/>
  <item id="3875409895" name="Fuoco"/>
  <item id="2206546517" name="Fuoco di drago"/>
  <item id="2985574129" name="Furia del padre"/>
  <item id="1040258703" name="Furia di fiume"/>
  <item id="1597116945" name="Furia pelosa"/>
  <item id="3068329113" name="Furia stradale"/>
  <item id="454635965" name="Furia zampettante (1)"/>
  <item id="1008099445" name="Furia zampettante (2)"/>
  <item id="1401495560" name="Furia zampettante (3)"/>
  <item id="1878068769" name="Furore ardente"/>
  <item id="3822986883" name="Fusaurea"/>
  <item id="3977428625" name="Fusemi"/>
  <item id="3976130873" name="Gambarotta (1)"/>
  <item id="1979162755" name="Gambarotta (2)"/>
  <item id="49319957" name="Gambarotta (3)"/>
  <item id="998513586" name="Gamberata"/>
  <item id="2921094753" name="Gambinspalla"/>
  <item id="458242900" name="Gancio robusto"/>
  <item id="302397560" name="Gas antivelocità"/>
  <item id="1116504027" name="Gascontrario"/>
  <item id="297431186" name="Gatling impetuose"/>
  <item id="2981984016" name="Gattocalcio"/>
  <item id="248997891" name="Gattotombolo"/>
  <item id="3478763459" name="Gattotombolo d'oro"/>
  <item id="1697908536" name="Gecato"/>
  <item id="1100236275" name="Gelo"/>
  <item id="2324169797" name="Gelo ferreo (1)"/>
  <item id="3812261349" name="Gelo ferreo (2)"/>
  <item id="1775908422" name="Getto d'acqua"/>
  <item id="2003889239" name="Ghiacciaio divino (1)"/>
  <item id="3465230271" name="Ghiacciaio divino (2)"/>
  <item id="1737762937" name="Ghigliottina"/>
  <item id="2799567746" name="Ghigno fortunato"/>
  <item id="3261598241" name="Ghiottone"/>
  <item id="3546162262" name="Ghiottoneria (1)"/>
  <item id="3468333513" name="Ghiottoneria (2)"/>
  <item id="3680704193" name="Ghiottoneria (3)"/>
  <item id="784025070" name="Giga-turbocarica"/>
  <item id="1172976594" name="Girarigira"/>
  <item id="2211231552" name="Giù, bello!"/>
  <item id="1649297057" name="Gnam gnam gnam (1)"/>
  <item id="215265154" name="Gnam gnam gnam (2)"/>
  <item id="1435296215" name="Gnam gnam gnam (3)"/>
  <item id="237470098" name="Gnam gnam gnam (4)"/>
  <item id="132514015" name="Gnam gnam gnam (5)"/>
  <item id="341390745" name="Gori-BAM"/>
  <item id="4182055333" name="Graffianotte"/>
  <item id="3408276180" name="Gran nasata"/>
  <item id="1226907162" name="Grande cascata"/>
  <item id="1349654069" name="Grande onda"/>
  <item id="1485796530" name="Grandine"/>
  <item id="4283121012" name="Granforma"/>
  <item id="3935307382" name="Grosso vampiro"/>
  <item id="2131248037" name="Grugnito bollente (1)"/>
  <item id="2240360222" name="Grugnito bollente (2)"/>
  <item id="1951596671" name="Guarda un po' qui"/>
  <item id="3420586676" name="Guardia (1)"/>
  <item id="3001767417" name="Guardia a specchio"/>
  <item id="4283125220" name="Guardia d'argento"/>
  <item id="3539547125" name="Guardia di ferro"/>
  <item id="3257623636" name="Guardia di platino"/>
  <item id="1319323613" name="Guardia liquida"/>
  <item id="1960794102" name="Guarigione"/>
  <item id="3116243912" name="Guarigione circolare"/>
  <item id="2843533688" name="Guariscipesca"/>
  <item id="3139633213" name="Ignorapidità"/>
  <item id="1183116671" name="Illuminazione"/>
  <item id="3969786535" name="Illusione spiritica (1)"/>
  <item id="865812806" name="Illusione spiritica (2)"/>
  <item id="679895051" name="Imbarazzo"/>
  <item id="3350075897" name="Impatto nutriente"/>
  <item id="3217954120" name="In alto i cuori"/>
  <item id="321669196" name="In un boccone (1)"/>
  <item id="451791105" name="In un boccone (2)"/>
  <item id="2320809054" name="In un boccone (3)"/>
  <item id="2476651065" name="Incantatore"/>
  <item id="2306712555" name="Incanto del crollo"/>
  <item id="538407034" name="Incanto guaritore"/>
  <item id="957104443" name="Incanto guaritore +"/>
  <item id="3371994809" name="Incanto potente"/>
  <item id="2772452049" name="Incanto velenoso"/>
  <item id="3160109968" name="Incanto velenoso +"/>
  <item id="860095386" name="Inchiostro (1)"/>
  <item id="1708177260" name="Inchiostro (2)"/>
  <item id="2241407313" name="Incubo infinito"/>
  <item id="1536956801" name="Indebolezzo"/>
  <item id="29429886" name="Indolama"/>
  <item id="3198553344" name="Inferno (4)"/>
  <item id="4127075260" name="Inferno felino"/>
  <item id="603723056" name="Infilzacorno"/>
  <item id="2289631796" name="Innocenza (1)"/>
  <item id="3635712903" name="Innocenza (2)"/>
  <item id="3864734654" name="Insormontabile"/>
  <item id="3878892534" name="Invidia cieca"/>
  <item id="1859782796" name="Io io io"/>
  <item id="2009734726" name="Kannone koma"/>
  <item id="3802401054" name="Krido"/>
  <item id="2673033031" name="Lama guerriera (1)"/>
  <item id="1178778072" name="Lama guerriera (2)"/>
  <item id="2040601807" name="Lama leonina"/>
  <item id="366643021" name="Lama lunare Shogun (1)"/>
  <item id="416431253" name="Lama lunare Shogun (2)"/>
  <item id="2897553758" name="Lama lunare Shogun (3)"/>
  <item id="4161088964" name="Lama lunare Shogun (4)"/>
  <item id="488223549" name="Lama lunare Shogun (5)"/>
  <item id="147598958" name="Lama maledetta (1)"/>
  <item id="506331161" name="Lama maledetta (2)"/>
  <item id="1375628067" name="Lama mitica"/>
  <item id="1822311059" name="Lama sacra"/>
  <item id="710161084" name="Lama sacra dorata"/>
  <item id="2725251090" name="Lama vagabonda"/>
  <item id="1298968097" name="Lame dei rimpianti (1)"/>
  <item id="3235471778" name="Lame dei rimpianti (2)"/>
  <item id="1199549153" name="Lame dei rimpianti (3)"/>
  <item id="3985272922" name="Lame dei rimpianti (4)"/>
  <item id="3412407345" name="Lamenti"/>
  <item id="1668894108" name="Lampo di drago"/>
  <item id="3493306446" name="Lampo di maleficio"/>
  <item id="612257015" name="Lampo selvaggio (1)"/>
  <item id="57744703" name="Lampo selvaggio (2)"/>
  <item id="3090169829" name="Lancia bombe"/>
  <item id="1263949105" name="Languore"/>
  <item id="562781723" name="Lapilloso"/>
  <item id="3833381052" name="Lavaporco"/>
  <item id="2499685910" name="Leccamore"/>
  <item id="559692401" name="Leccata"/>
  <item id="3661704595" name="Leccavita"/>
  <item id="3626306940" name="Legame casuale"/>
  <item id="395379344" name="Lenta bizzarria"/>
  <item id="2182836374" name="Lentosguardo"/>
  <item id="2882626391" name="Linea di fuoco"/>
  <item id="1905372098" name="Linguaccia"/>
  <item id="1969893639" name="Lingualunga"/>
  <item id="2181646147" name="Liquifendente"/>
  <item id="2386671797" name="Lotta imperiale"/>
  <item id="2063676302" name="Luce di ghiaccio"/>
  <item id="971023553" name="Macchia d'olio (1)"/>
  <item id="3258191775" name="Macchia d'olio (2)"/>
  <item id="2522743127" name="Machopugno"/>
  <item id="3931818149" name="Maiale arrosto (1)"/>
  <item id="1934858527" name="Maiale arrosto (2)"/>
  <item id="2980386753" name="Malamore"/>
  <item id="131019951" name="Malbacio"/>
  <item id="2713206555" name="Maldifesa"/>
  <item id="1752389606" name="Maledebolis"/>
  <item id="2302686028" name="Maledetto!"/>
  <item id="2522771911" name="Maledicaos"/>
  <item id="1475366898" name="Maledizione"/>
  <item id="4119737453" name="Malocanto"/>
  <item id="1169890018" name="Malpensiero"/>
  <item id="4052173894" name="Malpugno"/>
  <item id="3544978307" name="Mangia energia"/>
  <item id="3518830066" name="Mangia questo! (1)"/>
  <item id="3958888048" name="Mangia questo! (2)"/>
  <item id="3031513379" name="Mangiavortice (1)"/>
  <item id="3234487385" name="Mangiavortice (2)"/>
  <item id="3648997393" name="Mani legate"/>
  <item id="1460939436" name="Mano curativa"/>
  <item id="1785987868" name="Mano dell'invidia"/>
  <item id="3818731622" name="Maracaos"/>
  <item id="3877366265" name="Marshmallow (4)"/>
  <item id="2339910264" name="Marshmallow (5)"/>
  <item id="50630080" name="Marshmallow (6)"/>
  <item id="3306043064" name="Masso del drago"/>
  <item id="1446980609" name="Maxi Maxi"/>
  <item id="3692961906" name="Mazzata dorata"/>
  <item id="3143638744" name="Mazzata paurosa (1)"/>
  <item id="4065209846" name="Mazzata paurosa (2)"/>
  <item id="1504898533" name="Mazzata paurosa (3)"/>
  <item id="4031260597" name="Mega Maxi"/>
  <item id="1843449768" name="Mega mina"/>
  <item id="4203556524" name="Memorcismo"/>
  <item id="2404259741" name="Menobonus"/>
  <item id="2252548493" name="Mentiscorda"/>
  <item id="2298155161" name="Merendina"/>
  <item id="3037404241" name="Mescolabrodo"/>
  <item id="3457175302" name="Meteora (1)"/>
  <item id="1236943053" name="Meteora (2)"/>
  <item id="3230350213" name="Meteorgrandine"/>
  <item id="2485734012" name="Miao-Miao Blaster"/>
  <item id="443623925" name="Mimaguardiano"/>
  <item id="1962671849" name="Mina (1)"/>
  <item id="4164362914" name="Mitragliaciarla"/>
  <item id="1450980068" name="Mitraglialame"/>
  <item id="1113287457" name="Moltopolpo"/>
  <item id="2005467299" name="Mondo oscuro"/>
  <item id="4280435232" name="Monetinferno"/>
  <item id="1647158102" name="Monetinferno d'oro"/>
  <item id="536316934" name="Monte Mangiancora"/>
  <item id="3546123416" name="Monte Mangiatutto"/>
  <item id="3336941579" name="Morso benedetto"/>
  <item id="1620229055" name="Morso dorato"/>
  <item id="431562492" name="Morso multiplo"/>
  <item id="2542887588" name="Morso terrificante"/>
  <item id="4047701541" name="Mossa Slot-kai"/>
  <item id="2549475254" name="Mossa al centro"/>
  <item id="707857166" name="Mossa di fuoco"/>
  <item id="912837239" name="Mulinellante"/>
  <item id="1773941781" name="Muro paziente"/>
  <item id="3604687211" name="Muro sudato"/>
  <item id="2381199580" name="Nebuloso"/>
  <item id="3821801814" name="Negativirus"/>
  <item id="2316803957" name="Nel mio ufficio, ora! (1)"/>
  <item id="1952493390" name="Nel mio ufficio, ora! (2)"/>
  <item id="822689653" name="Nel mio ufficio, ora! (3)"/>
  <item id="2818600655" name="Nel mio ufficio, ora! (4)"/>
  <item id="3741802073" name="Nel mio ufficio, ora! (5)"/>
  <item id="3304226078" name="Nel mio ufficio, ora! (6)"/>
  <item id="3036796775" name="Non disturbare"/>
  <item id="3103326433" name="Nondormi"/>
  <item id="1076633610" name="Nonsipassa"/>
  <item id="944516283" name="Occhi sospettosi"/>
  <item id="3402206809" name="Occhiata potente"/>
  <item id="3676911067" name="Occhio criminale"/>
  <item id="274941062" name="Oh! (1)"/>
  <item id="1256794387" name="Oihcceps"/>
  <item id="2357600404" name="Ombra rapida"/>
  <item id="3584446988" name="Ombra tagliente"/>
  <item id="847848866" name="Ombrellovento (1)"/>
  <item id="1648669713" name="Ombrellovento (2)"/>
  <item id="2059292588" name="Omniporco"/>
  <item id="3042752157" name="Onda d'urto"/>
  <item id="2026439815" name="Onda malefica"/>
  <item id="1829912453" name="Onda oceanica"/>
  <item id="247597759" name="Onda su onda (1)"/>
  <item id="1578081036" name="Onda su onda (2)"/>
  <item id="807996131" name="Ondanatema"/>
  <item id="56704831" name="Ondona (1)"/>
  <item id="1403825804" name="Ondona (2)"/>
  <item id="1049433248" name="Onigiri"/>
  <item id="1052848030" name="Operazione Ω"/>
  <item id="1100176424" name="Ordini top-secret"/>
  <item id="1933307546" name="Ossa rotolanti"/>
  <item id="2357705898" name="Palla stordente"/>
  <item id="936120608" name="Pancetta affumicata (1)"/>
  <item id="2932162714" name="Pancetta affumicata (2)"/>
  <item id="3978387077" name="Panjitsu (3)"/>
  <item id="1841587895" name="Paradiso"/>
  <item id="2932586452" name="Pausa (1)"/>
  <item id="665151088" name="Pausa (2)"/>
  <item id="2212138747" name="Pavimento bomba (1)"/>
  <item id="3493909887" name="Pavimento bomba (2)"/>
  <item id="2358515521" name="Pazzo tavolo"/>
  <item id="4027267408" name="Per i monelli"/>
  <item id="3366781752" name="Perican-can"/>
  <item id="2263110198" name="Perso!"/>
  <item id="1461603545" name="Pesca a sorpresa"/>
  <item id="3535136953" name="Pesca del giorno"/>
  <item id="1154679466" name="Pie' tellurico"/>
  <item id="2813729738" name="Pigrofendente"/>
  <item id="1962056633" name="Pilota di coda"/>
  <item id="4057037261" name="Pioggia bomba (1)"/>
  <item id="199115950" name="Pioggia bomba (2)"/>
  <item id="2094625848" name="Pioggia bomba (3)"/>
  <item id="1320251400" name="Pioggia estrema"/>
  <item id="3715512378" name="Pioggia pungelida"/>
  <item id="1838948085" name="Pisolino dorato (1)"/>
  <item id="4124976811" name="Pisolino dorato (2)"/>
  <item id="2704678507" name="Pisolino pelosino (1)"/>
  <item id="1758578653" name="Pisolino pelosino (2)"/>
  <item id="870733528" name="Pistola argentata"/>
  <item id="4269284268" name="Pistola vulcanica"/>
  <item id="3054881644" name="Pittura di guerra"/>
  <item id="845038024" name="Piume volanti"/>
  <item id="1817867640" name="Poliapocalisse"/>
  <item id="908537394" name="Polvere di Pestifero"/>
  <item id="3719730789" name="Posa paurosa"/>
  <item id="1315518827" name="Positura da maestro"/>
  <item id="2080975565" name="Posizione difensiva"/>
  <item id="3796497363" name="Posizione invincibile"/>
  <item id="1180385819" name="Posizione offensiva"/>
  <item id="241694792" name="Posizione velocità"/>
  <item id="2841334809" name="Potenza aliena"/>
  <item id="3372803652" name="Poveroscopio"/>
  <item id="546527618" name="Predone"/>
  <item id="2114089961" name="Presa quarterback"/>
  <item id="4220131544" name="Pressione infernale"/>
  <item id="2171878436" name="Prestasalute"/>
  <item id="4131783524" name="Proboschiaffo"/>
  <item id="1679753621" name="Profondolore"/>
  <item id="3591130369" name="Pronto soccorso"/>
  <item id="384511245" name="Prosciuga"/>
  <item id="2369337286" name="Provocazione"/>
  <item id="2027631442" name="Pruriapocalisse"/>
  <item id="3682082027" name="Puff! (1)"/>
  <item id="2343931224" name="Puff! (2)"/>
  <item id="3838085871" name="Pugni in serie"/>
  <item id="2872977639" name="Pugnissimo"/>
  <item id="3277192733" name="Pugno bolide (1)"/>
  <item id="3864773918" name="Pugno bolide (2)"/>
  <item id="1053050160" name="Pugno demoniaco"/>
  <item id="958674163" name="Pugno di fiamme"/>
  <item id="1697361187" name="Pugno imperatore"/>
  <item id="3210561736" name="Pugno pescatore (1)"/>
  <item id="643045746" name="Pugno pescatore (2)"/>
  <item id="2650857215" name="Pugno soffiato (1)"/>
  <item id="1622720939" name="Pugno soffiato (2)"/>
  <item id="3189901912" name="Pugno straziante"/>
  <item id="3530892027" name="Pugnorso"/>
  <item id="3875295237" name="Pulizia spray"/>
  <item id="2509649502" name="Pungighiaccio"/>
  <item id="645735384" name="Purificazione"/>
  <item id="2687779341" name="Quattrocchi"/>
  <item id="377192576" name="Qui gattino, qui"/>
  <item id="4189711294" name="Qui, gattino dorato"/>
  <item id="754913265" name="Rabbia ferrea (1)"/>
  <item id="2976148529" name="Rabbia ferrea (2)"/>
  <item id="871122077" name="Raduno d'urgenza (1)"/>
  <item id="3954846928" name="Raduno d'urgenza (2)"/>
  <item id="3730540948" name="Raduno d'urgenza (3)"/>
  <item id="1196611630" name="Raduno d'urgenza (4)"/>
  <item id="810936504" name="Raduno d'urgenza (5)"/>
  <item id="3109509109" name="Raffica brillante"/>
  <item id="586292122" name="Raffica carnevalesca"/>
  <item id="296494965" name="Raffica di petali (1)"/>
  <item id="1105288293" name="Raffica di petali (2)"/>
  <item id="2610334987" name="Raggio colossale (1)"/>
  <item id="156573683" name="Raggio colossale (2)"/>
  <item id="2421968457" name="Raggio colossale (3)"/>
  <item id="3881533151" name="Raggio colossale (4)"/>
  <item id="2034232188" name="Raggio colossale (5)"/>
  <item id="238607338" name="Raggio colossale (6)"/>
  <item id="2536606288" name="Raggio colossale (7)"/>
  <item id="1130519129" name="Raggio coniglietto"/>
  <item id="3938529094" name="Raggio di beltà"/>
  <item id="971197530" name="Raggio di tuono"/>
  <item id="1227206650" name="Raggio dipendenti (1)"/>
  <item id="59552779" name="Raggio dipendenti (2)"/>
  <item id="1527528796" name="Raggio dipendenti (3)"/>
  <item id="3489596286" name="Raggio distruttore"/>
  <item id="3868685517" name="Raggio gratitudine (1)"/>
  <item id="2141070711" name="Raggio gratitudine (2)"/>
  <item id="144250337" name="Raggio gratitudine (3)"/>
  <item id="2533195842" name="Raggio gratitudine (4)"/>
  <item id="3791302868" name="Raggio gratitudine (5)"/>
  <item id="2029248878" name="Raggio gratitudine (6)"/>
  <item id="4049837215" name="Raggio laser (1)"/>
  <item id="2656226410" name="Raggio laser (2)"/>
  <item id="3154518593" name="Raggio laser (3)"/>
  <item id="4179624274" name="Rapide"/>
  <item id="1617325679" name="Raviolo d'azzardo"/>
  <item id="2949856658" name="Razzia totale"/>
  <item id="1717259146" name="Regalo curativo"/>
  <item id="3992337135" name="Rinascita"/>
  <item id="2774819825" name="Riposo imperiale"/>
  <item id="1758735453" name="Risata curativa"/>
  <item id="837183760" name="Ristoro benefico"/>
  <item id="4217600958" name="Risucchio vacuo"/>
  <item id="3398132003" name="Rock and jackpot (1)"/>
  <item id="3686620939" name="Rock and jackpot (2)"/>
  <item id="1653648209" name="Rombo Felimonio"/>
  <item id="2149327980" name="Rompispalla"/>
  <item id="934962013" name="Rottura compatta"/>
  <item id="3525577675" name="Rubavita"/>
  <item id="1139042195" name="Ruggito possente"/>
  <item id="3301004619" name="Sabbiatura"/>
  <item id="1544485452" name="Sacro ululato dorato"/>
  <item id="1076646042" name="Samba di mare"/>
  <item id="3754172590" name="Sancorno"/>
  <item id="1989796358" name="Sbuffo di panna (1)"/>
  <item id="4019237820" name="Sbuffo di panna (2)"/>
  <item id="365711796" name="Sbuffo di panna (3)"/>
  <item id="2361720846" name="Sbuffo di panna (4)"/>
  <item id="4223807640" name="Sbuffo di panna (5)"/>
  <item id="1705420091" name="Sbuffo di panna (6)"/>
  <item id="763507430" name="Scagliamaiale (1)"/>
  <item id="3029033820" name="Scagliamaiale (2)"/>
  <item id="3678077454" name="Scagliapietra"/>
  <item id="4146993964" name="Scatto"/>
  <item id="876669517" name="Scavateschio"/>
  <item id="2298686889" name="Schiacciata finale"/>
  <item id="3026387993" name="Schiacciata ultra"/>
  <item id="3054784306" name="Schiaffazzo"/>
  <item id="3939702931" name="Schiafferro"/>
  <item id="3564832298" name="Schiaffo d'affetto"/>
  <item id="105073081" name="Schiaffo schifoso"/>
  <item id="1941139900" name="Schiaffone"/>
  <item id="3910872986" name="Schiaffosseo"/>
  <item id="3333564659" name="Schivata"/>
  <item id="2805545753" name="Schizzo subacqueo"/>
  <item id="3450270639" name="Sciabola dipendenti (1)"/>
  <item id="2830851587" name="Sciabola dipendenti (2)"/>
  <item id="1881354151" name="Sconfitta Slot-kai"/>
  <item id="3716900824" name="Sconforto"/>
  <item id="1073427910" name="Scoppiapancia (1)"/>
  <item id="3493420792" name="Scoppiapancia (2)"/>
  <item id="2152533340" name="Scoppio"/>
  <item id="1713730369" name="Scoppio a catena"/>
  <item id="3906111766" name="Scoppio furianera"/>
  <item id="1561620490" name="Scoppio infernale (1)"/>
  <item id="1729795830" name="Scoppio infernale (2)"/>
  <item id="3557652220" name="Scoppio infernale (3)"/>
  <item id="1246646952" name="Scordatelo"/>
  <item id="964671710" name="Scudo"/>
  <item id="4108725285" name="Scudo robusto"/>
  <item id="2033600285" name="Sculachiacchiera (1)"/>
  <item id="2167270637" name="Sculachiacchiera (2)"/>
  <item id="2407883851" name="Scuotiossa"/>
  <item id="71572803" name="Scuotiterra"/>
  <item id="326899685" name="Scuse infinite"/>
  <item id="2028610211" name="Secchiata"/>
  <item id="1871787744" name="Secchio sfrenato"/>
  <item id="2769695883" name="Senti il Tubo"/>
  <item id="388165829" name="Sfera dello shock"/>
  <item id="522192700" name="Sfera di Enma"/>
  <item id="2139843560" name="Sfera di Zazel"/>
  <item id="3051124795" name="Sfera suprema Enma"/>
  <item id="68823126" name="Sfere della rovina (1)"/>
  <item id="109717787" name="Sfere della rovina (2)"/>
  <item id="586109871" name="Sfere della rovina (3)"/>
  <item id="3496078750" name="Sfere della rovina (4)"/>
  <item id="2277748198" name="Sfere della rovina (5)"/>
  <item id="1290210754" name="Sfinito"/>
  <item id="716322245" name="Sfondaragno"/>
  <item id="1232457561" name="Sfondatastiera"/>
  <item id="371577907" name="Sgrat sgrat"/>
  <item id="86770955" name="Sguardo irritabile"/>
  <item id="814432518" name="Sguardo laser"/>
  <item id="3403289056" name="Sguardo rovente"/>
  <item id="2440766251" name="Sguardolucente"/>
  <item id="3566822306" name="Shock scintillante"/>
  <item id="3506841543" name="Sifone"/>
  <item id="1286677891" name="Slurrrp (1)"/>
  <item id="487725099" name="Soffio ritorto"/>
  <item id="453707368" name="Soffrischiena"/>
  <item id="1948024433" name="Sogno dorato"/>
  <item id="3704177688" name="Sono un panda!"/>
  <item id="1530618426" name="Sorpresa"/>
  <item id="2536904991" name="Sorriserpe"/>
  <item id="2857775279" name="Sorriso del panda"/>
  <item id="1266757979" name="Sorriso splendido"/>
  <item id="2993496264" name="Sorrisone"/>
  <item id="870399466" name="Sottozero"/>
  <item id="2409105386" name="Spaccabolle (1)"/>
  <item id="378623568" name="Spaccabolle (2)"/>
  <item id="557236387" name="Spaccagalera (1)"/>
  <item id="1374721924" name="Spaccagalera (2)"/>
  <item id="636629473" name="Spaccamelone"/>
  <item id="399645813" name="Spaccaragno"/>
  <item id="500681559" name="Spazza via"/>
  <item id="580128120" name="Specchio riflesso"/>
  <item id="4182605285" name="Spettro a sorpresa"/>
  <item id="1026376920" name="Spoiler finale"/>
  <item id="4098846002" name="Spruzzo di panna (1)"/>
  <item id="3282995873" name="Spruzzo di panna (2)"/>
  <item id="4057594259" name="Strapazza Wobble"/>
  <item id="1077811167" name="Strategie"/>
  <item id="1966807095" name="Stremato"/>
  <item id="3741449603" name="Stritolamento"/>
  <item id="1645290820" name="Stuzzicacuto"/>
  <item id="1408843737" name="Stuzzicapunta"/>
  <item id="4062400118" name="Succhianima"/>
  <item id="392124380" name="Super pisolino"/>
  <item id="303304621" name="Supercornata"/>
  <item id="79831177" name="Supporto aereo"/>
  <item id="1942216144" name="Sussulto"/>
  <item id="1176634587" name="Tagliakappa"/>
  <item id="3585369561" name="Taglio della cicala"/>
  <item id="1116475211" name="Taglio furioso"/>
  <item id="1855526505" name="Taglione"/>
  <item id="795218376" name="Tanfo rallentante"/>
  <item id="501303271" name="Tasche vuote"/>
  <item id="2407143705" name="Tatapulta"/>
  <item id="2211760043" name="Tela aggrovigliata"/>
  <item id="4236446333" name="Tenaglie"/>
  <item id="1525940681" name="Tenaglie infernali"/>
  <item id="2417179491" name="Tenebra benefica"/>
  <item id="769602409" name="Tentacolo"/>
  <item id="2510951981" name="Tentacontrasto"/>
  <item id="3098583872" name="Terra calascottata (1)"/>
  <item id="565834490" name="Terra calascottata (2)"/>
  <item id="1455342188" name="Terra calascottata (3)"/>
  <item id="3369752527" name="Terra calascottata (4)"/>
  <item id="3218958169" name="Terra calascottata (5)"/>
  <item id="651441891" name="Terra calascottata (6)"/>
  <item id="2639555517" name="Terzo occhio"/>
  <item id="2877109762" name="Tigrato"/>
  <item id="1470708186" name="Timore zampettante"/>
  <item id="601928762" name="Tornado (3)"/>
  <item id="3963181340" name="Tornado in su (1)"/>
  <item id="3170158767" name="Tornado in su (2)"/>
  <item id="2740653759" name="Tornado maligno"/>
  <item id="2654676751" name="Tornado tetro"/>
  <item id="3493949376" name="Tornadoferro"/>
  <item id="3761975315" name="Torrente (1)"/>
  <item id="3092814631" name="Trapanoscuro"/>
  <item id="2735121536" name="Trappola"/>
  <item id="3122501057" name="Trappola letale"/>
  <item id="3511371641" name="Tricolpo (1)"/>
  <item id="2357772852" name="Tricolpo (2)"/>
  <item id="2483339372" name="Tricolpo (3)"/>
  <item id="2844981557" name="Tricolpo (4)"/>
  <item id="126626378" name="Trio sui generis"/>
  <item id="1373003745" name="Triplo attacco (1)"/>
  <item id="1221422752" name="Triplo attacco (2)"/>
  <item id="1675640163" name="Triplo attacco (3)"/>
  <item id="2063272994" name="Triplo attacco (4)"/>
  <item id="901421797" name="Triplo attacco (5)"/>
  <item id="478183076" name="Trippa bollita!"/>
  <item id="1828481687" name="Triste storia"/>
  <item id="3320655044" name="Trita-spirito dorato"/>
  <item id="3066243928" name="Trucchetto (1)"/>
  <item id="3859725035" name="Trucchetto (2)"/>
  <item id="416351924" name="Tuffo di testa"/>
  <item id="966920505" name="Tuffo subacqueo"/>
  <item id="406020924" name="Tuono imperiale"/>
  <item id="989562235" name="Turbine"/>
  <item id="1555643389" name="Turbine ardente"/>
  <item id="1987909428" name="Turbo tentacolo"/>
  <item id="2281461167" name="Tutti felici"/>
  <item id="1228089807" name="Tutto per te"/>
  <item id="471546701" name="Ultimo premio"/>
  <item id="3013755707" name="Ululato di mare (1)"/>
  <item id="2741247599" name="Ululato di mare (2)"/>
  <item id="980242389" name="Ululato di mare (3)"/>
  <item id="4066798557" name="Ululato sacro"/>
  <item id="3969907068" name="Unghie di Zazel (1)"/>
  <item id="3653790684" name="Unghie di Zazel (2)"/>
  <item id="3098028497" name="Vantadanza"/>
  <item id="1658855193" name="Vantaggio galeotto"/>
  <item id="1563772651" name="Variegato"/>
  <item id="1094989890" name="Vaso rotto"/>
  <item id="2192456952" name="Velendebole"/>
  <item id="303333181" name="Velenebbia"/>
  <item id="2297581466" name="Velocità potenziata"/>
  <item id="2447998683" name="Velocità potenziata +"/>
  <item id="1385244561" name="Vendetta totale"/>
  <item id="1641615949" name="Ventaglio tornado"/>
  <item id="2083923495" name="Ventarido"/>
  <item id="1212745298" name="Vento del nord"/>
  <item id="2984642852" name="Vento veloce"/>
  <item id="720658487" name="Verga vana"/>
  <item id="3381003669" name="Verocità vitale"/>
  <item id="1481911944" name="Verrucoso"/>
  <item id="792148216" name="Viscido"/>
  <item id="1287005426" name="Vita sfuggente"/>
  <item id="412227665" name="Vitamiao C"/>
  <item id="1967608077" name="Vittoria Slot-kai"/>
  <item id="1082874801" name="Vittoriaaa!"/>
  <item id="4263716156" name="Volto vuoto"/>
  <item id="3357349510" name="Vortice"/>
  <item id="280240364" name="Zamparia"/>
  <item id="3526769694" name="Zampata azzurra"/>
  <item id="450278254" name="Zampata brillante"/>
  <item id="2509653710" name="Zampata lucente"/>
  <item id="4015396270" name="Zampata perfetta"/>
  <item id="2834722686" name="Zampata preziosa"/>
  <item id="3574799970" name="Zampate"/>
  <item id="1368290546" name="Zampate di cucciolo"/>
  <item id="4194262033" name="Zampate potenti"/>
  <item id="4215426399" name="Zampavola"/>
  <item id="4057870958" name="Zampette d'oro"/>
  <item id="1890329311" name="Zattacco"/>
  <item id="719527157" name="Zia affettuosa"/>
  <item id="3609360564" name="È tutto mio!"/>
  <item id="1180768830" name="☆Caos lucente"/>
  <item id="2030462836" name="☆Colpi eleganti"/>
  <item id="3792782704" name="☆Pioggia radiosa"/>
  <item id="3748752576" name="☆Prismombrello"/>
</items>
