<?xml version="1.0" encoding="utf-8"?>
<items>
    <item id="1803927674" name="매실 삼각김밥"/>
    <item id="4069298624" name="쌈채소 삼각김밥"/>
    <item id="2240520534" name="연어알 삼각김밥"/>
    <item id="468661493" name="새우튀김 삼각김밥"/>
    <item id="1783081549" name="샌드위치"/>
    <item id="4082039799" name="커스터드빵"/>
    <item id="1831497300" name="카레빵"/>
    <item id="2219428705" name="바게트"/>
    <item id="439180994" name="베이글"/>
    <item id="1744901140" name="100원 풍선껌"/>
    <item id="4043851182" name="쫀득사탕"/>
    <item id="2249159992" name="대빵새우크래커"/>
    <item id="409723035" name="과일맛종합사탕"/>
    <item id="1869402125" name="빙수"/>
    <item id="4133847479" name="사과사탕"/>
    <item id="1774419491" name="우유"/>
    <item id="4039782297" name="커피우유"/>
    <item id="2278366991" name="과일우유"/>
    <item id="430541484" name="신선 우유"/>
    <item id="1821141158" name="요카콜라"/>
    <item id="4119148828" name="영혼의 차"/>
    <item id="2189560202" name="요카스"/>
    <item id="484875305" name="궁극의 드링크"/>
    <item id="1833829009" name="햄버거"/>
    <item id="4098315051" name="치즈버거"/>
    <item id="2202035133" name="더블버거"/>
    <item id="488961566" name="와구버거"/>
    <item id="1858787071" name="컵라면"/>
    <item id="4156786501" name="돼지고기라면"/>
    <item id="2160375763" name="특라면"/>
    <item id="513811056" name="왕창라면"/>
    <item id="1683291125" name="군만두"/>
    <item id="4250774095" name="간과 처녑"/>
    <item id="2321193689" name="게살 오믈렛"/>
    <item id="339611514" name="칠리새우"/>
    <item id="3539717416" name="당근"/>
    <item id="1274190994" name="오이"/>
    <item id="1022733316" name="죽순"/>
    <item id="2727426471" name="송이버섯"/>
    <item id="3502076785" name="닭다리살"/>
    <item id="1236542155" name="베이컨"/>
    <item id="1051923037" name="소혓바닥"/>
    <item id="2698479614" name="1등급 소고기"/>
    <item id="3514767686" name="말린 전갱이"/>
    <item id="1215711484" name="방어살"/>
    <item id="1064401002" name="성게"/>
    <item id="2702568905" name="고급 참치살"/>
    <item id="320924352" name="소형 경험치구슬"/>
    <item id="2317990778" name="중형 경험치구슬"/>
    <item id="4247686124" name="대형 경험치구슬"/>
    <item id="1665801807" name="초대형 경험치구슬"/>
    <item id="340602585" name="킹왕짱 경험치구슬"/>
    <item id="397252210" name="안지쳐 드링크"/>
    <item id="2393163720" name="절대안지쳐 드링크"/>
    <item id="279199406" name="비장의 공격술"/>
    <item id="2309844756" name="최고의 기술"/>
    <item id="4272578434" name="영혼의 비밀"/>
    <item id="469268883" name="삶의 지혜"/>
    <item id="2196842537" name="태권도 교본"/>
    <item id="4126546111" name="태권도 고급교본"/>
    <item id="1804766492" name="기술 전서"/>
    <item id="479575434" name="기술 백과사전"/>
    <item id="2241653808" name="방어의 정석"/>
    <item id="4070300838" name="궁극의 방어"/>
    <item id="1646575927" name="천사의 마음씨"/>
    <item id="354677153" name="천사여 안녕"/>
    <item id="1977907268" name="밉상되기 초급"/>
    <item id="48449746" name="밉상되기 고급"/>
    <item id="2615810408" name="도우며 살자 제7권"/>
    <item id="3974965758" name="도우며 살자 특별판"/>
    <item id="367732779" name="힘 부적"/>
    <item id="2363652497" name="정신력 부적"/>
    <item id="4226107655" name="방어력 부적"/>
    <item id="1703009444" name="속도 부적"/>
    <item id="338248220" name="얼른깨우개"/>
    <item id="2367689638" name="번쩍깨우개"/>
    <item id="4196868912" name="완전깨우개"/>
    <item id="376437829" name="요기봐요"/>
    <item id="291919001" name="동 인형"/>
    <item id="2288977187" name="은 인형"/>
    <item id="4285019573" name="금 인형"/>
    <item id="2908180302" name="떡밥"/>
    <item id="878583540" name="검정시럽"/>
    <item id="2592718716" name="빨강 동전"/>
    <item id="58781382" name="노랑 동전"/>
    <item id="1955061328" name="주황 동전"/>
    <item id="3940764659" name="분홍 동전"/>
    <item id="2648996709" name="초록 동전"/>
    <item id="82651871" name="파랑 동전"/>
    <item id="1944721993" name="보라 동전"/>
    <item id="3814000600" name="연파랑 동전"/>
    <item id="3141306787" name="사파이어 동전"/>
    <item id="3426466101" name="에메랄드 동전"/>
    <item id="1381969046" name="루비 동전"/>
    <item id="626531328" name="토파즈 동전"/>
    <item id="573954073" name="다이아몬드 동전"/>
    <item id="3159444922" name="열광 동전"/>
    <item id="3411442988" name="5스타 동전"/>
    <item id="1542021309" name="특수 동전"/>
    <item id="2895455609" name="춤추는 별"/>
    <item id="440013732" name="전설의 검"/>
    <item id="2201174558" name="저주받은 검"/>
    <item id="2220787207" name="성검"/>
    <item id="4097077896" name="장군의 영혼"/>
    <item id="1783686955" name="하트하트"/>
    <item id="492296125" name="쩌릿쩌릿 구슬"/>
    <item id="1676061440" name="불굴의 영혼"/>
    <item id="2586342239" name="백금괴"/>
    <item id="350329750" name="눈보라 망토"/>
    <item id="1948652147" name="사랑의 홀"/>
    <item id="4082742929" name="얼음 머리핀"/>
    <item id="52503269" name="묵직아령"/>
    <item id="1934349930" name="악마의 파편"/>
    <item id="3979297737" name="젊음의 분가루"/>
    <item id="3742966091" name="행복물방울"/>
    <item id="2638591814" name="용 구슬"/>
    <item id="3930228688" name="성수"/>
    <item id="2063440449" name="지저분한 비늘"/>
    <item id="234531543" name="이무기의 오라"/>
    <item id="1594573232" name="낡아빠진 전투장갑"/>
    <item id="671904038" name="부서진 수정구슬"/>
    <item id="2969903260" name="수정구슬 파편"/>
    <item id="3322023946" name="끝판왕 세제"/>
    <item id="1483113897" name="누래진 장식띠"/>
    <item id="794932543" name="보석 없는 반지"/>
    <item id="3060327557" name="백지 부적"/>
    <item id="3245331475" name="루비"/>
    <item id="1372637570" name="아쿠아마린"/>
    <item id="651688212" name="토파즈"/>
    <item id="1175482609" name="전기석"/>
    <item id="823607399" name="오팔"/>
    <item id="2820542941" name="에메랄드"/>
</items>
