<?xml version="1.0" encoding="utf-8"?>
<items>
    <item id="3493734398" name="초록매미"/>
    <item id="3460879014" name="초록매미★"/>
    <item id="1228371524" name="갈색매미"/>
    <item id="1463911196" name="갈색매미★"/>
    <item id="1043351250" name="저녁매미"/>
    <item id="541504394" name="저녁매미★"/>
    <item id="2689913713" name="장수풍뎅이"/>
    <item id="2969153051" name="장수풍뎅이★"/>
    <item id="3612599271" name="사슴벌레"/>
    <item id="3355352717" name="사슴벌레★"/>
    <item id="1314566749" name="톱사슴벌레"/>
    <item id="2500818410" name="톱사슴벌레★"/>
    <item id="962429643" name="메뚜기"/>
    <item id="3792192892" name="메뚜기★"/>
    <item id="2850201434" name="사마귀"/>
    <item id="2063668422" name="사마귀★"/>
    <item id="3739594700" name="풀무치"/>
    <item id="201729104" name="풀무치★"/>
    <item id="3189909033" name="반딧불이"/>
    <item id="2455941619" name="반딧불이★"/>
    <item id="3374651071" name="호랑나비"/>
    <item id="3848634725" name="호랑나비★"/>
    <item id="1345079045" name="장수하늘소"/>
    <item id="2087506143" name="장수하늘소★"/>
    <item id="657160083" name="꽃풍뎅이"/>
    <item id="191619145" name="꽃풍뎅이★"/>
    <item id="3109020208" name="무당벌레"/>
    <item id="2614427096" name="무당벌레★"/>
    <item id="3522973129" name="거북"/>
    <item id="562354621" name="거북★"/>
    <item id="1224023155" name="검은배스"/>
    <item id="2973484076" name="검은배스★"/>
    <item id="1072835813" name="거대연어"/>
    <item id="3325883578" name="거대연어★"/>
    <item id="2711009606" name="붕어"/>
    <item id="2496471005" name="붕어★"/>
    <item id="3599862224" name="은어"/>
    <item id="3821678411" name="은어★"/>
    <item id="1335416938" name="가물치"/>
    <item id="2059632369" name="가물치★"/>
    <item id="950003964" name="고등어"/>
    <item id="230968935" name="고등어★"/>
    <item id="2820732269" name="붉돔"/>
    <item id="2476792772" name="붉돔★"/>
    <item id="3743925755" name="뿔복"/>
    <item id="3836210002" name="뿔복★"/>
    <item id="3219147806" name="청새치"/>
    <item id="2108603112" name="청새치★"/>
    <item id="3370613896" name="해파리"/>
    <item id="178883198" name="해파리★"/>
    <item id="1374563634" name="반딧불오징어"/>
    <item id="2585171951" name="반딧불오징어★"/>
    <item id="652811684" name="아귀"/>
    <item id="3977357177" name="아귀★"/>
    <item id="3096283143" name="메기"/>
    <item id="2379624092" name="메기★"/>
    <item id="3481974929" name="볼락"/>
    <item id="4208008714" name="볼락★"/>
    <item id="1451485483" name="돌돔"/>
    <item id="1675120560" name="돌돔★"/>
</items>
