<?xml version="1.0" encoding="utf-8"?>
<items>
    <item id="1158785574" name="낡은 팔찌"/>
    <item id="3692624796" name="삐죽삐죽 팔찌"/>
    <item id="2870987530" name="상남자의 팔찌"/>
    <item id="897277609" name="태양의 팔찌"/>
    <item id="1115450943" name="악마의 팔찌"/>
    <item id="1154727953" name="녹슨 반지"/>
    <item id="3722088875" name="예쁜 반지"/>
    <item id="2866651453" name="환각의 반지"/>
    <item id="884552862" name="달의 반지"/>
    <item id="1136526344" name="악마의 반지"/>
    <item id="3669448114" name="불의 반지"/>
    <item id="2914018596" name="물의 반지"/>
    <item id="1024424117" name="번개의 반지"/>
    <item id="1242056739" name="땅의 반지"/>
    <item id="718258630" name="얼음의 반지"/>
    <item id="1573450064" name="바람의 반지"/>
    <item id="1184202312" name="노년의 호신부"/>
    <item id="3751555058" name="룬 호신부"/>
    <item id="2828738404" name="갑옷 호신부"/>
    <item id="922716871" name="은하계 호신부"/>
    <item id="1106819665" name="악마 호신부"/>
    <item id="3639733227" name="화염 호신부"/>
    <item id="2952190845" name="홍수 호신부"/>
    <item id="1061799660" name="번개 호신부"/>
    <item id="1213134458" name="지진 호신부"/>
    <item id="680099743" name="서리 호신부"/>
    <item id="1603161865" name="폭풍 호신부"/>
    <item id="1196889215" name="단순한 배지"/>
    <item id="3730720197" name="빛나는 배지"/>
    <item id="2841212243" name="바람돌이 배지"/>
    <item id="926802160" name="유성 배지"/>
    <item id="1077596262" name="악마의 배지"/>
    <item id="1108869882" name="맴맴검"/>
    <item id="3675345728" name="으랏차차벨"/>
    <item id="2887148502" name="수리수리벨"/>
    <item id="846394997" name="다막아내벨"/>
    <item id="1165346531" name="빨리빨리벨"/>
    <item id="3699152729" name="안젖지롱 병"/>
    <item id="2877007823" name="풍술부채"/>
    <item id="1002748510" name="신나는 덧옷"/>
    <item id="1287883464" name="못박힌 곤봉"/>
    <item id="738460461" name="음양검"/>
    <item id="1526936507" name="음양염주"/>
    <item id="3255460353" name="반사경"/>
    <item id="1138387149" name="돈귀고리"/>
    <item id="3671275895" name="수면공부기계"/>
    <item id="2916354529" name="운명의 주사위"/>
    <item id="867212354" name="철판"/>
    <item id="1152888020" name="뱅글뱅글 안경"/>
    <item id="3720281454" name="고대 용 비늘"/>
    <item id="2864303608" name="이무기 전투장갑"/>
    <item id="973525097" name="천상의 장식띠"/>
    <item id="1291968767" name="스키 마스크"/>
    <item id="767977754" name="미움 스티커"/>
    <item id="1522620812" name="뱀파이어 송곳니"/>
    <item id="3284666422" name="수정공"/>
    <item id="3033479328" name="꿀잠베개"/>
    <item id="1100797588" name="낮춰낮춰 허리띠"/>
    <item id="3633678126" name="나만지켜 보석"/>
    <item id="2945628088" name="손오공 머리띠"/>
</items>
