<?xml version="1.0" encoding="utf-8"?>
<items>
    <item id="1332445335" name="요괴워치"/>
    <item id="3596800301" name="요괴워치"/>
    <item id="2707808699" name="요괴대사전"/>
    <item id="1057059864" name="활짝 가루"/>
    <item id="1208370318" name="잠자리채"/>
    <item id="3507426612" name="낚싯대"/>
    <item id="2785551778" name="박물관 입장권"/>
    <item id="917977139" name="보관실 열쇠"/>
    <item id="1102055589" name="진주의 사진"/>
    <item id="561480000" name="노인의 속옷"/>
    <item id="1450226134" name="자전거"/>
    <item id="3480871020" name="자전거"/>
    <item id="3095318778" name="요괴워치 톱니"/>
    <item id="639255897" name="요괴워치 나사"/>
    <item id="1360885199" name="오래된 대저택 열쇠"/>
    <item id="3356763253" name="엄마의 반지"/>
    <item id="3205698787" name="중요한 서류"/>
    <item id="799803762" name="예쁜 갈비뼈"/>
    <item id="1487616484" name="학교 열쇠"/>
    <item id="173724291" name="피아노 악보"/>
    <item id="2103304725" name="요괴워치 용수철"/>
    <item id="3830756271" name="집 열쇠"/>
    <item id="2471723833" name="전파신 엔진"/>
    <item id="221714074" name="결림두목 기름"/>
    <item id="2049975820" name="길인도깨비 운전대"/>
    <item id="3812194230" name="요마계 열쇠"/>
    <item id="75586225" name="맛난 버섯"/>
    <item id="1938188839" name="만화책"/>
    <item id="323085250" name="접시거북 물병"/>
    <item id="1682363220" name="이빠진 접시"/>
    <item id="4249846510" name="낡은 호신부"/>
    <item id="2320020088" name="황금두부"/>
    <item id="338438107" name="장난감 미사일"/>
    <item id="1663768397" name="축구공"/>
    <item id="4196550391" name="사랑의 시집"/>
    <item id="2368042593" name="정신이 맑아지는 약초"/>
    <item id="496659440" name="배신당한 검"/>
    <item id="1788697446" name="최신 아이돌 사진"/>
    <item id="1543533829" name="옛날 아이돌 사진"/>
    <item id="721896851" name="희귀 프라모델"/>
    <item id="2987267113" name="소중한 귀고리"/>
    <item id="3305710783" name="타임캡슐"/>
    <item id="1533915420" name="환상의 검"/>
    <item id="745177482" name="태풍부채"/>
    <item id="3043217456" name="영겁의 꽃"/>
    <item id="3261391014" name="스륵스륵 트로피"/>
    <item id="1390148919" name="배고파 트로피"/>
    <item id="635227553" name="냥냥 트로피"/>
    <item id="1159414852" name="할머니 트로피"/>
    <item id="840725714" name="말 트로피"/>
    <item id="2870289768" name="갈기 트로피"/>
    <item id="3692172798" name="후드 트로피"/>
    <item id="1115062365" name="구깃구깃 트로피"/>
    <item id="896643275" name="칼 트로피"/>
    <item id="2893603185" name="아빠 트로피"/>
    <item id="3682587111" name="술사 트로피"/>
    <item id="1270926454" name="맴맴 트로피"/>
    <item id="1019739360" name="떡 트로피"/>
    <item id="1849038727" name="새 트로피"/>
    <item id="422651665" name="따라해 트로피"/>
    <item id="2151184043" name="도박사 트로피"/>
    <item id="4148119101" name="위로 트로피"/>
    <item id="1767625630" name="야생 트로피"/>
    <item id="509403912" name="올림머리 트로피"/>
    <item id="2270540466" name="펄럭펄럭 트로피"/>
    <item id="4031939108" name="무사 트로피"/>
    <item id="1626185653" name="어린이 트로피"/>
    <item id="401256227" name="어질어질 트로피"/>
    <item id="1999447750" name="포대 트로피"/>
    <item id="2758224" name="전통복 트로피"/>
    <item id="2569226218" name="안경 트로피"/>
    <item id="3995367292" name="윙윙 트로피"/>
    <item id="1883300575" name="거북요괴 트로피"/>
    <item id="122147401" name="수호자 트로피"/>
    <item id="2655945715" name="심장 트로피"/>
    <item id="3913921381" name="마스터 트로피"/>
    <item id="2046209780" name="뱀 트로피"/>
    <item id="250715746" name="병 트로피"/>
    <item id="4038408713" name="사자 트로피"/>
    <item id="2276592287" name="망토 트로피"/>
    <item id="515595045" name="모자 트로피"/>
    <item id="1773956019" name="죽마 트로피"/>
    <item id="4158193168" name="폼나는 트로피"/>
    <item id="2162151046" name="사슴뿔 트로피"/>
    <item id="433495868" name="큐피드 트로피"/>
    <item id="1859235754" name="코미디 트로피"/>
    <item id="4268667451" name="풍뎅이 트로피"/>
    <item id="2305393325" name="암흑 트로피"/>
    <item id="3920497480" name="이쑤시개 트로피"/>
    <item id="2661891038" name="뱀장어 트로피"/>
    <item id="127953508" name="상어 트로피"/>
    <item id="1890015986" name="악마 트로피"/>
    <item id="4005810001" name="해초 트로피"/>
    <item id="2579824583" name="드래곤 트로피"/>
    <item id="13479549" name="조개껍질 트로피"/>
    <item id="2009767659" name="세눈박이 트로피"/>
    <item id="3883238266" name="외눈박이 트로피"/>
    <item id="1319758496" name="사파이어 방울"/>
    <item id="3617635098" name="에메랄드 방울"/>
    <item id="2695334796" name="루비 방울"/>
    <item id="1052974639" name="토파즈 방울"/>
    <item id="1237593785" name="다이아몬드 방울"/>
    <item id="4158121970" name="작곡가의 초상화"/>
    <item id="1860089416" name="개구리 해부도"/>
    <item id="433686238" name="요괴 안내서"/>
    <item id="2277315453" name="체온계"/>
    <item id="4038730731" name="교장 선생님 사진"/>
    <item id="1773367889" name="럭키 스네이크 껍질"/>
    <item id="515130055" name="럭키 스네이크 똥"/>
    <item id="2383109974" name="럭키 스네이크 먼지"/>
    <item id="4178341824" name="탐정 배지"/>
    <item id="2580276773" name="깨진 그릇"/>
    <item id="4006401715" name="먹다 남은 오이"/>
    <item id="2009433865" name="먼지 묻은 호신부"/>
    <item id="12760991" name="탐정 배지+"/>
    <item id="2661687868" name="탐정 배지 EX"/>
    <item id="3919647402" name="구멍난 양동이"/>
    <item id="1890075408" name="플라스틱 병"/>
    <item id="128938886" name="구겨진 잡지"/>
    <item id="2534436375" name="슈퍼 탐정 배지"/>
    <item id="3759627905" name="어린이 탐정용 메모"/>
    <item id="3001464294" name="울트라 탐정 배지"/>
    <item id="3319891312" name="게시판 쪽지"/>
    <item id="1558762698" name="아이돌 포스터"/>
    <item id="737141852" name="빈 캔"/>
    <item id="3045814783" name="빈 병"/>
    <item id="3263971689" name="구멍난 장화"/>
    <item id="1535447251" name="다 쓴 폭죽"/>
    <item id="746725445" name="비닐 봉지"/>
</items>
