<?xml version="1.0" encoding="utf-8"?>
<items>
    <item id="2905096119" name="무대꼬"/>
    <item id="874606093" name="안꿈쩍"/>
    <item id="3712142136" name="다앞장"/>
    <item id="2669567285" name="해이칼"/>
    <item id="102173839" name="쑥대칼"/>
    <item id="4017400250" name="털레칼"/>
    <item id="2248502388" name="떡강쇠"/>
    <item id="520895950" name="시기떡"/>
    <item id="3376741043" name="투구 귀신"/>
    <item id="1347267337" name="환마장군"/>
    <item id="659200927" name="황천대장군"/>
    <item id="3798575472" name="타올라이온"/>
    <item id="2069952714" name="이글라이온"/>
    <item id="208128092" name="미라클 라이온"/>
    <item id="3495939058" name="승부사"/>
    <item id="1230412360" name="요괴검사"/>
    <item id="1045539550" name="요괴 마검사"/>
    <item id="2687844221" name="요괴 성검사"/>
    <item id="2095744254" name="요괴인"/>
    <item id="3856913732" name="사이보그 요괴인"/>
    <item id="430150624" name="왕대쪽"/>
    <item id="1856283510" name="기발하괴"/>
    <item id="4218591281" name="사슴벌레 무사"/>
    <item id="1652279691" name="사슴벌레 대장"/>
    <item id="360511773" name="왕사슴벌레 신"/>
    <item id="1710339519" name="광귀"/>
    <item id="4244169733" name="겁주귀"/>
    <item id="3052496065" name="줄줄새"/>
    <item id="754464123" name="고뿔덕"/>
    <item id="2901038464" name="아차모"/>
    <item id="904070202" name="멍모자"/>
    <item id="860662292" name="안하겠승"/>
    <item id="1145805442" name="하기싫승"/>
    <item id="2750658437" name="말하기싫승"/>
    <item id="2277967427" name="웃기자나"/>
    <item id="516839417" name="퍼래퍼래"/>
    <item id="3516768709" name="나불할멈"/>
    <item id="1217720447" name="까발멈"/>
    <item id="1066647785" name="백골할멈"/>
    <item id="2665232130" name="인기많총"/>
    <item id="131425976" name="인기마누스"/>
    <item id="4004955021" name="인기없스"/>
    <item id="3819684679" name="냠냠동자"/>
    <item id="2057474813" name="전파신"/>
    <item id="2478913480" name="발전신"/>
    <item id="4205900294" name="운외경"/>
    <item id="1673110460" name="암흑경"/>
    <item id="2099834569" name="환상도사"/>
    <item id="3827416947" name="아랑도사"/>
    <item id="2468777957" name="방랑도사"/>
    <item id="731246946" name="다알견"/>
    <item id="1553121780" name="네개눈"/>
    <item id="3006965290" name="풍술사"/>
    <item id="708048784" name="징벌술사"/>
    <item id="3082279576" name="구미"/>
    <item id="784239394" name="견신"/>
    <item id="2930568153" name="힘없뚜기"/>
    <item id="933608035" name="마초뚜기"/>
    <item id="3737526102" name="고릴뚜기"/>
    <item id="3554353052" name="무리담"/>
    <item id="1255296550" name="무리성"/>
    <item id="2746346259" name="백성벽"/>
    <item id="3790437662" name="갑옷 귀신"/>
    <item id="2125216423" name="샌다끼리"/>
    <item id="3886377757" name="버티끼리"/>
    <item id="3401592541" name="못가복"/>
    <item id="1405714279" name="무쇠못가복"/>
    <item id="4176890975" name="설산씨름꾼"/>
    <item id="1644109285" name="화산씨름꾼"/>
    <item id="3835849627" name="타라락"/>
    <item id="2108373537" name="요괴대장"/>
    <item id="2477087501" name="요괴형님"/>
    <item id="2137936016" name="풍뎅무사"/>
    <item id="3865510186" name="풍뎅무쌍"/>
    <item id="2439000508" name="왕풍뎅신"/>
    <item id="2289762557" name="동삼등"/>
    <item id="371168606" name="은이등"/>
    <item id="1629005256" name="금일등"/>
    <item id="4161926258" name="백금등"/>
    <item id="3979483107" name="로보냥"/>
    <item id="2587174773" name="골드냥"/>
    <item id="3061166255" name="얼룩덜룩"/>
    <item id="796713237" name="바다 허깨비"/>
    <item id="2627373403" name="멋골부인"/>
    <item id="93575393" name="해골양"/>
    <item id="3975183828" name="칼슘미인"/>
    <item id="2943255022" name="무사맴"/>
    <item id="912773204" name="짱무사맴"/>
    <item id="3741611361" name="가수 무사맴"/>
    <item id="4180944488" name="오들강지"/>
    <item id="1614641106" name="오들왕자"/>
    <item id="389695300" name="아더월월"/>
    <item id="2639848300" name="지바냥"/>
    <item id="72463062" name="가시냥"/>
    <item id="1935049280" name="배드냥"/>
    <item id="3524883883" name="접시거북"/>
    <item id="1259349009" name="방랑거북"/>
    <item id="1008145543" name="서퍼거북"/>
    <item id="3405923562" name="백멍이"/>
    <item id="1376458064" name="사자견"/>
    <item id="621553094" name="황멍이"/>
    <item id="3144200293" name="호랑견"/>
    <item id="3364262020" name="맥"/>
    <item id="1368375614" name="백"/>
    <item id="3848274348" name="귀욤개"/>
    <item id="2087276566" name="사랑개"/>
    <item id="191783040" name="음흉개"/>
    <item id="1681121160" name="설녀"/>
    <item id="4248473138" name="눈보라 공주"/>
    <item id="2319302308" name="백귀공주"/>
    <item id="3461173871" name="미역군"/>
    <item id="1464075221" name="다시마군"/>
    <item id="541274947" name="미역뿌리양"/>
    <item id="3452536321" name="부러버"/>
    <item id="1421924283" name="자꾸손"/>
    <item id="2854328171" name="공복영감"/>
    <item id="858310353" name="게걸영감"/>
    <item id="2571244604" name="쌀알영감"/>
    <item id="4294960259" name="거지동자"/>
    <item id="2298008597" name="낙천동자"/>
    <item id="3612762926" name="조아나비"/>
    <item id="1314861716" name="끝나비"/>
    <item id="962068994" name="최고나비"/>
    <item id="2805766049" name="아싸라나비"/>
    <item id="4235931885" name="보노보노"/>
    <item id="1701994839" name="좌절좌절"/>
    <item id="309678529" name="막막좌절"/>
    <item id="2078485538" name="산타클도사"/>
    <item id="3807018392" name="자루영감"/>
    <item id="1740049382" name="사이눈"/>
    <item id="4273887836" name="묘해눈"/>
    <item id="3002649629" name="번개아빠"/>
    <item id="737254823" name="엎어할배"/>
    <item id="1660427619" name="보살엄니"/>
    <item id="4226895065" name="착한맘할매"/>
    <item id="2580914142" name="길인도깨비"/>
    <item id="14470756" name="한쪽편깨비"/>
    <item id="2883845468" name="결림동자"/>
    <item id="854240486" name="결림두목"/>
    <item id="3683191251" name="요통두목"/>
    <item id="2161028767" name="네가티붕"/>
    <item id="432537381" name="흑네가티붕"/>
    <item id="4037302800" name="근질근질"/>
    <item id="2189955270" name="안띄림자"/>
    <item id="461455740" name="못채림자"/>
    <item id="1820750314" name="없지림자"/>
    <item id="3873756610" name="틀어박쥐"/>
    <item id="2146272376" name="집박쥐"/>
    <item id="149599470" name="여관박쥐"/>
    <item id="1635567885" name="불신 도깨비"/>
    <item id="4168456375" name="민폐 도깨비"/>
    <item id="2406656033" name="심술 도깨비"/>
    <item id="2020079692" name="음침 까마귀"/>
    <item id="258001114" name="독서 까마귀"/>
    <item id="4256783066" name="민폐가수스"/>
    <item id="1689258848" name="악말"/>
    <item id="2977699955" name="쫄데빌"/>
    <item id="678775241" name="안쫄데빌"/>
    <item id="1601337695" name="충치백작"/>
    <item id="2825333042" name="왕고약"/>
    <item id="829323400" name="악중악"/>
    <item id="2239871002" name="칼칼송이"/>
    <item id="478734752" name="따끔성게"/>
    <item id="3600025881" name="샘새"/>
    <item id="1335711907" name="배춤새"/>
    <item id="2219037229" name="슬피우새"/>
    <item id="491422615" name="꼴사납새"/>
    <item id="1783476993" name="사신조"/>
    <item id="2165097640" name="인면견"/>
    <item id="403019026" name="쌍두베로스"/>
    <item id="4050006055" name="삼도견"/>
    <item id="2610110855" name="질척이"/>
    <item id="43675709" name="쏟아비"/>
    <item id="1973239979" name="얼갱이"/>
    <item id="3959018760" name="꽁꽁차"/>
    <item id="2633950622" name="코에피"/>
    <item id="3482269784" name="뻥녀"/>
    <item id="1451649506" name="순악질"/>
    <item id="3570579264" name="칙칙하잔느"/>
    <item id="1664776020" name="뽕쟁이"/>
    <item id="4197656302" name="뽕귀신"/>
    <item id="2965271108" name="황당꾼"/>
    <item id="699868158" name="실소꾼"/>
    <item id="2049000981" name="주름할멈"/>
    <item id="3811055535" name="불노아씨"/>
    <item id="2486118201" name="불사아씨"/>
    <item id="2846180101" name="못자요"/>
    <item id="816583359" name="못깨요"/>
    <item id="2202696433" name="럭키 스네이크"/>
    <item id="440609611" name="해피 드래곤"/>
    <item id="1833180125" name="판다 스네이크"/>
    <item id="2551707113" name="웃곰치"/>
    <item id="18785363" name="노래장어"/>
    <item id="1981387973" name="단지큰뱀"/>
    <item id="3574652279" name="실어실어"/>
    <item id="1276742861" name="원망어"/>
    <item id="2776246776" name="발끈어"/>
    <item id="2589019056" name="용용이"/>
    <item id="56105482" name="신룡"/>
    <item id="1952393884" name="청룡"/>
    <item id="3761182505" name="때리멍"/>
    <item id="2032551571" name="어물어물"/>
    <item id="3423333430" name="꿀꺽죠스"/>
    <item id="1426242956" name="서툴러죠스"/>
    <item id="3878076405" name="막써조개"/>
    <item id="2418118499" name="다내조개"/>
    <item id="4265447092" name="긴코"/>
    <item id="1731518222" name="바나나코"/>
    <item id="2040894075" name="지휘뱀"/>
    <item id="2544628567" name="삐치뱀"/>
    <item id="3769418689" name="살모사 심판"/>
    <item id="1623106362" name="이무기"/>
    <item id="4189581952" name="블랙 이무기"/>
    <item id="3122683726" name="무사냥"/>
    <item id="608488173" name="수라멍"/>
    <item id="2738581007" name="얼짱견"/>
    <item id="1029700524" name="꽃감"/>
    <item id="2283158988" name="도깨귀"/>
    <item id="1950041689" name="사파이냥"/>
    <item id="3833879496" name="에메랄냥"/>
    <item id="2474863454" name="루비냥"/>
    <item id="2770224445" name="토파냥"/>
    <item id="54294223" name="다이아냥"/>
    <item id="3344411403" name="삼두 구렁이"/>
    <item id="4116826505" name="온천도니맨"/>
    <item id="1928975686" name="낚신"/>
    <item id="1810031623" name="거대빨강머리"/>
    <item id="3152164217" name="무시시무사"/>
    <item id="1016959387" name="이빨거미"/>
    <item id="2312394747" name="의사가아닐거야"/>
    <item id="3750686845" name="오징어회장님"/>
    <item id="3331703100" name="오징어회장님"/>
    <item id="4104364990" name="바퀴바퀴"/>
    <item id="1791440413" name="짹짹바구니"/>
    <item id="3967482056" name="삼두 도롱뇽"/>
    <item id="1795513386" name="온천흑도니맨"/>
    <item id="3969728741" name="8대 망령 낚신"/>
    <item id="4119228836" name="거대파랑머리"/>
    <item id="397460056" name="의사일리가없어"/>
    <item id="629579994" name="으시시무사"/>
    <item id="1492210847" name="수염오징어"/>
    <item id="3988296447" name="가마가마"/>
    <item id="1780518448" name="빨간 도깨비"/>
    <item id="4079607690" name="퍼렁 도깨비"/>
    <item id="2217668380" name="껌정 도깨비"/>
</items>
