<?xml version='1.0' encoding='utf-8'?>
<items>
  <item id="2870987530" name="Stumpfes Schwert"/>
  <item id="3692624796" name="Schreckensklinge"/>
  <item id="1158785574" name="Lehrlingsschwert"/>
  <item id="3722088875" name="Nachtigallschwert"/>
  <item id="1154727953" name="Streberschwert"/>
  <item id="1136526344" name="Rote-Katzen-Klinge"/>
  <item id="3669448114" name="Küchenmesser"/>
  <item id="2866651453" name="Oni-Keule"/>
  <item id="884552862" name="Todeshammer"/>
  <item id="3751555058" name="Rabenklinge"/>
  <item id="1184202312" name="Meisterschwert"/>
  <item id="1061799660" name="Kaninchenwerfer"/>
  <item id="3639733227" name="R.-Katzen-Klinge EX"/>
  <item id="2952190845" name="Kochmesser"/>
  <item id="922716871" name="Oni-Keule (blau)"/>
  <item id="2828738404" name="Oni-Keule (rot)"/>
  <item id="1106819665" name="Schädelhammer"/>
  <item id="3730720197" name="Pfauenschwert"/>
  <item id="1196889215" name="Hexerschwert"/>
  <item id="2922688842" name="Sternenlichtwerfer"/>
  <item id="3644031452" name="Ultra-Oni-Keule (s)"/>
  <item id="1049341147" name="Einsame Klinge"/>
  <item id="2841212243" name="Ultra-Oni-Keule (r)"/>
  <item id="926802160" name="Ultra-Oni-Keule (bl)"/>
  <item id="1077596262" name="Höllenhammer"/>
  <item id="3817166022" name="Käpt‘n‘s Werfer"/>
  <item id="1233951821" name="Kriegsherrnklinge"/>
  <item id="2887148502" name="Schneesturmklinge"/>
  <item id="846394997" name="Götterklinge"/>
  <item id="1108869882" name="Donnerklinge"/>
  <item id="3675345728" name="Schicksalsklinge"/>
  <item id="1165346531" name="Oni-Keule (Inferno)"/>
  <item id="3699152729" name="Ogerbrecher"/>
  <item id="2877007823" name="Oni-Keule (Ozean)"/>
  <item id="1002748510" name="Ogerschlächter"/>
  <item id="1287883464" name="Horrorhammer"/>
  <item id="738460461" name="Kummerhammer"/>
  <item id="1526936507" name="Oni-Keule (Erde)"/>
  <item id="3255460353" name="Oni-Keule (Ultra)"/>
  <item id="3037549207" name="Oni-Keule (Himmel)"/>
  <item id="2170556351" name="Granatendonner"/>
  <item id="4133961513" name="Ultimativer Strahl"/>
  <item id="728352564" name="Wasserdrachenklg."/>
  <item id="1550776226" name="Oni-Kriegsherrnkl."/>
  <item id="3982810348" name="B-Hasen-Werfer"/>
  <item id="1138387149" name="Mondstrahl"/>
  <item id="3671275895" name="Mondschatten"/>
  <item id="329493615" name="Dreckiger Armreif"/>
  <item id="1688509689" name="Billiger Armreif"/>
  <item id="4256025923" name="Einfacher Armreif"/>
  <item id="308397656" name="Bunter Armreif"/>
  <item id="1701246670" name="Gepunktet. Armreif"/>
  <item id="4235175796" name="Gestreifter Armreif"/>
  <item id="2349159419" name="Tödlicher Armreif"/>
  <item id="2386816418" name="Go-Go-Armreif"/>
  <item id="1730168983" name="Verrückter Armreif"/>
  <item id="4264106285" name="Blauer Armreif"/>
  <item id="4182039860" name="Fokusarmreif"/>
  <item id="1615694990" name="Wandelarmreif"/>
  <item id="271022081" name="Stahlhandschellen"/>
  <item id="1636820665" name="Armreif der Sterne"/>
  <item id="1726096032" name="Reiner Armreif"/>
  <item id="4293620506" name="Phantomarmreif"/>
  <item id="378066479" name="Gr. Wandelarmreif"/>
  <item id="4169578243" name="Schaum-Armband"/>
  <item id="2251803582" name="Einzigartig. Armreif"/>
  <item id="300225078" name="Gravurhandschelle"/>
  <item id="2407630741" name="Hightech-Armband"/>
  <item id="4046519080" name="Erwachter Armreif"/>
  <item id="346686643" name="Arktischer Armreif"/>
  <item id="2328793360" name="Legendär. Armreif"/>
  <item id="4205077919" name="Neptunreif"/>
  <item id="1672295461" name="Armreif des Feinds"/>
  <item id="4257849734" name="Terra-Handschelle"/>
  <item id="1690366012" name="Listige Handschelle"/>
  <item id="331858090" name="Chaoshandschelle"/>
  <item id="3820967134" name="Orkanarmband"/>
  <item id="2058749284" name="Dämonenarmband"/>
  <item id="229717490" name="Eissturmarmband"/>
  <item id="2205736251" name="Glühender Armring"/>
  <item id="4102024621" name="Hypermagn. Armr."/>
  <item id="2495112264" name="Mächtiger Armring"/>
  <item id="2480250961" name="Edens Armreif"/>
  <item id="3839004871" name="Sonnengottarmreif"/>
  <item id="2111553917" name="Mutiger Armreif"/>
  <item id="182252011" name="Lieber Armreif"/>
  <item id="2590239866" name="Ehrbarer Armreif"/>
  <item id="18219905" name="Finsterer Stab"/>
  <item id="1980838679" name="Einfacher Stab"/>
  <item id="4011352749" name="Verdrehter Stab"/>
  <item id="3921136771" name="Schädelstab"/>
  <item id="2010339616" name="Todschicker Stab"/>
  <item id="4007266458" name="Seltsamer Stab"/>
  <item id="1891540281" name="Spezialstab"/>
  <item id="2662398997" name="Weiße-Hunde-Stab"/>
  <item id="13920694" name="Dreiköpfiger Stab"/>
  <item id="1928864608" name="Pessimiststab"/>
  <item id="1972758393" name="Prächtiger Stab"/>
  <item id="3969693379" name="Chaos-Stab"/>
  <item id="100602870" name="Superspezialstab"/>
  <item id="2504003175" name="Komas Bündel"/>
  <item id="3958469338" name="W.-Hunde-Stab EX"/>
  <item id="2633384524" name="Großäugiger Stab"/>
  <item id="43177967" name="Triptychon-Stab"/>
  <item id="1951894862" name="Engelszauberstab"/>
  <item id="3982417140" name="Böser Zauberstab"/>
  <item id="71137729" name="Spiralenbündel"/>
  <item id="3929217261" name="Frauenstab"/>
  <item id="2491573328" name="Tengu-Fächer"/>
  <item id="55623128" name="3-Drachen-Stab"/>
  <item id="2637441147" name="Höllenaugenstab"/>
  <item id="1933199703" name="Gerechtigkeitsstab"/>
  <item id="102738781" name="Kristallzauberstab"/>
  <item id="2558213886" name="Stab des Glücks"/>
  <item id="3893480049" name="Meeresspalterstab"/>
  <item id="1897438155" name="Ultra-Böse-Stab"/>
  <item id="4017884776" name="Triple-Fieberstab"/>
  <item id="1987403730" name="Triple-Ruinstab"/>
  <item id="24276804" name="Auge der Erde"/>
  <item id="2446160597" name="Auge des Todes"/>
  <item id="3872014915" name="Heiliger-Wind-Stab"/>
  <item id="2249051046" name="Stab der Habgier"/>
  <item id="4044028720" name="Donnergottstab"/>
  <item id="1745070730" name="Stab des Himmels"/>
  <item id="520395292" name="Schöpferstab"/>
  <item id="3922960454" name="Mondlichtstab"/>
  <item id="1893396988" name="Mondgottstab"/>
  <item id="3467465842" name="Hässlicher Ring"/>
  <item id="1470367176" name="Rostiger Ring"/>
  <item id="3114951908" name="Knochenring"/>
  <item id="3480174149" name="Regenbogenring"/>
  <item id="1449553919" name="Dämmerring"/>
  <item id="1359719398" name="Erleuchtungsring"/>
  <item id="3093827283" name="Rückgratring"/>
  <item id="638360432" name="Vergoldeter Ring"/>
  <item id="3393471493" name="Ring des Wissens"/>
  <item id="3442049052" name="Versprechensring"/>
  <item id="1411436966" name="Schlummerring"/>
  <item id="3175314579" name="Allsehender Ring"/>
  <item id="771516674" name="Wandelring"/>
  <item id="1397560767" name="Glitzerring"/>
  <item id="3123622026" name="Kieferring"/>
  <item id="608838953" name="Metallring"/>
  <item id="3414568498" name="Poch-Ring"/>
  <item id="3438012971" name="Wellenring"/>
  <item id="1440922513" name="Mondlichtring"/>
  <item id="3162578596" name="Großer Wandelring"/>
  <item id="742261557" name="Einmaliger Ring"/>
  <item id="3152861885" name="Schädelring"/>
  <item id="629690142" name="Goldrippe-Ring"/>
  <item id="1385136008" name="Glitzerrippe-Ring"/>
  <item id="1530475427" name="Sasels Rubinring"/>
  <item id="3198405688" name="Dauerfrostring"/>
  <item id="549935515" name="Legendärer Ring"/>
  <item id="1353559316" name="Windgottring"/>
  <item id="3383033006" name="Ring des Unholds"/>
  <item id="1472227597" name="Verbrennungsring"/>
  <item id="3469293751" name="Ring der Erosion"/>
  <item id="3117287457" name="Ring des Heiligen"/>
  <item id="695276976" name="Donnerherz"/>
  <item id="1584801062" name="Rosa Herz"/>
  <item id="1051831491" name="Goldenes Herz"/>
  <item id="1236704341" name="Blaues-Blut-Ring"/>
  <item id="3502231023" name="Blutroter Ring"/>
  <item id="2813918585" name="Diamantring"/>
  <item id="970746074" name="Sasels Jaspisring"/>
  <item id="1322997836" name="Sasalptraums Ring"/>
  <item id="1400532171" name="Holzschild"/>
  <item id="3396550001" name="Rundschild"/>
  <item id="612195421" name="Badehauskübel"/>
  <item id="3151733705" name="Mülltonnendeckel"/>
  <item id="1387792124" name="Eisenschild"/>
  <item id="3417397062" name="Robuster Schild"/>
  <item id="3437007711" name="Eleganter Schild"/>
  <item id="633288298" name="Wabbelwutz-Eimer"/>
  <item id="1358870693" name="Silberschild"/>
  <item id="3388467487" name="Legierungsschild"/>
  <item id="1469283516" name="Glitzerrippe-Schild"/>
  <item id="546589738" name="Kraftschild"/>
  <item id="3114081680" name="Dunkelwutz-Eimer"/>
  <item id="670664755" name="Luxus-Wabbeleimer"/>
  <item id="3466210566" name="Riesenkesseldeckl."/>
  <item id="1362940562" name="Paladinschild"/>
  <item id="3358950184" name="Taktikerschild"/>
  <item id="559293981" name="Kraftschild EX"/>
  <item id="2984852364" name="Unschuldsschild"/>
  <item id="641458692" name="Gold-Wabbeleimer"/>
  <item id="3478669105" name="Awokalypsodeckel"/>
  <item id="1448154763" name="Wirbelzwirbel"/>
  <item id="3093264295" name="Böser Dunkeleimer"/>
  <item id="3337489178" name="Dkl.-Materie-Schild"/>
  <item id="594867329" name="Frostschild"/>
  <item id="3171967266" name="Legendärer Schild"/>
  <item id="3447362989" name="Wirbelstromschild"/>
  <item id="1416872983" name="Unbeirrter Schild"/>
  <item id="3390525876" name="Flammiger Eimer"/>
  <item id="1394475022" name="Verführungseimer"/>
  <item id="605630616" name="Steineimer"/>
  <item id="3030789385" name="Lavaeimer"/>
  <item id="3282115999" name="Isolationsdeckel"/>
  <item id="2741408890" name="Dunkelheitsdeckel"/>
  <item id="3563169004" name="Windschirm"/>
  <item id="1298724182" name="Absorptiondämpfer"/>
  <item id="980403648" name="Blütenschirm"/>
  <item id="2752204899" name="Antigravita-Schild"/>
  <item id="3540803829" name="Quantumalu-Schild"/>
  <item id="3434676122" name="Weiß-Mondschild"/>
  <item id="1437707808" name="Gold-Mondschild"/>
  <item id="3955624878" name="Repariert. Amulett"/>
  <item id="1926191636" name="Altes Amulett"/>
  <item id="1952511034" name="Simpler Anhänger"/>
  <item id="3926155673" name="Duftamulett"/>
  <item id="1930244131" name="Wärmeamulett"/>
  <item id="3983123840" name="Seelenamulett"/>
  <item id="2634240271" name="Augenbeutel"/>
  <item id="57132204" name="Robuster Beutel"/>
  <item id="1982220899" name="Mutiger Anhänger"/>
  <item id="3896696768" name="Glücksamulett"/>
  <item id="1900777082" name="Freudenamulett"/>
  <item id="4012841945" name="Aufladeamulett"/>
  <item id="2552769359" name="Wandelamulett"/>
  <item id="2672160598" name="Rosa Beutel"/>
  <item id="18971381" name="Rosa Tasche"/>
  <item id="4008538606" name="Leidenschaftsanh."/>
  <item id="3917526519" name="Edles Amulett"/>
  <item id="1888085069" name="Schwing-Amulett"/>
  <item id="2582266232" name="Groß. Wandelamul."/>
  <item id="156589289" name="Kleeamulett"/>
  <item id="2659681633" name="Augenbeutel XL"/>
  <item id="14880962" name="Kolossotasche"/>
  <item id="2011439188" name="Göttliches Amulett"/>
  <item id="2119330943" name="Gold-Spiral-Amul."/>
  <item id="2613613540" name="Donneramulett"/>
  <item id="95159879" name="Legenden-Amulett"/>
  <item id="1975972552" name="Vulkanamulett"/>
  <item id="3973030770" name="Amulett des Feinds"/>
  <item id="1923823313" name="Schminkbeutel"/>
  <item id="3953289067" name="Schwimmbeutel"/>
  <item id="2628081661" name="Ausdauerbeutel"/>
  <item id="203049580" name="Eissturmbeutel"/>
  <item id="2065529594" name="Wahrheitsbeutel"/>
  <item id="467333919" name="Exorzistenbeutel"/>
  <item id="1826472841" name="Wind-Amulett"/>
  <item id="4124348979" name="Leuchtendes Amul."/>
  <item id="2194907813" name="Führungsamulett"/>
  <item id="481769222" name="Beruhigungsamul."/>
  <item id="1806698384" name="Lord-Spiralen-Am."/>
  <item id="2390004950" name="Dreckiger Gürtel"/>
  <item id="4185105472" name="Einfache Schärpe"/>
  <item id="1618671098" name="Einfacher Gürtel"/>
  <item id="299002690" name="Modischer Gürtel"/>
  <item id="4172402295" name="Modische Schärpe"/>
  <item id="1639489485" name="Rundschnallengürt."/>
  <item id="1725258708" name="Boshafte Schärpe"/>
  <item id="2411134689" name="Robuste Schärpe"/>
  <item id="1687414157" name="Dicker Gürtel"/>
  <item id="4210520110" name="Shinobi-Schärpe"/>
  <item id="1677599124" name="Schicker Gürtel"/>
  <item id="4254774327" name="Neidschärpe"/>
  <item id="2325578913" name="Ahnenschärpe"/>
  <item id="328520987" name="Festliche Schärpe"/>
  <item id="2381332664" name="Vielfraßschärpe"/>
  <item id="4233682432" name="Schicker Gürtel"/>
  <item id="4214561305" name="Meisterschärpe"/>
  <item id="1648118691" name="Siegesgürtel"/>
  <item id="2338320022" name="Heilige Schärpe"/>
  <item id="1699844026" name="Senator-Schärpe"/>
  <item id="467727111" name="Süßer Gürtel"/>
  <item id="2352097935" name="Gierige Schärpe"/>
  <item id="307674924" name="Fühlende Schärpe"/>
  <item id="1827128209" name="Gold-Krallen-Stoff"/>
  <item id="2306685962" name="Bergschärpe"/>
  <item id="387557801" name="Legendenschärpe"/>
  <item id="1735613734" name="Spritzergürtel"/>
  <item id="4269411484" name="Ultimativgürtel"/>
  <item id="1612618047" name="Flammenschärpe"/>
  <item id="4179085445" name="Donnerschärpe"/>
  <item id="2383476755" name="Beistandsschärpe"/>
  <item id="514844034" name="Erdbebenschärpe"/>
  <item id="1772672276" name="Rettungsschärpe"/>
  <item id="158293233" name="Heiterkeitsschärpe"/>
  <item id="2120772711" name="Böenschärpe"/>
  <item id="3881909725" name="Null-Uhr-Schärpe"/>
  <item id="2422607179" name="Herrscherschärpe"/>
  <item id="235051240" name="Lebendiger Stoff"/>
  <item id="2030413950" name="Royal-Krallen-Stoff"/>
  <item id="1104134949" name="Schwarzes Amulett"/>
  <item id="3636892319" name="Rustikales Amulett"/>
  <item id="2829870608" name="Alte Glocke"/>
  <item id="919139251" name="Welsanhänger"/>
  <item id="1074637074" name="Blumenamulett"/>
  <item id="3640981672" name="Elegantes Amulett"/>
  <item id="2842561575" name="Katzen-Glocke"/>
  <item id="3731438769" name="Simpel-Amulett"/>
  <item id="923441540" name="Weißer Welsanh."/>
  <item id="1112217419" name="Auroraamulett"/>
  <item id="3678553841" name="Reizendes Amulett"/>
  <item id="1160172370" name="Huschemen-Amul."/>
  <item id="841081796" name="Wandelstein"/>
  <item id="2871571070" name="Goldener Welsanh."/>
  <item id="894183389" name="Großer Welsanh."/>
  <item id="3694101224" name="Kätzchenglocke"/>
  <item id="1133084028" name="Purpuramulett"/>
  <item id="3665833158" name="Mitternachtsamul."/>
  <item id="2740753506" name="Groß. Wandelstein"/>
  <item id="3562775796" name="Vampirblütenamul."/>
  <item id="870550003" name="Nyunglaubl. Glocke"/>
  <item id="881741290" name="Teichwächteranh."/>
  <item id="2867517513" name="Sumpfwächteranh."/>
  <item id="3723356383" name="Spiralenamulett"/>
  <item id="1155840357" name="Rote-Pfoten-Amul."/>
  <item id="834755439" name="Plasmaamulett"/>
  <item id="2946879180" name="Heldenamulett"/>
  <item id="3754900035" name="Berggottamulett"/>
  <item id="1187408889" name="Auslöschungsamul."/>
  <item id="3634560602" name="Fischeranhänger"/>
  <item id="1101770720" name="Schifferanhänger"/>
  <item id="917282678" name="Rufanhänger"/>
  <item id="2786296551" name="Gletscheranhänger"/>
  <item id="3507794545" name="Unterweltanhänger"/>
  <item id="2983410580" name="Böser Anhänger"/>
  <item id="3335785218" name="Spiralenanhänger"/>
  <item id="1608342200" name="Superspiralenanh."/>
  <item id="685402670" name="Höllenhundanh."/>
  <item id="3065970573" name="Rote-Pfoten-Anh."/>
  <item id="3250179867" name="S-Rot-Pfoten-Anh."/>
  <item id="1487969953" name="Yo-kai-Katze-Anh."/>
  <item id="3725414516" name="Hunde-Mondring"/>
  <item id="1191444942" name="Katzen-Mondring"/>
  <item id="941221292" name="Vader-Chip"/>
</items>
