<?xml version='1.0' encoding='utf-8'?>
<items>
  <item id="1890329311" name="250000 Volt"/>
  <item id="2725251090" name="Abenteurerklinge"/>
  <item id="337259388" name="Abgang mit Stil"/>
  <item id="3875295237" name="Abgesprüht"/>
  <item id="3357349510" name="Absorption"/>
  <item id="3618844963" name="Absperrung"/>
  <item id="3139285069" name="Abwehrfall"/>
  <item id="2080975565" name="Abwehrhaltung"/>
  <item id="3736997683" name="Abwehrmiaudus"/>
  <item id="4204567839" name="Abwehrschub"/>
  <item id="274941062" name="Ach, wirklich?"/>
  <item id="431562492" name="Achterschlange"/>
  <item id="3143638744" name="Albtraumschlag (1)"/>
  <item id="4065209846" name="Albtraumschlag (2)"/>
  <item id="1504898533" name="Albtraumschlag (3)"/>
  <item id="3116243912" name="Alle regenerieren"/>
  <item id="3609360564" name="Alles meins!"/>
  <item id="4152975511" name="Alles oder nichts (1)"/>
  <item id="2298155161" name="Alles oder nichts (2)"/>
  <item id="815668391" name="Alter Sasel-Schuss"/>
  <item id="3662597980" name="Amors Pfeil"/>
  <item id="3295043168" name="Anfang vom Ende"/>
  <item id="1227206650" name="Angestelltenstrahl (1)"/>
  <item id="59552779" name="Angestelltenstrahl (2)"/>
  <item id="1527528796" name="Angestelltenstrahl (3)"/>
  <item id="3450270639" name="Angestelltensäbel (1)"/>
  <item id="2830851587" name="Angestelltensäbel (2)"/>
  <item id="2169493659" name="Angriffsfall"/>
  <item id="1180385819" name="Angriffshaltung"/>
  <item id="3234788809" name="Angriffsschub"/>
  <item id="3719730789" name="Angsthaltung"/>
  <item id="1683758960" name="Animositäter"/>
  <item id="3348238141" name="Attacke (1)"/>
  <item id="3733536380" name="Attacke (2)"/>
  <item id="4121193919" name="Attacke (3)"/>
  <item id="3971964158" name="Attacke (4)"/>
  <item id="2751384121" name="Attacke (5)"/>
  <item id="3473029345" name="Attacke (6)"/>
  <item id="1928887416" name="Attacke (7)"/>
  <item id="1516726045" name="Attacke (8)"/>
  <item id="2088676438" name="Attacke (9)"/>
  <item id="4098542660" name="Auf der Bühne"/>
  <item id="3147189331" name="Auf die Hörner"/>
  <item id="2152533340" name="Aufopfhaarung"/>
  <item id="1140595683" name="Aufwärtshakenhieb"/>
  <item id="2639555517" name="Augen für alles"/>
  <item id="858722995" name="Augen rufen (1)"/>
  <item id="1127846771" name="Augen rufen (2)"/>
  <item id="3157803653" name="Augen rufen (3)"/>
  <item id="814432518" name="Augenstrahl"/>
  <item id="3682082027" name="Aus der Flaum (1)"/>
  <item id="2343931224" name="Aus der Flaum (2)"/>
  <item id="4154826323" name="Ausbrecher"/>
  <item id="1661969162" name="Ausbruch"/>
  <item id="3506841543" name="Aussaugen"/>
  <item id="3333564659" name="Ausweichen"/>
  <item id="4057594259" name="Awokalypso-Paff"/>
  <item id="388091184" name="Awokalypso-Peng"/>
  <item id="3890501532" name="Axt-Angriff"/>
  <item id="1450980068" name="B3-NK1 MG"/>
  <item id="2579070664" name="Bananenbimse"/>
  <item id="1073427910" name="Bauchknaller (1)"/>
  <item id="3493420792" name="Bauchknaller (2)"/>
  <item id="2404259741" name="Bazillenschleuder"/>
  <item id="944516283" name="Beargwöhnung"/>
  <item id="2170211590" name="Beatcamp"/>
  <item id="1942216144" name="Beben"/>
  <item id="2921094753" name="Beinemacher"/>
  <item id="4089646681" name="Berusschleuder"/>
  <item id="1497118400" name="Beschwingend"/>
  <item id="3945321661" name="Beschwören"/>
  <item id="2306712555" name="Beseel.-Multiabfall"/>
  <item id="3371994809" name="Beseel.-Multischub"/>
  <item id="876669517" name="Betrügerei"/>
  <item id="3037404241" name="Bewegende Brühe"/>
  <item id="420237970" name="Bissige Worte"/>
  <item id="3036796775" name="Bitte nicht stören"/>
  <item id="1843191073" name="Blabberaxt"/>
  <item id="343117738" name="Blabberdresche (1)"/>
  <item id="3251552992" name="Blabberdresche (2)"/>
  <item id="4164362914" name="Blabberhammer"/>
  <item id="2033600285" name="Blabberhaue (1)"/>
  <item id="2167270637" name="Blabberhaue (2)"/>
  <item id="2407143705" name="Blabberpult"/>
  <item id="2409105386" name="Blasenknaller (1)"/>
  <item id="378623568" name="Blasenknaller (2)"/>
  <item id="2685870419" name="Blasentrubel (1)"/>
  <item id="958296297" name="Blasentrubel (2)"/>
  <item id="492047241" name="Blauer Schmatzer"/>
  <item id="2440766251" name="Blendender Blick"/>
  <item id="1428154995" name="Blitz"/>
  <item id="1706391112" name="Blitzattacke"/>
  <item id="3493306446" name="Blitzknauf"/>
  <item id="3420586676" name="Blocken"/>
  <item id="3935307382" name="Blutspende"/>
  <item id="2212138747" name="Bodenexplosion (1)"/>
  <item id="3493909887" name="Bodenexplosion (2)"/>
  <item id="417553727" name="Bombardierung"/>
  <item id="2542149173" name="Bombenhagel (1)"/>
  <item id="3090169829" name="Bombenhagel (2)"/>
  <item id="2392665972" name="Bombenknall"/>
  <item id="4057037261" name="Bombenregen (1)"/>
  <item id="199115950" name="Bombenregen (2)"/>
  <item id="2094625848" name="Bombenregen (3)"/>
  <item id="3595366585" name="Bombenteppich"/>
  <item id="1969893639" name="Brabbelmund"/>
  <item id="2570695530" name="Brabbelrülpser"/>
  <item id="4293213862" name="Brand"/>
  <item id="247597759" name="Brandung (1)"/>
  <item id="1578081036" name="Brandung (2)"/>
  <item id="2932586452" name="Brich (1)"/>
  <item id="665151088" name="Brich (2)"/>
  <item id="3888666509" name="Bruchlandung (1)"/>
  <item id="2126579255" name="Bruchlandung (2)"/>
  <item id="3164639686" name="Bruchlandung (3)"/>
  <item id="3272305401" name="Bruchlandung (4)"/>
  <item id="2917006271" name="Bruchlandung (5)"/>
  <item id="2274681542" name="Bruchlandung (6)"/>
  <item id="338042967" name="Bruchlandung (7)"/>
  <item id="2857775279" name="Bärenlaune"/>
  <item id="3530892027" name="Bärenpranke"/>
  <item id="3821801814" name="Böse Bazillen"/>
  <item id="885268374" name="Dachboden-Blues"/>
  <item id="3054784306" name="Dampframme"/>
  <item id="1266757979" name="Dandylächeln"/>
  <item id="3868685517" name="Dankbarkeitsstrahl (1)"/>
  <item id="2141070711" name="Dankbarkeitsstrahl (2)"/>
  <item id="144250337" name="Dankbarkeitsstrahl (3)"/>
  <item id="2533195842" name="Dankbarkeitsstrahl (4)"/>
  <item id="3791302868" name="Dankbarkeitsstrahl (5)"/>
  <item id="2029248878" name="Dankbarkeitsstrahl (6)"/>
  <item id="177726339" name="Deckung"/>
  <item id="3665096672" name="Disco Infellno"/>
  <item id="3112382332" name="Donnerkeil"/>
  <item id="333147230" name="Donnerlüttchen"/>
  <item id="3297793689" name="Doppelentmutigung"/>
  <item id="4274142799" name="Doppelentrüstung"/>
  <item id="2561517195" name="Doppelrevolution (1)"/>
  <item id="3068372023" name="Doppelrevolution (2)"/>
  <item id="3178117641" name="Dornige Tatzen"/>
  <item id="1668894108" name="Drachenbisse"/>
  <item id="3306043064" name="Drachenfels"/>
  <item id="4167966472" name="Drachenfälle"/>
  <item id="2206546517" name="Drachensalve"/>
  <item id="691608617" name="Draufgänger"/>
  <item id="1373003745" name="Dreifachattacke (1)"/>
  <item id="1221422752" name="Dreifachattacke (2)"/>
  <item id="1675640163" name="Dreifachattacke (3)"/>
  <item id="2063272994" name="Dreifachattacke (4)"/>
  <item id="901421797" name="Dreifachattacke (5)"/>
  <item id="3511371641" name="Dreifachdesaster (1)"/>
  <item id="2357772852" name="Dreifachdesaster (2)"/>
  <item id="2483339372" name="Dreifachdesaster (3)"/>
  <item id="2844981557" name="Dreifachdesaster (4)"/>
  <item id="1752389606" name="Dreiste Teufelei"/>
  <item id="2000440525" name="Du wagst es?!"/>
  <item id="1568548852" name="Dunkeltop"/>
  <item id="4269284268" name="Dunkle Vulkanwaffe"/>
  <item id="1364791448" name="Durchnässt"/>
  <item id="149288073" name="Dämonenfreude"/>
  <item id="209334871" name="Dämonenkracher (1)"/>
  <item id="4051402331" name="Dämonenkracher (2)"/>
  <item id="868425729" name="Dämonenkracher (3)"/>
  <item id="3665974525" name="Dämonenkracher (4)"/>
  <item id="147598958" name="Dämonschlitzer (1)"/>
  <item id="506331161" name="Dämonschlitzer (2)"/>
  <item id="2654676751" name="Düsterer Sturm"/>
  <item id="1697908536" name="Echszentrisch"/>
  <item id="2181646147" name="Echt krasser Hieb"/>
  <item id="1859782796" name="Egozentriker"/>
  <item id="3488692575" name="Eimerwurf"/>
  <item id="698524426" name="Eisenschwinger (1)"/>
  <item id="2964058800" name="Eisenschwinger (2)"/>
  <item id="1924294437" name="Eisenschwinger (3)"/>
  <item id="1909332683" name="Eisenschwinger (4)"/>
  <item id="3493949376" name="Eisentornado"/>
  <item id="3539547125" name="Eiserner Block"/>
  <item id="3715512378" name="Eisige Dusche"/>
  <item id="2210800816" name="Eisiger Abgrund"/>
  <item id="3320549870" name="Eistentakel (1)"/>
  <item id="1222065332" name="Eistentakel (2)"/>
  <item id="174850351" name="Eiweißkick"/>
  <item id="1275386674" name="Elektropuls"/>
  <item id="92054238" name="Elite rufen"/>
  <item id="326899685" name="Endlos-Abbitte"/>
  <item id="1076633610" name="Endstation"/>
  <item id="3544978307" name="Energieschlinger"/>
  <item id="522192700" name="Enmakugel"/>
  <item id="3051124795" name="Enmas Megaladung"/>
  <item id="3716900824" name="Entmutigung"/>
  <item id="3889762062" name="Entrüstung"/>
  <item id="3828113557" name="Erbebenster Dank"/>
  <item id="71572803" name="Erdbeben"/>
  <item id="1183116671" name="Erleuchtung"/>
  <item id="1966807095" name="Erschöpft"/>
  <item id="4251379360" name="Erwachte Hand"/>
  <item id="3617654518" name="Ewige Jugend"/>
  <item id="2241407313" name="Ewiger Albtraum"/>
  <item id="62282581" name="Exkatzibur"/>
  <item id="254566317" name="Explosive Serie! (1)"/>
  <item id="3552463117" name="Explosive Serie! (2)"/>
  <item id="2735121536" name="Falle"/>
  <item id="3535136953" name="Fang des Tages"/>
  <item id="302397560" name="Fatale Flatulenz"/>
  <item id="1615954933" name="Federleichter Hieb"/>
  <item id="500681559" name="Fegen &amp; Wischen"/>
  <item id="2059292588" name="Ferkelfuror"/>
  <item id="3084594369" name="Fescher Wasserfall"/>
  <item id="3648997393" name="Fest verschnürrt"/>
  <item id="971197530" name="Fetter Donnerstrahl"/>
  <item id="3875409895" name="Feuer"/>
  <item id="707857166" name="Feuer Move"/>
  <item id="1835435151" name="Feuerrülpser (1)"/>
  <item id="4076998956" name="Feuerrülpser (2)"/>
  <item id="463724078" name="Feuerrülpser (3)"/>
  <item id="4072700699" name="Feuerrülpser (4)"/>
  <item id="518834347" name="Feuerrülpser (5)"/>
  <item id="1777072189" name="Feuerrülpser (6)"/>
  <item id="3806571583" name="Feuerrülpser (7)"/>
  <item id="2514787497" name="Feuerrülpser (8)"/>
  <item id="192940298" name="Feuerrülpser (9)"/>
  <item id="3886856890" name="Feuerrülpser (10)"/>
  <item id="2427161132" name="Feuerrülpser (11)"/>
  <item id="248455055" name="Feuerrülpser (12)"/>
  <item id="3728863160" name="Feuerrülpser (13)"/>
  <item id="2839994158" name="Feuerrülpser (14)"/>
  <item id="924994189" name="Feuerrülpser (15)"/>
  <item id="3670840074" name="Feuerrülpser (16)"/>
  <item id="2915804060" name="Feuerrülpser (17)"/>
  <item id="867120703" name="Feuerrülpser (18)"/>
  <item id="1818309544" name="Feuerrülpser (19)"/>
  <item id="459670334" name="Feuerrülpser (20)"/>
  <item id="2231539357" name="Feuerrülpser (21)"/>
  <item id="1839421855" name="Feuerrülpser (22)"/>
  <item id="446982409" name="Feuerrülpser (23)"/>
  <item id="2227240106" name="Feuerrülpser (24)"/>
  <item id="3465029604" name="Feuerrülpser (25)"/>
  <item id="1357689415" name="Feuerrülpser (26)"/>
  <item id="3389348694" name="Feuerrülpser (27)"/>
  <item id="3171052480" name="Feuerrülpser (28)"/>
  <item id="3092086085" name="Feuerrülpser (29)"/>
  <item id="1362024560" name="Feuerrülpser (30)"/>
  <item id="724914159" name="Feuerrülpser (31)"/>
  <item id="1546813305" name="Feuerrülpser (32)"/>
  <item id="3260476122" name="Feuerrülpser (33)"/>
  <item id="779770218" name="Feuerrülpser (34)"/>
  <item id="1501391356" name="Feuerrülpser (35)"/>
  <item id="3340368991" name="Feuerrülpser (36)"/>
  <item id="2780287096" name="Feuerrülpser (37)"/>
  <item id="3534807278" name="Feuerrülpser (38)"/>
  <item id="1288992077" name="Feuerrülpser (39)"/>
  <item id="2759178831" name="Feuerrülpser (40)"/>
  <item id="3547499225" name="Feuerrülpser (41)"/>
  <item id="1293295482" name="Feuerrülpser (42)"/>
  <item id="395775080" name="Feuerrülpser (43)"/>
  <item id="1620065534" name="Feuerrülpser (44)"/>
  <item id="4277447005" name="Feuerrülpser (45)"/>
  <item id="320499930" name="Feuerrülpser (46)"/>
  <item id="1679638604" name="Feuerrülpser (47)"/>
  <item id="4202288623" name="Feuerrülpser (48)"/>
  <item id="3281293943" name="Feuersbrunst (1)"/>
  <item id="1520288717" name="Feuersbrunst (2)"/>
  <item id="3120401042" name="Feuersbrunst (3)"/>
  <item id="1559897368" name="Feuerschwanz"/>
  <item id="3497170721" name="Feurige Beere"/>
  <item id="1555643389" name="Feuriger Taifun"/>
  <item id="4014219899" name="Fiesage"/>
  <item id="3281859222" name="Finale (2)"/>
  <item id="203504411" name="Finsternis"/>
  <item id="3210561736" name="Fischers Faust (1)"/>
  <item id="643045746" name="Fischers Faust (2)"/>
  <item id="2843533688" name="Fischige Heilung"/>
  <item id="3403289056" name="Flammender Blick"/>
  <item id="958674163" name="Flammenfaust"/>
  <item id="161756710" name="Flederballade"/>
  <item id="845038024" name="Fliegende Federn"/>
  <item id="4215426399" name="Fliegende Pfoten"/>
  <item id="4146993964" name="Fliegender Start"/>
  <item id="4160323398" name="Flipp Aus"/>
  <item id="2777999056" name="Fluch der Gefallenen"/>
  <item id="807996131" name="Fluchwelle"/>
  <item id="3761975315" name="Flut"/>
  <item id="1829912453" name="Flutwellen"/>
  <item id="3381003669" name="Fressorgie"/>
  <item id="3953735438" name="Freudentanz"/>
  <item id="412227665" name="Frisch gepresst"/>
  <item id="4207816777" name="Frischreiseffekt"/>
  <item id="184818023" name="Frohsinnsaura (1)"/>
  <item id="2326100189" name="Frohsinnsaura (2)"/>
  <item id="1100236275" name="Frost (1)"/>
  <item id="3566822306" name="Funkenschock"/>
  <item id="395379344" name="Furchtbar plump"/>
  <item id="616748332" name="Fährmannlied (1)"/>
  <item id="3184231574" name="Fährmannlied (2)"/>
  <item id="3754172590" name="Füllhorn"/>
  <item id="520842696" name="G-Doppelrevolution (1)"/>
  <item id="826634100" name="G-Doppelrevolution (2)"/>
  <item id="3154518593" name="Galaktische Lüge"/>
  <item id="2289631796" name="Ganz harmlos (1)"/>
  <item id="3635712903" name="Ganz harmlos (2)"/>
  <item id="2299599484" name="Gar nicht komisch"/>
  <item id="4046349840" name="Geballter Schuss"/>
  <item id="2713206555" name="Geh auf Ganzo!"/>
  <item id="1100176424" name="Geheime Befehle!"/>
  <item id="34154359" name="Geisterflammen"/>
  <item id="421422407" name="Geisterreigen (1)"/>
  <item id="1041314959" name="Geisterreigen (2)"/>
  <item id="826348203" name="Geiz ist ungesund"/>
  <item id="1866818728" name="Geladene Attacke (1)"/>
  <item id="1985893865" name="Geladene Attacke (2)"/>
  <item id="2139843560" name="Gerade Saselkugel"/>
  <item id="3336941579" name="Gesegneter Biss"/>
  <item id="612257015" name="Gewitterfront (1)"/>
  <item id="57744703" name="Gewitterfront (2)"/>
  <item id="3885257382" name="Gib alles"/>
  <item id="3878892534" name="Gib das her!"/>
  <item id="1785987868" name="Giergriffel"/>
  <item id="2772452049" name="Giftbeseelung"/>
  <item id="303333181" name="Giftschwaden"/>
  <item id="450278254" name="Glitzertatzen"/>
  <item id="2281461167" name="Glücklichmacher"/>
  <item id="4249643406" name="Glücksgefühl"/>
  <item id="1544485452" name="Gold-heilig-Heulen"/>
  <item id="3692961906" name="Goldabreibung"/>
  <item id="2722496565" name="Goldener Blitzstrahl"/>
  <item id="1948024433" name="Goldener Traum"/>
  <item id="1838948085" name="Goldkatzenschlaf (1)"/>
  <item id="4124976811" name="Goldkatzenschlaf (2)"/>
  <item id="3478763459" name="Goldkatzensturz"/>
  <item id="1647158102" name="Goldmünzinferno"/>
  <item id="1648788707" name="Goldrausch"/>
  <item id="4057870958" name="Goldschauerpfoten"/>
  <item id="3320655044" name="Goldseelenknacker"/>
  <item id="341390745" name="Gorilla-Gerade"/>
  <item id="3817319518" name="Gr. Abwehrschub"/>
  <item id="3654665352" name="Gr. Angriffsschub"/>
  <item id="1461603545" name="Greif zu"/>
  <item id="2131248037" name="Grillferkel (1)"/>
  <item id="2240360222" name="Grillferkel (2)"/>
  <item id="4084229273" name="Großer Abgang"/>
  <item id="2718335244" name="Großer Abwehrfall"/>
  <item id="2555701722" name="Großer Angriffsfall"/>
  <item id="2447998683" name="Großer TMP-Schub"/>
  <item id="3496498057" name="Großer Tempofall"/>
  <item id="1834033504" name="Großer Wurf"/>
  <item id="611089186" name="Großmaul"/>
  <item id="299645092" name="Gruß aus Nippon"/>
  <item id="1737762937" name="Guillotine (1)"/>
  <item id="1139042195" name="Gut gebrüllt"/>
  <item id="2593467551" name="Guten Appetit"/>
  <item id="3486203809" name="Götterschlag"/>
  <item id="2003889239" name="Göttlicher Gletscher (1)"/>
  <item id="3465230271" name="Göttlicher Gletscher (2)"/>
  <item id="105073081" name="Haaatschi"/>
  <item id="1023990135" name="Haarstrecker (1)"/>
  <item id="129396217" name="Haarstrecker (2)"/>
  <item id="1485796530" name="Hagel"/>
  <item id="1943099832" name="Hagelschlag"/>
  <item id="3230350213" name="Hagelsturm"/>
  <item id="4108725285" name="Haingeigelt"/>
  <item id="3976130873" name="Hals- und Beinbruch (1)"/>
  <item id="1979162755" name="Hals- und Beinbruch (2)"/>
  <item id="49319957" name="Hals- und Beinbruch (3)"/>
  <item id="2610334987" name="Hammerstrahl (1)"/>
  <item id="156573683" name="Hammerstrahl (2)"/>
  <item id="2421968457" name="Hammerstrahl (3)"/>
  <item id="3881533151" name="Hammerstrahl (4)"/>
  <item id="2034232188" name="Hammerstrahl (5)"/>
  <item id="238607338" name="Hammerstrahl (6)"/>
  <item id="2536606288" name="Hammerstrahl (7)"/>
  <item id="1668889868" name="Hasserfüllt"/>
  <item id="512625493" name="Hastdudasgesehn"/>
  <item id="538407034" name="Heilende Beseelung"/>
  <item id="2993496264" name="Heilendes Lächeln"/>
  <item id="710161084" name="Heiliger Goldhieb"/>
  <item id="1822311059" name="Heiliger Hieb (1)"/>
  <item id="4156746553" name="Heiliger Hieb (2)"/>
  <item id="3802401054" name="Heiliges Heulen (1)"/>
  <item id="4066798557" name="Heiliges Heulen (2)"/>
  <item id="329533060" name="Heilkreis"/>
  <item id="2702651012" name="Heißwasser"/>
  <item id="2931500506" name="Helmpflicht"/>
  <item id="2949856658" name="Her damit! (1)"/>
  <item id="2051773861" name="Her damit! (2)"/>
  <item id="2509042713" name="Her damit! (3)"/>
  <item id="210085283" name="Her damit! (4)"/>
  <item id="2072155445" name="Her damit! (5)"/>
  <item id="3857055894" name="Her damit! (6)"/>
  <item id="2464231424" name="Her damit! (7)"/>
  <item id="1256794387" name="Hereinspaziert"/>
  <item id="2909999827" name="Herzerweichend"/>
  <item id="4189711294" name="Hier, Goldkätzchen!"/>
  <item id="377192576" name="Hier, Kätzchen!"/>
  <item id="1951596671" name="Hier, hier!"/>
  <item id="1913392542" name="Himmelsherz"/>
  <item id="1172976594" name="Hin und her"/>
  <item id="1685042970" name="Hinov. Herz &amp; Seele (1)"/>
  <item id="325617548" name="Hinov. Herz &amp; Seele (2)"/>
  <item id="243340378" name="Hitzewelle"/>
  <item id="4283121012" name="Hochform"/>
  <item id="574843154" name="Hoppel Blaster"/>
  <item id="513555584" name="Hornkollision"/>
  <item id="603723056" name="Hornrempler"/>
  <item id="303304621" name="Hornsuperstoß"/>
  <item id="3672038229" name="Hundestampfer"/>
  <item id="1907631430" name="Hurra!"/>
  <item id="1130519129" name="Häschenstrahl"/>
  <item id="3199998830" name="Hölle aufmischen"/>
  <item id="1525940681" name="Höllische Kneifer"/>
  <item id="4220131544" name="Höllischer Druck"/>
  <item id="1561620490" name="Höllischer Knall (1)"/>
  <item id="1729795830" name="Höllischer Knall (2)"/>
  <item id="3557652220" name="Höllischer Knall (3)"/>
  <item id="453707368" name="Hüftkracher"/>
  <item id="1481911944" name="Ich kröte euch!"/>
  <item id="912837239" name="Immer mit der Rute"/>
  <item id="4027267408" name="Immer schön artig"/>
  <item id="2316803957" name="In mein Büro, sofort! (1)"/>
  <item id="1952493390" name="In mein Büro, sofort! (2)"/>
  <item id="822689653" name="In mein Büro, sofort! (3)"/>
  <item id="2818600655" name="In mein Büro, sofort! (4)"/>
  <item id="3741802073" name="In mein Büro, sofort! (5)"/>
  <item id="3304226078" name="In mein Büro, sofort! (6)"/>
  <item id="4127075260" name="Infellno"/>
  <item id="3198553344" name="Inferno (3)"/>
  <item id="1332487214" name="Inneres Bedürfnis"/>
  <item id="1930732377" name="Inspirationsangriffe (1)"/>
  <item id="68391887" name="Inspirationsangriffe (2)"/>
  <item id="3109509109" name="Irrer Paradehagel"/>
  <item id="2522771911" name="Irrfahrt"/>
  <item id="3398132003" name="Jackpot-Tanz (1)"/>
  <item id="3686620939" name="Jackpot-Tanz (2)"/>
  <item id="3412407345" name="Jammerschwall"/>
  <item id="2740653759" name="Jenseitswinde"/>
  <item id="2963023545" name="Jetzt reicht's!"/>
  <item id="4182605285" name="Jetzt wird's böse"/>
  <item id="553180760" name="Jibalzebub-Braten (1)"/>
  <item id="3119615970" name="Jibalzebub-Braten (2)"/>
  <item id="3472277364" name="Jibalzebub-Braten (3)"/>
  <item id="1653648209" name="Jibalzebubs Poltern"/>
  <item id="2027631442" name="Juckreiz"/>
  <item id="3534843707" name="Kaiserbolero"/>
  <item id="406020924" name="Kaiserdonner"/>
  <item id="2386671797" name="Kaiserfrontalangriff"/>
  <item id="1697361187" name="Kaiserschlag"/>
  <item id="3743948876" name="Kaiserschuss 360"/>
  <item id="2588051099" name="Kaiserschuss Nr. 3"/>
  <item id="3833728134" name="Kaiserschuss Nr. 9"/>
  <item id="2774819825" name="Kaiserzeit"/>
  <item id="2324169797" name="Kalte Keule (1)"/>
  <item id="3812261349" name="Kalte Keule (2)"/>
  <item id="2463249959" name="Kalte Klauen"/>
  <item id="3910872986" name="Kaltes Händchen"/>
  <item id="654522256" name="Kanalwechsel"/>
  <item id="1427340886" name="Kariesschmerz (1)"/>
  <item id="296494965" name="Kariesschmerz (2)"/>
  <item id="1105288293" name="Kariesschmerz (3)"/>
  <item id="586292122" name="Karnevalhagel"/>
  <item id="406206695" name="Kataklysmus"/>
  <item id="1559889358" name="Katzenhieb (1)"/>
  <item id="1368213547" name="Katzenhieb (2)"/>
  <item id="2337926699" name="Katzenhieb (3)"/>
  <item id="485092306" name="Katzenhieb (4)"/>
  <item id="2704678507" name="Katzenschläfchen (1)"/>
  <item id="1758578653" name="Katzenschläfchen (2)"/>
  <item id="248997891" name="Katzensturz"/>
  <item id="3977428625" name="Kernyattacke"/>
  <item id="754913265" name="Keule der Wut (1)"/>
  <item id="2976148529" name="Keule der Wut (2)"/>
  <item id="2716427963" name="Keulenklopper"/>
  <item id="2981984016" name="Kick Kat (1)"/>
  <item id="1792601233" name="Kieselstein"/>
  <item id="1298968097" name="Klingen der Reue (1)"/>
  <item id="3235471778" name="Klingen der Reue (2)"/>
  <item id="1199549153" name="Klingen der Reue (3)"/>
  <item id="3985272922" name="Klingen der Reue (4)"/>
  <item id="1797004116" name="Klingensturm"/>
  <item id="2443393529" name="Knallrote Kapsel (1)"/>
  <item id="3869509999" name="Knallrote Kapsel (2)"/>
  <item id="2142066901" name="Knallrote Kapsel (3)"/>
  <item id="2887417787" name="Knastkeile"/>
  <item id="4236446333" name="Kneifzange"/>
  <item id="1933307546" name="Knochenknaller"/>
  <item id="2407883851" name="Knochenschüttler"/>
  <item id="3755349883" name="Knusperhieb"/>
  <item id="458242900" name="Kolossohaken"/>
  <item id="2009734726" name="Komakanone"/>
  <item id="2384859093" name="Komasurafeuer"/>
  <item id="934962013" name="Kompaktbrecher"/>
  <item id="2989342463" name="Komähne rufen"/>
  <item id="1475366898" name="Konfusion"/>
  <item id="1384091802" name="Konter"/>
  <item id="416351924" name="Kopfnussknall"/>
  <item id="2841334809" name="Kraft der dritten Art"/>
  <item id="3402206809" name="Kraftblinzeln"/>
  <item id="3372803652" name="Krakeidoskop"/>
  <item id="3089523601" name="Krakenbrand"/>
  <item id="769602409" name="Krakenranke"/>
  <item id="4182055333" name="Kralle der Nacht"/>
  <item id="3939702931" name="Krasse Klatsche"/>
  <item id="371577907" name="Kratz-kratz"/>
  <item id="3818731622" name="Krawallmaracas"/>
  <item id="3771017416" name="Kreis der Krankheit"/>
  <item id="3906111766" name="Krexplosion"/>
  <item id="3054881644" name="Kriegsbemalung"/>
  <item id="998513586" name="Krustenknaller"/>
  <item id="4119737453" name="Krähdo"/>
  <item id="3081450256" name="Kuss des Lebens"/>
  <item id="2843848125" name="Käpt‘n Hammer"/>
  <item id="3013755707" name="König der Fischer (1)"/>
  <item id="2741247599" name="König der Fischer (2)"/>
  <item id="980242389" name="König der Fischer (3)"/>
  <item id="3741449603" name="Körperpresse"/>
  <item id="3652691242" name="Körperschlag (1)"/>
  <item id="2764350322" name="Körperschlag (2)"/>
  <item id="2035448567" name="Körperschlag (3)"/>
  <item id="2028610211" name="Kübelkloppe"/>
  <item id="1871787744" name="Kübelprügel"/>
  <item id="1758735453" name="Lachen tut gut"/>
  <item id="540287545" name="Lachnummer"/>
  <item id="3027317708" name="Lahmer Witz"/>
  <item id="559692401" name="Langschlecker (1)"/>
  <item id="1905372098" name="Langschlecker (2)"/>
  <item id="2690752399" name="Laserkrakone"/>
  <item id="4049837215" name="Laserstrahl (1)"/>
  <item id="2656226410" name="Laserstrahl (2)"/>
  <item id="2298686889" name="Lavastampfer"/>
  <item id="546527618" name="Lebensdieb"/>
  <item id="3525577675" name="Lebensklau"/>
  <item id="3661704595" name="Lebensschlecker"/>
  <item id="1053050160" name="Leere Dämonenfaust"/>
  <item id="501303271" name="Leere Taschen"/>
  <item id="4217600958" name="Leersaugen"/>
  <item id="1375628067" name="Legendärer Hieb"/>
  <item id="1172401292" name="Lenkkrakete"/>
  <item id="719527157" name="Liebes Tantchen"/>
  <item id="3564832298" name="Liebesklatscher"/>
  <item id="2499685910" name="Liebesschlecker"/>
  <item id="1437861357" name="Lieder mit Biss"/>
  <item id="772671872" name="Linderndes Glück (1)"/>
  <item id="2126747699" name="Linderndes Glück (2)"/>
  <item id="79831177" name="Luftunterstützung"/>
  <item id="3172869592" name="Lustlose Hiebe"/>
  <item id="2040601807" name="Löwenklinge"/>
  <item id="1021454123" name="Mach's gut-Schlag"/>
  <item id="1828481687" name="Makabres Ding"/>
  <item id="3031513379" name="Mampferstrudel (1)"/>
  <item id="3234487385" name="Mampferstrudel (2)"/>
  <item id="2171878436" name="Man dankt"/>
  <item id="1713730369" name="Massenknaller"/>
  <item id="3877366265" name="Matschmallow (1)"/>
  <item id="2339910264" name="Matschmallow (2)"/>
  <item id="50630080" name="Matschmallow (3)"/>
  <item id="3678077454" name="Mauerfall"/>
  <item id="339084947" name="Megahit"/>
  <item id="1843449768" name="Megamine (1)"/>
  <item id="4031260597" name="Megamumm"/>
  <item id="2954746507" name="Megaschwung"/>
  <item id="731460456" name="Meine Schuld"/>
  <item id="1315518827" name="Meisterhaltung"/>
  <item id="636629473" name="Melonenmanscher"/>
  <item id="3069106868" name="Messer raus (1)"/>
  <item id="1026072423" name="Messer raus (2)"/>
  <item id="1176634587" name="Messerscharf"/>
  <item id="3457175302" name="Meteor (3)"/>
  <item id="1236943053" name="Meteor (4)"/>
  <item id="3822986883" name="Miaufwerter"/>
  <item id="2485734012" name="Miaumiau Blaster"/>
  <item id="1962671849" name="Mine (2)"/>
  <item id="911751596" name="Mini-Whisp-Angriff (1)"/>
  <item id="3245261724" name="Mini-Whisp-Angriff (2)"/>
  <item id="3217954120" name="Mir nach!"/>
  <item id="131019951" name="Miserenkuss"/>
  <item id="1887127221" name="Mittelmäßige Aura"/>
  <item id="1649297057" name="Mjam, mjam, mjam! (1)"/>
  <item id="215265154" name="Mjam, mjam, mjam! (2)"/>
  <item id="1435296215" name="Mjam, mjam, mjam! (3)"/>
  <item id="237470098" name="Mjam, mjam, mjam! (4)"/>
  <item id="132514015" name="Mjam, mjam, mjam! (5)"/>
  <item id="2522743127" name="Mochi-Faust"/>
  <item id="1349654069" name="Monsterwellen"/>
  <item id="1946298703" name="Morgendusche"/>
  <item id="3546123416" name="Mount Fresserest"/>
  <item id="536316934" name="Mount Mampfmore"/>
  <item id="1460939436" name="Mundraub"/>
  <item id="1855526505" name="Mutiger Schnitt"/>
  <item id="1446980609" name="Mächtig Mumm"/>
  <item id="1058858371" name="Mächtige Attacke"/>
  <item id="4280435232" name="Münzinferno"/>
  <item id="3306047016" name="Mürrischer Geist"/>
  <item id="394474821" name="Mütterliche Liebe"/>
  <item id="1059721250" name="Nackenklatsche (1)"/>
  <item id="1877442961" name="Nackenklatsche (2)"/>
  <item id="879829864" name="Nasenstüber"/>
  <item id="3586423304" name="Neerdbeben"/>
  <item id="2103328367" name="Negative Aura"/>
  <item id="2872977639" name="Neidhammer"/>
  <item id="1094989890" name="Nervenkitzel"/>
  <item id="908537394" name="Nerviger Staub"/>
  <item id="1226907162" name="Niagarattacke"/>
  <item id="392124380" name="Nickerchen"/>
  <item id="2182836374" name="Niederstarren"/>
  <item id="1320251400" name="Nieselregen"/>
  <item id="2536904991" name="Nokolächeln"/>
  <item id="1212745298" name="Nordwind"/>
  <item id="2083923495" name="Normalo"/>
  <item id="871122077" name="Notfalltreffen (1)"/>
  <item id="3954846928" name="Notfalltreffen (2)"/>
  <item id="3730540948" name="Notfalltreffen (3)"/>
  <item id="1196611630" name="Notfalltreffen (4)"/>
  <item id="810936504" name="Notfalltreffen (5)"/>
  <item id="1563772651" name="Nyanballwirbel"/>
  <item id="2026439815" name="Nyasenbruch"/>
  <item id="517939813" name="Nö, nö, nö"/>
  <item id="562781723" name="Oh ja!"/>
  <item id="2627405902" name="Oh, wie süß!"/>
  <item id="4000354141" name="Omai-Kanone"/>
  <item id="3964150863" name="Oni-Bombe (1)"/>
  <item id="2614556351" name="Oni-Bombe (2)"/>
  <item id="7584464" name="Oni-Bombe (3)"/>
  <item id="2071308993" name="Oni-Gemetzel (1)"/>
  <item id="3799841659" name="Oni-Gemetzel (2)"/>
  <item id="4012375494" name="Oni-Gemetzel (3)"/>
  <item id="1982770300" name="Oni-Gemetzel (4)"/>
  <item id="19504362" name="Oni-Gemetzel (5)"/>
  <item id="1972227684" name="Oni-Massaker (1)"/>
  <item id="3968114654" name="Oni-Massaker (2)"/>
  <item id="2267754949" name="Onigiri-Hieb"/>
  <item id="1052848030" name="Operation Ω (1)"/>
  <item id="2850215712" name="Oskar rufen"/>
  <item id="3978387077" name="Panjutsu-Meister"/>
  <item id="3704177688" name="Panjutsu-Schüler"/>
  <item id="3833381052" name="Papperlapapp"/>
  <item id="1841587895" name="Paradies"/>
  <item id="3257603268" name="Paradieswind"/>
  <item id="679895051" name="Peinlich berührt"/>
  <item id="3366781752" name="Peli-Cancan"/>
  <item id="4015396270" name="Perfekte Tatzen"/>
  <item id="2462769812" name="Perfekter Kreis"/>
  <item id="2098141023" name="Pfannihiliert (1)"/>
  <item id="2119801867" name="Pfannihiliert (2)"/>
  <item id="2911723406" name="Pfannihiliert (3)"/>
  <item id="60486652" name="Pfannihiliert (4)"/>
  <item id="870733528" name="Platin-Silber-Pistole"/>
  <item id="2211231552" name="Platz!"/>
  <item id="4263716156" name="Pokerface"/>
  <item id="1240097613" name="Power-Attacke (1)"/>
  <item id="1357992460" name="Power-Attacke (2)"/>
  <item id="280240364" name="Power-Pfote"/>
  <item id="4194262033" name="Powerpranke"/>
  <item id="2240487044" name="Prachtabschied"/>
  <item id="3098028497" name="Prahltanz"/>
  <item id="1597116945" name="Prankenprassler"/>
  <item id="2357705898" name="Premium-Schocker"/>
  <item id="2369337286" name="Provozieren"/>
  <item id="4283125220" name="Präziser Schutz"/>
  <item id="218774966" name="Putziges Maunzen"/>
  <item id="2114089961" name="Quarterback Sack (1)"/>
  <item id="3277192733" name="Raketenschlag (1)"/>
  <item id="3864773918" name="Raketenschlag (2)"/>
  <item id="3189901912" name="Raketenschrauber"/>
  <item id="297431186" name="Rattatata"/>
  <item id="29429886" name="Rausch in Rente"/>
  <item id="1960794102" name="Regenerieren"/>
  <item id="3139633213" name="Reine Unkenntnis"/>
  <item id="4203556524" name="Reingesaugt"/>
  <item id="645735384" name="Reinigen!"/>
  <item id="1049433248" name="Reisball"/>
  <item id="3350075897" name="Reisregen"/>
  <item id="1040258703" name="Reißender Strom"/>
  <item id="3122501057" name="Riesenfalle"/>
  <item id="222896979" name="Riesenfluchwelle"/>
  <item id="3546162262" name="Riesenhunger (1)"/>
  <item id="3468333513" name="Riesenhunger (2)"/>
  <item id="3680704193" name="Riesenhunger (3)"/>
  <item id="3284081393" name="Robonyan rufen"/>
  <item id="2834722686" name="Rubinruintatzen"/>
  <item id="720448288" name="Rumgeheule"/>
  <item id="936120608" name="Räucherspeck (1)"/>
  <item id="2932162714" name="Räucherspeck (2)"/>
  <item id="792148216" name="Rückgratlos"/>
  <item id="1922282251" name="Rückzugsattacke"/>
  <item id="4131783524" name="Rüsselschelle"/>
  <item id="384511245" name="Saft- &amp; kraftlos"/>
  <item id="3997044198" name="Sag Aaah! (1)"/>
  <item id="321669196" name="Sag Aaah! (2)"/>
  <item id="451791105" name="Sag Aaah! (3)"/>
  <item id="2320809054" name="Sag Aaah! (4)"/>
  <item id="535171869" name="Samba-Karnival"/>
  <item id="676398177" name="Samurai-Stakkato"/>
  <item id="3301004619" name="Sandlawine"/>
  <item id="196392928" name="Sasel-Bombe"/>
  <item id="3969907068" name="Sasel-Nagel (1)"/>
  <item id="3653790684" name="Sasel-Nagel (2)"/>
  <item id="1153419231" name="Sasel-Tentakelhieb"/>
  <item id="1474447260" name="Sasel-Vorsprung"/>
  <item id="366299279" name="Saugermacher"/>
  <item id="1116504027" name="Scharfer Einwand"/>
  <item id="3092814631" name="Schattenbohrer"/>
  <item id="618215244" name="Schattendrache"/>
  <item id="894786703" name="Schattengerade"/>
  <item id="2721257207" name="Schattenreich"/>
  <item id="3584446988" name="Schattenschnitt"/>
  <item id="3905321916" name="Schattentanz"/>
  <item id="2357600404" name="Schattentempo"/>
  <item id="2005467299" name="Schattenwelt"/>
  <item id="1470708186" name="Schauerpfoten"/>
  <item id="2650857215" name="Schaumfaust (1)"/>
  <item id="1622720939" name="Schaumfaust (2)"/>
  <item id="4098846002" name="Schaumfeger (1)"/>
  <item id="3282995873" name="Schaumfeger (2)"/>
  <item id="1989796358" name="Schaumhauch (1)"/>
  <item id="4019237820" name="Schaumhauch (2)"/>
  <item id="365711796" name="Schaumhauch (3)"/>
  <item id="2361720846" name="Schaumhauch (4)"/>
  <item id="4223807640" name="Schaumhauch (5)"/>
  <item id="1705420091" name="Schaumhauch (6)"/>
  <item id="487725099" name="Schaumschlag"/>
  <item id="1345390800" name="Schicksalswurf"/>
  <item id="964671710" name="Schild"/>
  <item id="2063676302" name="Schimmerschnee"/>
  <item id="1306410170" name="Schirmherrschaft"/>
  <item id="847848866" name="Schirmokko (1)"/>
  <item id="1648669713" name="Schirmokko (2)"/>
  <item id="3103326433" name="Schlafentzug"/>
  <item id="3422750888" name="Schlaflied"/>
  <item id="1139021571" name="Schlafschwaden"/>
  <item id="1941139900" name="Schlaghetti"/>
  <item id="3838085871" name="Schlagserie"/>
  <item id="2813729738" name="Schlapper Schnitt"/>
  <item id="2769695883" name="Schlauch ich euch"/>
  <item id="1169890018" name="Schlechtes Karma"/>
  <item id="3261598241" name="Schleck &amp; Schnapp"/>
  <item id="450472114" name="Schluck-Derwisch"/>
  <item id="3334865329" name="Schlummernebel"/>
  <item id="1286677891" name="Schlürfer"/>
  <item id="3066243928" name="Schmutziger Trick (1)"/>
  <item id="3859725035" name="Schmutziger Trick (2)"/>
  <item id="2765707128" name="Schnatterschlag"/>
  <item id="992174089" name="Schnodderschlag"/>
  <item id="2229470924" name="Schockangriff"/>
  <item id="388165829" name="Schockball"/>
  <item id="870399466" name="Schockfrosten"/>
  <item id="3042752157" name="Schockstampfer"/>
  <item id="11077686" name="Schockwellen"/>
  <item id="3841656063" name="Schrubber"/>
  <item id="1070495100" name="Schuldenberg"/>
  <item id="2149327980" name="Schulterstaucher"/>
  <item id="644558808" name="Schultersturz"/>
  <item id="31967988" name="Schuss Nr. 3"/>
  <item id="1725168548" name="Schuss Nr. 360"/>
  <item id="2133278953" name="Schuss Nr. 9"/>
  <item id="2882626391" name="Schussbahn"/>
  <item id="2830434571" name="Schwanzschlag"/>
  <item id="763507430" name="Schweinebombe (1)"/>
  <item id="3029033820" name="Schweinebombe (2)"/>
  <item id="3931818149" name="Schweinebraten (1)"/>
  <item id="1934858527" name="Schweinebraten (2)"/>
  <item id="478183076" name="Schweinehitze"/>
  <item id="3604687211" name="Schwitzblockade"/>
  <item id="3456392274" name="Schämonenfluch"/>
  <item id="3938529094" name="Schönheitswahn"/>
  <item id="1112270727" name="Seelenknacker"/>
  <item id="4062400118" name="Seelensauger"/>
  <item id="1076646042" name="Seetang-Samba"/>
  <item id="2302686028" name="Sei verflucht!"/>
  <item id="3102422836" name="Selbstzerstörung (1)"/>
  <item id="378203020" name="Selbstzerstörung (2)"/>
  <item id="1584808927" name="Selbstzerstörung (3)"/>
  <item id="1620229055" name="Seliger Goldbiss"/>
  <item id="366643021" name="Shogun-Mondhieb (1)"/>
  <item id="416431253" name="Shogun-Mondhieb (2)"/>
  <item id="2897553758" name="Shogun-Mondhieb (3)"/>
  <item id="4161088964" name="Shogun-Mondhieb (4)"/>
  <item id="488223549" name="Shogun-Mondhieb (5)"/>
  <item id="1082874801" name="Siiiiiiiieg!"/>
  <item id="1026376920" name="So geht's aus"/>
  <item id="1154679466" name="Sohlenschmerz"/>
  <item id="3113293993" name="Sonneneruption"/>
  <item id="1617325679" name="Spaltkrapfen"/>
  <item id="3001767417" name="Spiegelabwehr"/>
  <item id="580128120" name="Spiegelgeist"/>
  <item id="716322245" name="Spinnenkracher"/>
  <item id="399645813" name="Spinnenschlag"/>
  <item id="2906106067" name="Spiralhieb (1)"/>
  <item id="3331433540" name="Spiralhieb (2)"/>
  <item id="1645290820" name="Spitzer Stocher"/>
  <item id="4194082609" name="Sprintattacke"/>
  <item id="3927831267" name="Staatsgewalt"/>
  <item id="720658487" name="Stab der Leere"/>
  <item id="2989375021" name="Stachelbombe"/>
  <item id="1908685463" name="Stahlschutz"/>
  <item id="141252053" name="Starrsinn"/>
  <item id="1113287457" name="Stichhagel"/>
  <item id="1408843737" name="Stichsalve"/>
  <item id="795218376" name="Stinkender Smog"/>
  <item id="459877996" name="Stochersalve"/>
  <item id="750522644" name="Stockschwerenot"/>
  <item id="1597137537" name="Stoppelbarriere"/>
  <item id="2799567746" name="Strahlemann"/>
  <item id="3068329113" name="Straßenrennen"/>
  <item id="3047974890" name="Stromschlag"/>
  <item id="4179624274" name="Stromschnellen"/>
  <item id="1658855193" name="Sträflingstalent"/>
  <item id="1243681919" name="Sträflingstritt"/>
  <item id="1017199054" name="Sturmfrisur"/>
  <item id="1345419328" name="Sturz ins Unglück"/>
  <item id="3026387993" name="Sumostampfer"/>
  <item id="3160109968" name="Super-Giftbeseel."/>
  <item id="3466799081" name="Superdobbelbiss"/>
  <item id="957104443" name="Superheilung"/>
  <item id="504566515" name="Superturbo! (1)"/>
  <item id="3827052432" name="Superturbo! (2)"/>
  <item id="2468028166" name="Superturbo! (3)"/>
  <item id="2509653710" name="Süße Tatzen"/>
  <item id="2122596019" name="Tagtraum"/>
  <item id="1232457561" name="Tastaturabsturz"/>
  <item id="1401495560" name="Tatzen des Krawalls"/>
  <item id="454635965" name="Tatzen des Zorns (1)"/>
  <item id="1008099445" name="Tatzen des Zorns (2)"/>
  <item id="3574799970" name="Tatzenhiebe"/>
  <item id="966920505" name="Tauchplanscher"/>
  <item id="2805545753" name="Tauchspritzer"/>
  <item id="3746698145" name="Technik des Bösen"/>
  <item id="3379782344" name="Tempofall"/>
  <item id="241694792" name="Tempohaltung"/>
  <item id="2297581466" name="Temposchub"/>
  <item id="1817867640" name="Tentakeldebakel"/>
  <item id="2510951981" name="Tentakelrempler"/>
  <item id="3981676097" name="Teufelskreis"/>
  <item id="3206115618" name="Tief und fest"/>
  <item id="3526769694" name="Tiefblaue Tatzen"/>
  <item id="2476216975" name="Tiefenbohrung"/>
  <item id="1538802313" name="Tiefgrüne Kapsel"/>
  <item id="3799219427" name="Tiefschwarze Kapsel (1)"/>
  <item id="2071604569" name="Tiefschwarze Kapsel (2)"/>
  <item id="209526223" name="Tiefschwarze Kapsel (3)"/>
  <item id="2451146860" name="Tiefschwarze Kapsel (4)"/>
  <item id="2877109762" name="Tigerbombe"/>
  <item id="860095386" name="Tintenkleckse (1)"/>
  <item id="1708177260" name="Tintenkleckse (2)"/>
  <item id="86770955" name="Tobsuchtsanfall"/>
  <item id="601928762" name="Tornado (2)"/>
  <item id="3670618938" name="Tosender Beifall"/>
  <item id="426670742" name="Total verlegen"/>
  <item id="2192456952" name="Toxische Finte"/>
  <item id="1649560369" name="Traubentraum"/>
  <item id="1522777177" name="Traumsperre"/>
  <item id="126626378" name="Trio-Power"/>
  <item id="471546701" name="Trostpreis"/>
  <item id="1536956801" name="Trübe Aussichten"/>
  <item id="1987909428" name="Turbokrakenranke"/>
  <item id="1962056633" name="Turboschwanz"/>
  <item id="3969786535" name="Täuschtanz (1)"/>
  <item id="865812806" name="Täuschtanz (2)"/>
  <item id="3224125502" name="Ulknudel"/>
  <item id="543459743" name="Ultra-Kraftfeld"/>
  <item id="2687779341" name="Umverteilung"/>
  <item id="3796497363" name="Unbesiegbarhaltung"/>
  <item id="641337064" name="Unüberhörbar"/>
  <item id="3864734654" name="Unüberwindlich"/>
  <item id="2573015958" name="Uuund ausatmen"/>
  <item id="1226056532" name="Vaderbolero"/>
  <item id="3591130369" name="Verbandskasten"/>
  <item id="2417179491" name="Verdrehte Liebe"/>
  <item id="2980386753" name="Verfluchte Seiten"/>
  <item id="1385244561" name="Vergeltung"/>
  <item id="1246646952" name="Vergiss es"/>
  <item id="4052173894" name="Verheerschlag"/>
  <item id="1287005426" name="Verjüngungskur"/>
  <item id="3098583872" name="Verkrakte Erde (1)"/>
  <item id="565834490" name="Verkrakte Erde (2)"/>
  <item id="1455342188" name="Verkrakte Erde (3)"/>
  <item id="3369752527" name="Verkrakte Erde (4)"/>
  <item id="3218958169" name="Verkrakte Erde (5)"/>
  <item id="651441891" name="Verkrakte Erde (6)"/>
  <item id="3489596286" name="Vernichterstrahl"/>
  <item id="2026468375" name="Verrückter Blitz"/>
  <item id="3900884221" name="Verschwinden"/>
  <item id="784025070" name="Verteilerstation"/>
  <item id="3523087127" name="Verwirrtanz"/>
  <item id="2211760043" name="Verworrenes Netz"/>
  <item id="1263949105" name="Vitaalitätsschub"/>
  <item id="3851623607" name="Voll aufgedreht"/>
  <item id="3992337135" name="Volle Blüte"/>
  <item id="2649952262" name="Volles Rohr!"/>
  <item id="2985574129" name="Väterlicher Zorn"/>
  <item id="837183760" name="Völlerei"/>
  <item id="2461209634" name="Völlig sorglos"/>
  <item id="988546042" name="Wackelwalzer"/>
  <item id="2542887588" name="Wadenbeißer"/>
  <item id="2252548493" name="Wardawas?"/>
  <item id="1665837322" name="Warzenprügel (1)"/>
  <item id="980177405" name="Warzenprügel (2)"/>
  <item id="275325661" name="Warzenprügel (3)"/>
  <item id="3676911067" name="Was guckst du so"/>
  <item id="2604338908" name="Was wird es sein? (1)"/>
  <item id="3376454404" name="Was wird es sein? (2)"/>
  <item id="724397286" name="Was wird es sein? (3)"/>
  <item id="2577368929" name="Was wird es sein? (4)"/>
  <item id="970554680" name="Wasserfall (1)"/>
  <item id="3336972501" name="Wasserfall (2)"/>
  <item id="1779671472" name="Wasserfall (3)"/>
  <item id="2540788387" name="Wasserfall (4)"/>
  <item id="463426096" name="Wasserfall (5)"/>
  <item id="1775908422" name="Wasserstrahl"/>
  <item id="1319323613" name="Wasserwall"/>
  <item id="2780909793" name="Wauwau Blaster"/>
  <item id="557236387" name="Weg hier (1)"/>
  <item id="1374721924" name="Weg hier (2)"/>
  <item id="2759732419" name="Weggetreten"/>
  <item id="1228089807" name="Weil du’s bist"/>
  <item id="3211357939" name="Wellenschneider"/>
  <item id="1368290546" name="Welpen Tatzen"/>
  <item id="30164622" name="Werfer Aufladung"/>
  <item id="4260041269" name="Wie aus Kübeln"/>
  <item id="1878068769" name="Wilde Raserei"/>
  <item id="56704831" name="Wilder Fluss (1)"/>
  <item id="1403825804" name="Wilder Fluss (2)"/>
  <item id="3963181340" name="Wilder Wirbel (1)"/>
  <item id="3170158767" name="Wilder Wirbel (2)"/>
  <item id="2118742928" name="Wildes Wasser"/>
  <item id="2984642852" name="Windeseile"/>
  <item id="989562235" name="Windstoß"/>
  <item id="2263110198" name="Wirrsinn"/>
  <item id="1622215173" name="Wirrvisage"/>
  <item id="3518830066" name="Wohl bekomms! (1)"/>
  <item id="3958888048" name="Wohl bekomms! (2)"/>
  <item id="2381199580" name="Wolkenkontrolle"/>
  <item id="1773941781" name="Wolliger Wall"/>
  <item id="3900222942" name="Wuchtrempler"/>
  <item id="1717259146" name="Wundertüte"/>
  <item id="3257623636" name="Wunderwall"/>
  <item id="2358515521" name="Wutausbruch"/>
  <item id="443623925" name="Wächterimitation"/>
  <item id="3764825000" name="Würgtoplasma"/>
  <item id="1116475211" name="Wütender Kreuzhieb"/>
  <item id="216099614" name="Yo-kai erscheint"/>
  <item id="106571024" name="Yo-kai rufen (1)"/>
  <item id="1767001389" name="Yo-kai rufen (2)"/>
  <item id="4032502935" name="Yo-kai rufen (3)"/>
  <item id="2270964737" name="Yo-kai rufen (4)"/>
  <item id="1967608077" name="Yo-kaimat-ERFOLG"/>
  <item id="1881354151" name="Yo-kaimat-FEHLER"/>
  <item id="4047701541" name="Yo-kaimat-Move"/>
  <item id="1077811167" name="Zahnmaul"/>
  <item id="2509649502" name="Zapfenhagel"/>
  <item id="2476651065" name="Zauberbinder"/>
  <item id="2887453339" name="Zentaurenauge"/>
  <item id="2549475254" name="Zentraler Move"/>
  <item id="3446345952" name="Zerhäcksler"/>
  <item id="68823126" name="Zerstörungsbälle (1)"/>
  <item id="109717787" name="Zerstörungsbälle (2)"/>
  <item id="586109871" name="Zerstörungsbälle (3)"/>
  <item id="3496078750" name="Zerstörungsbälle (4)"/>
  <item id="2277748198" name="Zerstörungsbälle (5)"/>
  <item id="3585369561" name="Zirpulärschnitt"/>
  <item id="3408276180" name="Zitternasenklaps"/>
  <item id="3626306940" name="Zufallsverbindung"/>
  <item id="44981452" name="Zum Fenster raus"/>
  <item id="1942187629" name="Zusammenbruch"/>
  <item id="2673033031" name="Zwiespalter (1)"/>
  <item id="1178778072" name="Zwiespalter (2)"/>
  <item id="1641615949" name="Zyklonfächer"/>
  <item id="2568881523" name="Äh... Moment mal"/>
  <item id="1679753621" name="Ödniswelle"/>
  <item id="971023553" name="Ölpest (1)"/>
  <item id="3258191775" name="Ölpest (2)"/>
  <item id="2407780125" name="Übelbrühe"/>
  <item id="1290210754" name="Übernächtigt"/>
  <item id="1530618426" name="Überraschung!"/>
  <item id="1770522826" name="Üble Kanone"/>
  <item id="1180768830" name="☆Funkelchaos"/>
  <item id="3748752576" name="☆Prismaschirm"/>
  <item id="3792782704" name="☆Schick-Schauer"/>
  <item id="2030462836" name="☆Stilvoller Stich"/>
</items>
