<?xml version="1.0" encoding="utf-8"?>
<items>
  <item id="3493734398" name="Green Cicada"/>
  <item id="3460879014" name="★Green Cicada"/>
  <item id="1228371524" name="Brown Cicada"/>
  <item id="1463911196" name="★Brown Cicada"/>
  <item id="1043351250" name="Evening Cicada"/>
  <item id="541504394" name="★Evening Cicada"/>
  <item id="2689913713" name="Rhino Beetle"/>
  <item id="2969153051" name="★Rhino Beetle"/>
  <item id="3612599271" name="Dorcus Stag"/>
  <item id="3355352717" name="★Dorcus Stag"/>
  <item id="1314566749" name="Sawtooth Stag"/>
  <item id="2500818410" name="★Sawtooth Stag"/>
  <item id="962429643" name="Grasshopper"/>
  <item id="3792192892" name="★Grasshopper"/>
  <item id="2850201434" name="Praying Mantis"/>
  <item id="2063668422" name="★Praying Mantis"/>
  <item id="3739594700" name="Locust"/>
  <item id="201729104" name="★Locust"/>
  <item id="3189909033" name="Firefly"/>
  <item id="2455941619" name="★Firefly"/>
  <item id="3374651071" name="Swallowtail"/>
  <item id="3848634725" name="★Swallowtail"/>
  <item id="1345079045" name="Long-Horn"/>
  <item id="2087506143" name="★Long-Horn"/>
  <item id="657160083" name="Flower Scarab"/>
  <item id="191619145" name="★Flower Scarab"/>
  <item id="3109020208" name="Ladybug"/>
  <item id="2614427096" name="★Ladybug"/>
  <item id="3522973129" name="Turtle"/>
  <item id="562354621" name="★Turtle"/>
  <item id="1224023155" name="Black Bass"/>
  <item id="2973484076" name="★Black Bass"/>
  <item id="1072835813" name="Giant Huchen"/>
  <item id="3325883578" name="★Giant Huchen"/>
  <item id="2711009606" name="Carp"/>
  <item id="2496471005" name="★Carp"/>
  <item id="3599862224" name="Sweetfish"/>
  <item id="3821678411" name="★Sweetfish"/>
  <item id="1335416938" name="Snakehead"/>
  <item id="2059632369" name="★Snakehead"/>
  <item id="950003964" name="Mackerel"/>
  <item id="230968935" name="★Mackerel"/>
  <item id="2820732269" name="Red Snapper"/>
  <item id="2476792772" name="★Red Snapper"/>
  <item id="3743925755" name="Cowfish"/>
  <item id="3836210002" name="★Cowfish"/>
  <item id="3219147806" name="Marlin"/>
  <item id="2108603112" name="★Marlin"/>
  <item id="3370613896" name="Jellyfish"/>
  <item id="178883198" name="★Jellyfish"/>
  <item id="1374563634" name="Firefly Squid"/>
  <item id="2585171951" name="★Firefly Squid"/>
  <item id="652811684" name="Anglerfish"/>
  <item id="3977357177" name="★Anglerfish"/>
  <item id="3096283143" name="Catfish"/>
  <item id="2379624092" name="★Catfish"/>
  <item id="3481974929" name="Rockfish"/>
  <item id="4208008714" name="★Rockfish"/>
  <item id="1451485483" name="Beakfish"/>
  <item id="1675120560" name="★Beakfish"/>
</items>
