<?xml version="1.0" encoding="utf-8"?>
<items>
  <item id="1158785574" name="Worn Bangle"/>
  <item id="3692624796" name="Rocker Wrist"/>
  <item id="2870987530" name="Brute Bracer"/>
  <item id="897277609" name="Sun Bracelet"/>
  <item id="1115450943" name="Fiend Band"/>
  <item id="1154727953" name="Rusty Ring"/>
  <item id="3722088875" name="Pretty Ring"/>
  <item id="2866651453" name="Illusion Ring"/>
  <item id="884552862" name="Lunar Ring"/>
  <item id="1136526344" name="Fiend Ring"/>
  <item id="3669448114" name="Fire Ring"/>
  <item id="2914018596" name="Water Ring"/>
  <item id="1024424117" name="Lightning Ring"/>
  <item id="1242056739" name="Earth Ring"/>
  <item id="718258630" name="Ice Ring"/>
  <item id="1573450064" name="Wind Ring"/>
  <item id="1184202312" name="Aged Charm"/>
  <item id="3751555058" name="Runic Charm"/>
  <item id="2828738404" name="Armor Charm"/>
  <item id="922716871" name="Galaxy Charm"/>
  <item id="1106819665" name="Fiend Charm"/>
  <item id="3639733227" name="Blaze Charm"/>
  <item id="2952190845" name="Flood Charm"/>
  <item id="1061799660" name="Bolt Charm"/>
  <item id="1213134458" name="Quake Charm"/>
  <item id="680099743" name="Frost Charm"/>
  <item id="1603161865" name="Storm Charm"/>
  <item id="1196889215" name="Simple Badge"/>
  <item id="3730720197" name="Shiny Badge"/>
  <item id="2841212243" name="Hermes Badge"/>
  <item id="926802160" name="Meteor Badge"/>
  <item id="1077596262" name="Fiend Badge"/>
  <item id="1108869882" name="Cicada Sword"/>
  <item id="3675345728" name="Beefy Bell"/>
  <item id="2887148502" name="Spell Bell"/>
  <item id="846394997" name="Tough Bell"/>
  <item id="1165346531" name="Speed Bell"/>
  <item id="3699152729" name="Big Bottle"/>
  <item id="2877007823" name="Tengu Fan"/>
  <item id="1002748510" name="Cheery Coat"/>
  <item id="1287883464" name="Nail Bat"/>
  <item id="738460461" name="Reversword"/>
  <item id="1526936507" name="Turnabeads"/>
  <item id="3255460353" name="Reflector"/>
  <item id="1138387149" name="Ritzy Studs"/>
  <item id="3671275895" name="Sleep 'n' Study"/>
  <item id="2916354529" name="Die of Fate"/>
  <item id="867212354" name="Iron Plates"/>
  <item id="1152888020" name="Thick Specs"/>
  <item id="3720281454" name="Ancient Scale"/>
  <item id="2864303608" name="Venoct Gauntlet"/>
  <item id="973525097" name="Heavenly Sash"/>
  <item id="1291968767" name="Ski Mask"/>
  <item id="767977754" name="Sticker of Hate"/>
  <item id="1522620812" name="Vampiric Fangs"/>
  <item id="3284666422" name="Crystal Ball"/>
  <item id="3033479328" name="Sleepillow"/>
  <item id="1100797588" name="Restraint Belt"/>
  <item id="3633678126" name="Guard Gem"/>
  <item id="2945628088" name="Monkey Circlet"/>
</items>
