<?xml version="1.0" encoding="utf-8"?>
<items>
  <item id="1332445335" name="Yo-kai Watch"/>
  <item id="3596800301" name="Yo-kai Watch"/>
  <item id="2707808699" name="Yo-kai Medallium"/>
  <item id="1057059864" name="Blossoming Powder"/>
  <item id="1208370318" name="Bug Net"/>
  <item id="3507426612" name="Fishing Rod"/>
  <item id="2785551778" name="Museum Ticket"/>
  <item id="917977139" name="Vault Key"/>
  <item id="1102055589" name="Photo of Amy"/>
  <item id="561480000" name="Old Man Undies"/>
  <item id="1450226134" name="Bicycle"/>
  <item id="3480871020" name="Bicycle"/>
  <item id="3095318778" name="Watch Cog"/>
  <item id="639255897" name="Watch Screw"/>
  <item id="1360885199" name="Old Mansion Key"/>
  <item id="3356763253" name="Special Ring"/>
  <item id="3205698787" name="Dad's Papers"/>
  <item id="799803762" name="Pretty Rib"/>
  <item id="1487616484" name="School Keys"/>
  <item id="173724291" name="Sheet Music"/>
  <item id="2103304725" name="Watch Spring"/>
  <item id="3830756271" name="Shack Key"/>
  <item id="2471723833" name="Signiton Engine"/>
  <item id="221714074" name="Payn Oil"/>
  <item id="2049975820" name="Leadoni Wheel"/>
  <item id="3812194230" name="Yo-kai World Key"/>
  <item id="75586225" name="Tasty Mushroom"/>
  <item id="1938188839" name="Comic Book"/>
  <item id="323085250" name="Walkappa's Bottle"/>
  <item id="1682363220" name="Cracked Plate"/>
  <item id="4249846510" name="Shabby Charm"/>
  <item id="2320020088" name="Golden Tofu"/>
  <item id="338438107" name="Toy Missile"/>
  <item id="1663768397" name="Soccer Ball"/>
  <item id="4196550391" name="Love Poetry"/>
  <item id="2368042593" name="Refreshing Herbs"/>
  <item id="496659440" name="Betrayed Blade"/>
  <item id="1788697446" name="Shiny Idol Pic"/>
  <item id="1543533829" name="Faded Idol Pic"/>
  <item id="721896851" name="Rare Model Kit"/>
  <item id="2987267113" name="Precious Earring"/>
  <item id="3305710783" name="Time Capsule"/>
  <item id="1533915420" name="Illusion Blade"/>
  <item id="745177482" name="Typhoon Fan"/>
  <item id="3043217456" name="Forever Flower"/>
  <item id="3261391014" name="Slither Trophy"/>
  <item id="1390148919" name="Hunger Trophy"/>
  <item id="635227553" name="Meow Trophy"/>
  <item id="1159414852" name="Granny Trophy"/>
  <item id="840725714" name="Horse Trophy"/>
  <item id="2870289768" name="Mane Trophy"/>
  <item id="3692172798" name="Hood Trophy"/>
  <item id="1115062365" name="Wrinkly Trophy"/>
  <item id="896643275" name="Katana Trophy"/>
  <item id="2893603185" name="Papa Trophy"/>
  <item id="3682587111" name="Tengu Trophy"/>
  <item id="1270926454" name="Cicada Trophy"/>
  <item id="1019739360" name="Mochi Trophy"/>
  <item id="1849038727" name="Bird Trophy"/>
  <item id="422651665" name="Wannabe Trophy"/>
  <item id="2151184043" name="Gambler Trophy"/>
  <item id="4148119101" name="Good Job Prize"/>
  <item id="1767625630" name="Wild Trophy"/>
  <item id="509403912" name="Cool Hair Prize"/>
  <item id="2270540466" name="Flutter Trophy"/>
  <item id="4031939108" name="Shogun Trophy"/>
  <item id="1626185653" name="Kids' Trophy"/>
  <item id="401256227" name="Daze Trophy"/>
  <item id="1999447750" name="Sack Trophy"/>
  <item id="2758224" name="Kimono Trophy"/>
  <item id="2569226218" name="Glasses Trophy"/>
  <item id="3995367292" name="Buzz Trophy"/>
  <item id="1883300575" name="Kappa Trophy"/>
  <item id="122147401" name="Guardian Trophy"/>
  <item id="2655945715" name="Heart Trophy"/>
  <item id="3913921381" name="Master Trophy"/>
  <item id="2046209780" name="Snake Trophy"/>
  <item id="250715746" name="Bottle Trophy"/>
  <item id="4038408713" name="Lion Trophy"/>
  <item id="2276592287" name="Cloak Trophy"/>
  <item id="515595045" name="Hat Trophy"/>
  <item id="1773956019" name="Stilt Trophy"/>
  <item id="4158193168" name="Stylish Trophy"/>
  <item id="2162151046" name="Stag Trophy"/>
  <item id="433495868" name="Cupid Trophy"/>
  <item id="1859235754" name="Comedy Trophy"/>
  <item id="4268667451" name="Beetle Trophy"/>
  <item id="2305393325" name="Darkness Trophy"/>
  <item id="3920497480" name="Toothpick Trophy"/>
  <item id="2661891038" name="Eel Trophy"/>
  <item id="127953508" name="Shark Trophy"/>
  <item id="1890015986" name="Demon Trophy"/>
  <item id="4005810001" name="Seaweed Trophy"/>
  <item id="2579824583" name="Dragon Trophy"/>
  <item id="13479549" name="Shell Trophy"/>
  <item id="2009767659" name="Triclops Trophy"/>
  <item id="3883238266" name="Cyclops Trophy"/>
  <item id="1319758496" name="Sapphire Bell"/>
  <item id="3617635098" name="Emerald Bell"/>
  <item id="2695334796" name="Ruby Bell"/>
  <item id="1052974639" name="Topaz Bell"/>
  <item id="1237593785" name="Diamond Bell"/>
  <item id="4158121970" name="Composer Portrait"/>
  <item id="1860089416" name="Frog Anatomy"/>
  <item id="433686238" name="Yo-kai Guide"/>
  <item id="2277315453" name="Thermometer"/>
  <item id="4038730731" name="Principal Photo"/>
  <item id="1773367889" name="Noko Skin"/>
  <item id="515130055" name="Noko Dung"/>
  <item id="2383109974" name="Noko Dirt"/>
  <item id="4178341824" name="Detective Badge"/>
  <item id="2580276773" name="Cracked Plate"/>
  <item id="4006401715" name="Munched Cucumber"/>
  <item id="2009433865" name="Dusty Charm"/>
  <item id="12760991" name="Detective Badge+"/>
  <item id="2661687868" name="Detective Badge EX"/>
  <item id="3919647402" name="Busted Bucket"/>
  <item id="1890075408" name="Plastic Bottle"/>
  <item id="128938886" name="Old Magazine"/>
  <item id="2534436375" name="Super Badge"/>
  <item id="3759627905" name="KD Note"/>
  <item id="3001464294" name="Ultra Det. Badge"/>
  <item id="3319891312" name="Bulletin Note"/>
  <item id="1558762698" name="Idol Poster"/>
  <item id="737141852" name="Empty Can"/>
  <item id="3045814783" name="Empty Bottle"/>
  <item id="3263971689" name="Battered Boots"/>
  <item id="1535447251" name="Used Firework"/>
  <item id="746725445" name="Plastic Bag"/>
</items>
