<?xml version="1.0" encoding="utf-8"?>
<items>
  <item id="2905096119" name="Pandle"/>
  <item id="874606093" name="Undy"/>
  <item id="3712142136" name="Tanbo"/>
  <item id="2669567285" name="Cutta-nah"/>
  <item id="102173839" name="Cutta-nah-nah"/>
  <item id="4017400250" name="Slacka-slash"/>
  <item id="2248502388" name="Mochismo"/>
  <item id="520895950" name="Minochi"/>
  <item id="3376741043" name="Helmsman"/>
  <item id="1347267337" name="Reuknight"/>
  <item id="659200927" name="Corptain"/>
  <item id="3798575472" name="Blazion"/>
  <item id="2069952714" name="Quaken"/>
  <item id="208128092" name="Siro"/>
  <item id="3495939058" name="Chansin"/>
  <item id="1230412360" name="Sheen"/>
  <item id="1045539550" name="Snee"/>
  <item id="2687844221" name="Gleam"/>
  <item id="2095744254" name="Benkei"/>
  <item id="3856913732" name="B3-NK1"/>
  <item id="430150624" name="Sushiyama"/>
  <item id="1856283510" name="Kapunki"/>
  <item id="4218591281" name="Beetler"/>
  <item id="1652279691" name="Beetall"/>
  <item id="360511773" name="Cruncha"/>
  <item id="1710339519" name="Zerberker"/>
  <item id="4244169733" name="Snartle"/>
  <item id="3052496065" name="Snotsolong"/>
  <item id="754464123" name="Duchoo"/>
  <item id="2901038464" name="Wazzat"/>
  <item id="904070202" name="Dummkap"/>
  <item id="860662292" name="D'wanna"/>
  <item id="1145805442" name="N'more"/>
  <item id="2750658437" name="Q'wit"/>
  <item id="2277967427" name="Lafalotta"/>
  <item id="516839417" name="Blips"/>
  <item id="3516768709" name="Tattletell"/>
  <item id="1217720447" name="Tattlecast"/>
  <item id="1066647785" name="Skranny"/>
  <item id="2665232130" name="Cupistol"/>
  <item id="131425976" name="Casanuva"/>
  <item id="4004955021" name="Casanono"/>
  <item id="3819684679" name="Signibble"/>
  <item id="2057474813" name="Signiton"/>
  <item id="2478913480" name="Statiking"/>
  <item id="4205900294" name="Mirapo"/>
  <item id="1673110460" name="Mircle"/>
  <item id="2099834569" name="Illoo"/>
  <item id="3827416947" name="Elloo"/>
  <item id="2468777957" name="Alloo"/>
  <item id="731246946" name="Espy"/>
  <item id="1553121780" name="Infour"/>
  <item id="3006965290" name="Tengu"/>
  <item id="708048784" name="Flengu"/>
  <item id="3082279576" name="Kyubi"/>
  <item id="784239394" name="Frostail"/>
  <item id="2930568153" name="Dulluma"/>
  <item id="933608035" name="Darumacho"/>
  <item id="3737526102" name="Goruma"/>
  <item id="3554353052" name="Noway"/>
  <item id="1255296550" name="Impass"/>
  <item id="2746346259" name="Walldin"/>
  <item id="3790437662" name="Armsman"/>
  <item id="2125216423" name="Fidgephant"/>
  <item id="3886377757" name="Touphant"/>
  <item id="3401592541" name="Blowkade"/>
  <item id="1405714279" name="Ledballoon"/>
  <item id="4176890975" name="Mad Mountain"/>
  <item id="1644109285" name="Lava Lord"/>
  <item id="3835849627" name="Roughraff"/>
  <item id="2108373537" name="Badude"/>
  <item id="2477087501" name="Bruff"/>
  <item id="2137936016" name="Rhinoggin"/>
  <item id="3865510186" name="Rhinormous"/>
  <item id="2439000508" name="Hornaplenty"/>
  <item id="2289762557" name="Castelius III"/>
  <item id="371168606" name="Castelius II"/>
  <item id="1629005256" name="Castelius I"/>
  <item id="4161926258" name="Castelius Max"/>
  <item id="3979483107" name="Robonyan"/>
  <item id="2587174773" name="Goldenyan"/>
  <item id="3061166255" name="Dromp"/>
  <item id="796713237" name="Swosh"/>
  <item id="2627373403" name="Dazzabel"/>
  <item id="93575393" name="Rattelle"/>
  <item id="3975183828" name="Skelebella"/>
  <item id="2943255022" name="Cadin"/>
  <item id="912773204" name="Cadable"/>
  <item id="3741611361" name="Singcada"/>
  <item id="4180944488" name="Pupsicle"/>
  <item id="1614641106" name="Chilhuahua"/>
  <item id="389695300" name="Swelterrier"/>
  <item id="2639848300" name="Jibanyan"/>
  <item id="72463062" name="Thornyan"/>
  <item id="1935049280" name="Baddinyan"/>
  <item id="3524883883" name="Walkappa"/>
  <item id="1259349009" name="Appak"/>
  <item id="1008145543" name="Supyo"/>
  <item id="3405923562" name="Komasan"/>
  <item id="1376458064" name="Komane"/>
  <item id="621553094" name="Komajiro"/>
  <item id="3144200293" name="Komiger"/>
  <item id="3364262020" name="Baku"/>
  <item id="1368375614" name="Whapir"/>
  <item id="3848274348" name="Shmoopie"/>
  <item id="2087276566" name="Pinkipoo"/>
  <item id="191783040" name="Pookivil"/>
  <item id="1681121160" name="Frostina"/>
  <item id="4248473138" name="Blizzaria"/>
  <item id="2319302308" name="Damona"/>
  <item id="3461173871" name="Wiglin"/>
  <item id="1464075221" name="Steppa"/>
  <item id="541274947" name="Rhyth"/>
  <item id="3452536321" name="Wantston"/>
  <item id="1421924283" name="Grubsnitch"/>
  <item id="2854328171" name="Hungramps"/>
  <item id="858310353" name="Hungorge"/>
  <item id="2571244604" name="Grainpa"/>
  <item id="4294960259" name="Lodo"/>
  <item id="2298008597" name="Chippa"/>
  <item id="3612762926" name="Enerfly"/>
  <item id="1314861716" name="Enefly"/>
  <item id="962068994" name="Betterfly"/>
  <item id="2805766049" name="Peppillon"/>
  <item id="4235931885" name="Happierre"/>
  <item id="1701994839" name="Reversa"/>
  <item id="309678529" name="Reversette"/>
  <item id="2078485538" name="Ol' Saint Trick"/>
  <item id="3807018392" name="Ol' Fortune"/>
  <item id="1740049382" name="Rollen"/>
  <item id="4273887836" name="Dubbles"/>
  <item id="3002649629" name="Papa Bolt"/>
  <item id="737254823" name="Uncle Infinite"/>
  <item id="1660427619" name="Mama Aura"/>
  <item id="4226895065" name="Auntie Heart"/>
  <item id="2580914142" name="Leadoni"/>
  <item id="14470756" name="Mynimo"/>
  <item id="2883845468" name="Ake"/>
  <item id="854240486" name="Payn"/>
  <item id="3683191251" name="Agon"/>
  <item id="2161028767" name="Negatibuzz"/>
  <item id="432537381" name="Moskevil"/>
  <item id="4037302800" name="Scritchy"/>
  <item id="2189955270" name="Dimmy"/>
  <item id="461455740" name="Blandon"/>
  <item id="1820750314" name="Nul"/>
  <item id="3873756610" name="Hidabat"/>
  <item id="2146272376" name="Abodabat"/>
  <item id="149599470" name="Belfree"/>
  <item id="1635567885" name="Suspicioni"/>
  <item id="4168456375" name="Tantroni"/>
  <item id="2406656033" name="Contrarioni"/>
  <item id="2020079692" name="Tengloom"/>
  <item id="258001114" name="Nird"/>
  <item id="4256783066" name="Negasus"/>
  <item id="1689258848" name="Neighfarious"/>
  <item id="2977699955" name="Timidevil"/>
  <item id="678775241" name="Beelzebold"/>
  <item id="1601337695" name="Count Cavity"/>
  <item id="2825333042" name="Greesel"/>
  <item id="829323400" name="Awevil"/>
  <item id="2239871002" name="Coughkoff"/>
  <item id="478734752" name="Hurchin"/>
  <item id="3600025881" name="Peckpocket"/>
  <item id="1335711907" name="Rockabelly"/>
  <item id="2219037229" name="Buhu"/>
  <item id="491422615" name="Flumpy"/>
  <item id="1783476993" name="Skreek"/>
  <item id="2165097640" name="Manjimutt"/>
  <item id="403019026" name="Multimutt"/>
  <item id="4050006055" name="Sir Berus"/>
  <item id="2610110855" name="Droplette"/>
  <item id="43675709" name="Drizzle"/>
  <item id="1973239979" name="Slush"/>
  <item id="3959018760" name="Alhail"/>
  <item id="2633950622" name="Gush"/>
  <item id="3482269784" name="Chatalie"/>
  <item id="1451649506" name="Nagatha"/>
  <item id="3570579264" name="Dismarelda"/>
  <item id="1664776020" name="Cheeksqueek"/>
  <item id="4197656302" name="Cuttincheez"/>
  <item id="2965271108" name="Compunzer"/>
  <item id="699868158" name="Lamedian"/>
  <item id="2049000981" name="Grumples"/>
  <item id="3811055535" name="Everfore"/>
  <item id="2486118201" name="Eterna"/>
  <item id="2846180101" name="Insomni"/>
  <item id="816583359" name="Sandi"/>
  <item id="2202696433" name="Noko"/>
  <item id="440609611" name="Bloominoko"/>
  <item id="1833180125" name="Pandanoko"/>
  <item id="2551707113" name="Heheheel"/>
  <item id="18785363" name="Croonger"/>
  <item id="1981387973" name="Urnaconda"/>
  <item id="3574652279" name="Fishpicable"/>
  <item id="1276742861" name="Rageon"/>
  <item id="2776246776" name="Tunatic"/>
  <item id="2589019056" name="Draggie"/>
  <item id="56105482" name="Dragon Lord"/>
  <item id="1952393884" name="Azure Dragon"/>
  <item id="3761182505" name="Daiz"/>
  <item id="2032551571" name="Confuze"/>
  <item id="3423333430" name="Chummer"/>
  <item id="1426242956" name="Shrook"/>
  <item id="3878076405" name="Spenp"/>
  <item id="2418118499" name="Almi"/>
  <item id="4265447092" name="Babblong"/>
  <item id="1731518222" name="Bananose"/>
  <item id="2040894075" name="Copperled"/>
  <item id="2544628567" name="Cynake"/>
  <item id="3769418689" name="Slitheref"/>
  <item id="1623106362" name="Venoct"/>
  <item id="4189581952" name="Shad. Venoct"/>
  <item id="3122683726" name="Shogunyan"/>
  <item id="608488173" name="Komashura"/>
  <item id="2738581007" name="Dandoodle"/>
  <item id="1029700524" name="Elder Bloom"/>
  <item id="2283158988" name="Gilgaros"/>
  <item id="1950041689" name="Sapphinyan"/>
  <item id="3833879496" name="Emenyan"/>
  <item id="2474863454" name="Rubinyan"/>
  <item id="2770224445" name="Topanyan"/>
  <item id="54294223" name="Dianyan"/>
  <item id="3344411403" name="Slimamander"/>
  <item id="4116826505" name="Sproink"/>
  <item id="1928975686" name="SV Snaggerjag"/>
  <item id="1810031623" name="Massiface"/>
  <item id="3152164217" name="Phantasmurai"/>
  <item id="1016959387" name="Tarantutor"/>
  <item id="2312394747" name="Dr. Maddiman"/>
  <item id="3750686845" name="McKraken"/>
  <item id="3331703100" name="McKraken"/>
  <item id="4104364990" name="Duwheel"/>
  <item id="1791440413" name="Chirpster"/>
  <item id="3967482056" name="Eyedra"/>
  <item id="1795513386" name="Hoggles"/>
  <item id="3969728741" name="Styx Mk.VI"/>
  <item id="4119228836" name="Clipso"/>
  <item id="397460056" name="Dr. Nogut"/>
  <item id="629579994" name="Spooklunk"/>
  <item id="1492210847" name="Squisker"/>
  <item id="3988296447" name="Wobblewok"/>
  <item id="1780518448" name="Gargaros"/>
  <item id="4079607690" name="Ogralus"/>
  <item id="2217668380" name="Orcanos"/>
</items>
