<?xml version="1.0" encoding="utf-8"?>
<items>
    <item id="3493734398" name="Cigale verte" />
    <item id="3460879014" name="Cigale verte★" />
    <item id="1228371524" name="Cigale marron" />
    <item id="1463911196" name="Cigale marron★" />
    <item id="1043351250" name="Cigale du soir" />
    <item id="541504394" name="Cigale du soir★" />
    <item id="2689913713" name="Scarabée rhino." />
    <item id="2969153051" name="Scarab. rhino.★" />
    <item id="3612599271" name="Petite biche" />
    <item id="3355352717" name="Petite biche★" />
    <item id="1314566749" name="Lucane" />
    <item id="2500818410" name="Lucane★" />
    <item id="962429643" name="Criquet" />
    <item id="3792192892" name="Criquet★" />
    <item id="2850201434" name="Mante religieuse" />
    <item id="2063668422" name="Mante relig.★" />
    <item id="3739594700" name="Sauterelle" />
    <item id="201729104" name="Sauterelle★" />
    <item id="3189909033" name="Luciole" />
    <item id="2455941619" name="Luciole★" />
    <item id="3374651071" name="Machaon" />
    <item id="3848634725" name="Machaon★" />
    <item id="1345079045" name="Longicorne" />
    <item id="2087506143" name="Longicorne★" />
    <item id="657160083" name="Cétoine" />
    <item id="191619145" name="Cétoine★" />
    <item id="3109020208" name="Coccinelle" />
    <item id="2614427096" name="Coccinelle★" />
    <item id="3522973129" name="Tortue" />
    <item id="562354621" name="Tortue★" />
    <item id="1224023155" name="Perche noire" />
    <item id="2973484076" name="Perche noire★" />
    <item id="1072835813" name="Huchon géant" />
    <item id="3325883578" name="Huchon géant★" />
    <item id="2711009606" name="Carpe" />
    <item id="2496471005" name="Carpe★" />
    <item id="3599862224" name="Ayu" />
    <item id="3821678411" name="Ayu★" />
    <item id="1335416938" name="Têtes-de-serp." />
    <item id="2059632369" name="Têtes-de-serp.★" />
    <item id="950003964" name="Maquereau" />
    <item id="230968935" name="Maquereau★" />
    <item id="2820732269" name="Vivaneau rouge" />
    <item id="2476792772" name="Vivan. rouge★" />
    <item id="3743925755" name="Poisson-vache" />
    <item id="3836210002" name="Poisson-vache★" />
    <item id="3219147806" name="Marlin" />
    <item id="2108603112" name="Marlin★" />
    <item id="3370613896" name="Méduse" />
    <item id="178883198" name="Méduse★" />
    <item id="1374563634" name="Calamar-luciole" />
    <item id="2585171951" name="Calamar-luc.★" />
    <item id="652811684" name="Poiss.-pêcheur" />
    <item id="3977357177" name="Poiss.-pêcheur★" />
    <item id="3096283143" name="Poisson-chat" />
    <item id="2379624092" name="Poisson-chat★" />
    <item id="3481974929" name="Rascasse" />
    <item id="4208008714" name="Rascasse★" />
    <item id="1451485483" name="Daurade rayée" />
    <item id="1675120560" name="Daurade rayée★" />
</items>
