<?xml version="1.0" encoding="utf-8"?>
<items>
    <item id="1158785574" name="Bracelet usé" />
    <item id="3692624796" name="Bracelet rocker" />
    <item id="2870987530" name="Bracelet brute" />
    <item id="897277609" name="Bracelet solaire" />
    <item id="1115450943" name="Bracelet obscur" />
    <item id="1154727953" name="Anneau rouillé" />
    <item id="3722088875" name="Bague mimi" />
    <item id="2866651453" name="Anneau illusion" />
    <item id="884552862" name="Anneau lunaire" />
    <item id="1136526344" name="Anneau obscur" />
    <item id="3669448114" name="Anneau du feu" />
    <item id="2914018596" name="Anneau de l'eau" />
    <item id="1024424117" name="Anneau foudre" />
    <item id="1242056739" name="Anneau terre" />
    <item id="718258630" name="Anneau glace" />
    <item id="1573450064" name="Anneau du vent" />
    <item id="1184202312" name="Amul. vieillotte" />
    <item id="3751555058" name="Amulette runique" />
    <item id="2828738404" name="Amulette armure" />
    <item id="922716871" name="Amulette céleste" />
    <item id="1106819665" name="Amul. obscure" />
    <item id="3639733227" name="Amulette antifeu" />
    <item id="2952190845" name="Amul. imperm." />
    <item id="1061799660" name="Amul. parafoudre" />
    <item id="1213134458" name="Amul. antiterre" />
    <item id="680099743" name="Amulette antigel" />
    <item id="1603161865" name="Amul. coupevent" />
    <item id="1196889215" name="Badge simple" />
    <item id="3730720197" name="Badge brillant" />
    <item id="2841212243" name="Badge d'Hermès" />
    <item id="926802160" name="Badge étoiles" />
    <item id="1077596262" name="Badge obscur" />
    <item id="1108869882" name="Cigatana" />
    <item id="3675345728" name="Clochette force" />
    <item id="2887148502" name="Cloch. charme" />
    <item id="846394997" name="Cloch. vigueur" />
    <item id="1165346531" name="Cloch. vitesse" />
    <item id="3699152729" name="Gour. sans fond" />
    <item id="2877007823" name="Éventail tengu" />
    <item id="1002748510" name="Manteau d'allégr." />
    <item id="1287883464" name="Batte cloutée" />
    <item id="738460461" name="Laméliore" />
    <item id="1526936507" name="Grigrififi" />
    <item id="3255460353" name="Réflector" />
    <item id="1138387149" name="Boucles en or" />
    <item id="3671275895" name="Noctude" />
    <item id="2916354529" name="Destidé" />
    <item id="867212354" name="Plastron de fer" />
    <item id="1152888020" name="Lunettes épais." />
    <item id="3720281454" name="Écaille ancienne" />
    <item id="2864303608" name="Octorgantelet" />
    <item id="973525097" name="Écharpe céleste" />
    <item id="1291968767" name="Cagoule" />
    <item id="767977754" name="Insigne de haine" />
    <item id="1522620812" name="Dents vampire" />
    <item id="3284666422" name="Boule de cristal" />
    <item id="3033479328" name="Reporeiller" />
    <item id="1100797588" name="Ceinture retenue" />
    <item id="3633678126" name="Gemme protec." />
    <item id="2945628088" name="Coiffe de singe" />
</items>
