<?xml version="1.0" encoding="utf-8"?>
<items>
    <item id="1332445335" name="Yo-kai Watch" />
    <item id="3596800301" name="Yo-kai Watch" />
    <item id="2707808699" name="Médall. Yo-kai" />
    <item id="1057059864" name="Poudre floraison" />
    <item id="1208370318" name="Filet à insectes" />
    <item id="3507426612" name="Canne à pêche" />
    <item id="2785551778" name="Ticket de musée" />
    <item id="917977139" name="Clé de ch. forte" />
    <item id="1102055589" name="Photo d'Amélie" />
    <item id="561480000" name="Sous-vêt. usés" />
    <item id="1450226134" name="Vélo" />
    <item id="3480871020" name="Vélo" />
    <item id="3095318778" name="Roue de montre" />
    <item id="639255897" name="Vis de montre" />
    <item id="1360885199" name="Clé vieux manoir" />
    <item id="3356763253" name="Bague spéciale" />
    <item id="3205698787" name="Dossier de papa" />
    <item id="799803762" name="Jolie côte" />
    <item id="1487616484" name="Clés de l'école" />
    <item id="173724291" name="Partition" />
    <item id="2103304725" name="Ressort montre" />
    <item id="3830756271" name="Clé de cabane" />
    <item id="2471723833" name="Moteur Émettor" />
    <item id="221714074" name="Huile de Tendino" />
    <item id="2049975820" name="Volant d'Égaroni" />
    <item id="3812194230" name="Clé Yo-kai World" />
    <item id="75586225" name="Champignon sav." />
    <item id="1938188839" name="Manga" />
    <item id="323085250" name="Gour. Kappacap" />
    <item id="1682363220" name="Assiette fêlée" />
    <item id="4249846510" name="Amul. miteuse" />
    <item id="2320020088" name="Tofu d'or" />
    <item id="338438107" name="Missile plastique" />
    <item id="1663768397" name="Ballon de foot" />
    <item id="4196550391" name="Poèmes romant." />
    <item id="2368042593" name="Herbes lucidité" />
    <item id="496659440" name="Lame trahison" />
    <item id="1788697446" name="Photo de star" />
    <item id="1543533829" name="Photo star ternie" />
    <item id="721896851" name="Maquette rare" />
    <item id="2987267113" name="Boucles préc." />
    <item id="3305710783" name="Capsule temp." />
    <item id="1533915420" name="Lame d'illusion" />
    <item id="745177482" name="Éventail typhon" />
    <item id="3043217456" name="Fleur éternelle" />
    <item id="3261391014" name="Trophée Reptile" />
    <item id="1390148919" name="Trophée Fringale" />
    <item id="635227553" name="Trophée Miaou" />
    <item id="1159414852" name="Troph. Gd-mère" />
    <item id="840725714" name="Trophée Cheval" />
    <item id="2870289768" name="Trophée Crinière" />
    <item id="3692172798" name="Troph. Capuche" />
    <item id="1115062365" name="Trophée Rides" />
    <item id="896643275" name="Trophée Katana" />
    <item id="2893603185" name="Trophée Tonton" />
    <item id="3682587111" name="Trophée Tengu" />
    <item id="1270926454" name="Trophée Cigale" />
    <item id="1019739360" name="Trophée Mochi" />
    <item id="1849038727" name="Trophée Volatile" />
    <item id="422651665" name="Troph. Ambition" />
    <item id="2151184043" name="Trophée Joueur" />
    <item id="4148119101" name="Trophée Consol." />
    <item id="1767625630" name="Trophée Sauvag." />
    <item id="509403912" name="Trophée Coiffure" />
    <item id="2270540466" name="Trophée Ailes" />
    <item id="4031939108" name="Trophée Shogun" />
    <item id="1626185653" name="Trophée Enfant" />
    <item id="401256227" name="Troph. Confusion" />
    <item id="1999447750" name="Trophée Sac" />
    <item id="2758224" name="Trophée Kimono" />
    <item id="2569226218" name="Troph. Binocles" />
    <item id="3995367292" name="Trophée Bzzz" />
    <item id="1883300575" name="Trophée Kappa" />
    <item id="122147401" name="Trophée Gardien" />
    <item id="2655945715" name="Trophée Cœur" />
    <item id="3913921381" name="Trophée Maître" />
    <item id="2046209780" name="Trophée Serpent" />
    <item id="250715746" name="Trophée Gourde" />
    <item id="4038408713" name="Trophée Lion" />
    <item id="2276592287" name="Trophée Cape" />
    <item id="515595045" name="Troph. Chapeau" />
    <item id="1773956019" name="Troph. Échassier" />
    <item id="4158193168" name="Trophée Style" />
    <item id="2162151046" name="Trophée Cervidé" />
    <item id="433495868" name="Troph. Cupidon" />
    <item id="1859235754" name="Troph. Comédie" />
    <item id="4268667451" name="Troph. Scarabée" />
    <item id="2305393325" name="Troph. Ténèbres" />
    <item id="3920497480" name="Troph. Cure-dent" />
    <item id="2661891038" name="Trophée Murène" />
    <item id="127953508" name="Trophée Requin" />
    <item id="1890015986" name="Trophée Démon" />
    <item id="4005810001" name="Trophée Algue" />
    <item id="2579824583" name="Trophée Dragon" />
    <item id="13479549" name="Troph. Coquill." />
    <item id="2009767659" name="Trophée Triclope" />
    <item id="3883238266" name="Trophée Cyclope" />
    <item id="1319758496" name="Grelot saphir" />
    <item id="3617635098" name="Grelot émeraude" />
    <item id="2695334796" name="Grelot rubis" />
    <item id="1052974639" name="Grelot topaze" />
    <item id="1237593785" name="Grelot diamant" />
    <item id="4158121970" name="Portrait musicien" />
    <item id="1860089416" name="Corps grenouille" />
    <item id="433686238" name="Guide des Yo-kai" />
    <item id="2277315453" name="Thermomètre" />
    <item id="4038730731" name="Photo proviseur" />
    <item id="1773367889" name="Peau de Noko" />
    <item id="515130055" name="Crotte de Noko" />
    <item id="2383109974" name="Trace de Noko" />
    <item id="4178341824" name="Badge Détective" />
    <item id="2580276773" name="Assiette fêlée" />
    <item id="4006401715" name="Concom. entamé" />
    <item id="2009433865" name="Amulette sale" />
    <item id="12760991" name="Badge Détec+" />
    <item id="2661687868" name="Badge Détec. EX" />
    <item id="3919647402" name="Seau troué" />
    <item id="1890075408" name="Bouteille plast." />
    <item id="128938886" name="Magazine abîmé" />
    <item id="2534436375" name="B. Super Détec." />
    <item id="3759627905" name="Note Pts détec." />
    <item id="3001464294" name="B. Ultra Détec." />
    <item id="3319891312" name="Annonce" />
    <item id="1558762698" name="Poster de star" />
    <item id="737141852" name="Cannette vide" />
    <item id="3045814783" name="Bouteille vide" />
    <item id="3263971689" name="Bottes usées" />
    <item id="1535447251" name="Vieux feu artifice" />
    <item id="746725445" name="Sac en plastique" />
</items>
