<?xml version="1.0" encoding="utf-8"?>
<items>
    <item id="2905096119" name="Woko" />
    <item id="874606093" name="Pagno" />
    <item id="3712142136" name="Alfoncéo" />
    <item id="2669567285" name="Toumou" />
    <item id="102173839" name="Lamlam'mou" />
    <item id="4017400250" name="Samoumouraï" />
    <item id="2248502388" name="Sumochi" />
    <item id="520895950" name="Mochimacho" />
    <item id="3376741043" name="Heaumer" />
    <item id="1347267337" name="Bushidos" />
    <item id="659200927" name="Âmiral" />
    <item id="3798575472" name="Feulion" />
    <item id="2069952714" name="Vibrilion" />
    <item id="208128092" name="Siro" />
    <item id="3495939058" name="Bonneto" />
    <item id="1230412360" name="Sabri" />
    <item id="1045539550" name="Padelou" />
    <item id="2687844221" name="Orox" />
    <item id="2095744254" name="Benkei" />
    <item id="3856913732" name="B3-NK1" />
    <item id="430150624" name="Sushiyama" />
    <item id="1856283510" name="Kapunki" />
    <item id="4218591281" name="Scatcheur" />
    <item id="1652279691" name="Scarmouche" />
    <item id="360511773" name="Scarnage" />
    <item id="1710339519" name="Zerberker" />
    <item id="4244169733" name="Fouétar" />
    <item id="3052496065" name="Morvobec" />
    <item id="754464123" name="Matchou" />
    <item id="2901038464" name="Chaipô" />
    <item id="904070202" name="Gagalurin" />
    <item id="860662292" name="Papa Ress" />
    <item id="1145805442" name="Ralbouc" />
    <item id="2750658437" name="Bastata" />
    <item id="2277967427" name="Marra" />
    <item id="516839417" name="Violette" />
    <item id="3516768709" name="Toutouïe" />
    <item id="1217720447" name="Babalance" />
    <item id="1066647785" name="Mémétal" />
    <item id="2665232130" name="Cupistol" />
    <item id="131425976" name="Donjouant" />
    <item id="4004955021" name="Nonjuan" />
    <item id="3819684679" name="Padrézo" />
    <item id="2057474813" name="Émettor" />
    <item id="2478913480" name="Dynamo" />
    <item id="4205900294" name="Télémir" />
    <item id="1673110460" name="Nuiroir" />
    <item id="2099834569" name="Hiblusion" />
    <item id="3827416947" name="Hibrouille" />
    <item id="2468777957" name="Hibourling" />
    <item id="731246946" name="Espi" />
    <item id="1553121780" name="Étassivilia" />
    <item id="3006965290" name="Tengu" />
    <item id="708048784" name="Tengurou" />
    <item id="3082279576" name="Kyubi" />
    <item id="784239394" name="Barakabo" />
    <item id="2930568153" name="Darabajoie" />
    <item id="933608035" name="Darumastar" />
    <item id="3737526102" name="Goruma" />
    <item id="3554353052" name="Nanpart" />
    <item id="1255296550" name="Passpa" />
    <item id="2746346259" name="Granpart" />
    <item id="3790437662" name="Hauber" />
    <item id="2125216423" name="Pachycoul" />
    <item id="3886377757" name="Persévéfant" />
    <item id="3401592541" name="Boulapic" />
    <item id="1405714279" name="Bouldacier" />
    <item id="4176890975" name="Lama Laya" />
    <item id="1644109285" name="Etna Magma" />
    <item id="3835849627" name="Loubarbare" />
    <item id="2108373537" name="Racaïd" />
    <item id="2477087501" name="Frérosse" />
    <item id="2137936016" name="Coléroptère" />
    <item id="3865510186" name="Rhinolimit" />
    <item id="2439000508" name="Corniaque" />
    <item id="2289762557" name="Castelius III" />
    <item id="371168606" name="Castelius II" />
    <item id="1629005256" name="Castelius I" />
    <item id="4161926258" name="Castelius Max" />
    <item id="3979483107" name="Robonyan" />
    <item id="2587174773" name="Oronyan" />
    <item id="3061166255" name="Misterre" />
    <item id="796713237" name="Ressak" />
    <item id="2627373403" name="Squarlett" />
    <item id="93575393" name="Margoth" />
    <item id="3975183828" name="Squelèbelle" />
    <item id="2943255022" name="Cigalopin" />
    <item id="912773204" name="Cigaillard" />
    <item id="3741611361" name="Cigazouille" />
    <item id="4180944488" name="Chihuaglagla" />
    <item id="1614641106" name="Froahuahua" />
    <item id="389695300" name="Cho-cho" />
    <item id="2639848300" name="Jibanyan" />
    <item id="72463062" name="Épinyan" />
    <item id="1935049280" name="Bandinyan" />
    <item id="3524883883" name="Kappacap" />
    <item id="1259349009" name="Appak" />
    <item id="1008145543" name="Kappaloha" />
    <item id="3405923562" name="Komasan" />
    <item id="1376458064" name="Komaous" />
    <item id="621553094" name="Komajiro" />
    <item id="3144200293" name="Komistigri" />
    <item id="3364262020" name="Baku" />
    <item id="1368375614" name="Tapur" />
    <item id="3848274348" name="Pitou" />
    <item id="2087276566" name="Choubidou" />
    <item id="191783040" name="Satandre" />
    <item id="1681121160" name="Angélik" />
    <item id="4248473138" name="Blizzaria" />
    <item id="2319302308" name="Damona" />
    <item id="3461173871" name="Noripop" />
    <item id="1464075221" name="Wakapoeira" />
    <item id="541274947" name="Salsalga" />
    <item id="3452536321" name="Amoiz" />
    <item id="1421924283" name="Pikor" />
    <item id="2854328171" name="Granpapéti" />
    <item id="858310353" name="Puissanfon" />
    <item id="2571244604" name="Grainpère" />
    <item id="4294960259" name="Nomoné" />
    <item id="2298008597" name="Noproblemo" />
    <item id="3612762926" name="Papiltation" />
    <item id="1314861716" name="Papiltension" />
    <item id="962068994" name="Hyprapillon" />
    <item id="2805766049" name="Vitapillon" />
    <item id="4235931885" name="Jojojoyeux" />
    <item id="1701994839" name="Paradoxa" />
    <item id="309678529" name="Potaumorose" />
    <item id="2078485538" name="Ratatam" />
    <item id="3807018392" name="Supernoël" />
    <item id="1740049382" name="Dédé" />
    <item id="4273887836" name="Dédestin" />
    <item id="3002649629" name="Tontonerre" />
    <item id="737254823" name="Omnitonton" />
    <item id="1660427619" name="Tata Aura" />
    <item id="4226895065" name="Tata Câlin" />
    <item id="2580914142" name="Égaroni" />
    <item id="14470756" name="Onisoi" />
    <item id="2883845468" name="Tortico" />
    <item id="854240486" name="Tendino" />
    <item id="3683191251" name="Contracto" />
    <item id="2161028767" name="Nihilistik" />
    <item id="432537381" name="Émousstik" />
    <item id="4037302800" name="Grattoptère" />
    <item id="2189955270" name="Marcognito" />
    <item id="461455740" name="Ninjamévu" />
    <item id="1820750314" name="Nihilo" />
    <item id="3873756610" name="Chauvekipeut" />
    <item id="2146272376" name="Chauv'coucou" />
    <item id="149599470" name="Vampiloc" />
    <item id="1635567885" name="Suspicioni" />
    <item id="4168456375" name="Ragioni" />
    <item id="2406656033" name="Contrarioni" />
    <item id="2020079692" name="Tengubre" />
    <item id="258001114" name="Bibliotengu" />
    <item id="4256783066" name="Nimpégase" />
    <item id="1689258848" name="Hennimi" />
    <item id="2977699955" name="Timidémon" />
    <item id="678775241" name="Belzel" />
    <item id="1601337695" name="Dente" />
    <item id="2825333042" name="Vénaldo" />
    <item id="829323400" name="Maltesse" />
    <item id="2239871002" name="Malmidal" />
    <item id="478734752" name="Écchinose" />
    <item id="3600025881" name="Chiperpiou" />
    <item id="1335711907" name="Pioubidou" />
    <item id="2219037229" name="Flamente" />
    <item id="491422615" name="Volibrius" />
    <item id="1783476993" name="Volatriste" />
    <item id="2165097640" name="Corniot" />
    <item id="403019026" name="Bicorniot" />
    <item id="4050006055" name="Cerbébert" />
    <item id="2610110855" name="Humidon" />
    <item id="43675709" name="Délujien" />
    <item id="1973239979" name="Fryzeur" />
    <item id="3959018760" name="Kongel" />
    <item id="2633950622" name="Hémorhino" />
    <item id="3482269784" name="Blablara" />
    <item id="1451649506" name="Umilie" />
    <item id="3570579264" name="Lulugubre" />
    <item id="1664776020" name="Pégaz" />
    <item id="4197656302" name="Méphito" />
    <item id="2965271108" name="Misterbide" />
    <item id="699868158" name="Flopito" />
    <item id="2049000981" name="Cenridion" />
    <item id="3811055535" name="Jouvencia" />
    <item id="2486118201" name="Éterna" />
    <item id="2846180101" name="Insomnelle" />
    <item id="816583359" name="Morféa" />
    <item id="2202696433" name="Noko" />
    <item id="440609611" name="Nénunoko" />
    <item id="1833180125" name="Pandanoko" />
    <item id="2551707113" name="Anghihihille" />
    <item id="18785363" name="Méroubadour" />
    <item id="1981387973" name="Urnaconda" />
    <item id="3574652279" name="Murhaine" />
    <item id="1276742861" name="Saumhonni" />
    <item id="2776246776" name="Vexturgeon" />
    <item id="2589019056" name="Dracounet" />
    <item id="56105482" name="Sire Dragon" />
    <item id="1952393884" name="Dragô" />
    <item id="3761182505" name="Bababou" />
    <item id="2032551571" name="Tourneboul" />
    <item id="3423333430" name="Croquin" />
    <item id="1426242956" name="Inisquale" />
    <item id="3878076405" name="Claquille" />
    <item id="2418118499" name="Cocpille" />
    <item id="4265447092" name="Jacquasseur" />
    <item id="1731518222" name="Bananar" />
    <item id="2040894075" name="Vipètesec" />
    <item id="2544628567" name="Vipérâle" />
    <item id="3769418689" name="Vipairflay" />
    <item id="1623106362" name="Octorgone" />
    <item id="4189581952" name="Octorgombre" />
    <item id="3122683726" name="Shogunyan" />
    <item id="608488173" name="Komashura" />
    <item id="2738581007" name="Cabotin" />
    <item id="1029700524" name="Camaïeul" />
    <item id="2283158988" name="Gorgouille" />
    <item id="1950041689" name="Saphinyan" />
    <item id="3833879496" name="Émeranyan" />
    <item id="2474863454" name="Rubinyan" />
    <item id="2770224445" name="Topanyan" />
    <item id="54294223" name="Diamanyan" />
    <item id="3344411403" name="Triptyk" />
    <item id="4116826505" name="Crocho" />
    <item id="1928975686" name="Carpitaine" />
    <item id="1810031623" name="Ombraptor" />
    <item id="3152164217" name="Sabroclair" />
    <item id="1016959387" name="Inamygal" />
    <item id="2312394747" name="Dr Jobard" />
    <item id="3750686845" name="McKraken" />
    <item id="3331703100" name="McKraken" />
    <item id="4104364990" name="Volteface" />
    <item id="1791440413" name="Didgeai" />
    <item id="3967482056" name="Hydreux" />
    <item id="1795513386" name="Porcinator" />
    <item id="3969728741" name="Styx VI" />
    <item id="4119228836" name="Nébulor" />
    <item id="397460056" name="Pr Létripe" />
    <item id="629579994" name="Hagacurée" />
    <item id="1492210847" name="Rancornet" />
    <item id="3988296447" name="Potofeu" />
    <item id="1780518448" name="Gargaros" />
    <item id="4079607690" name="Ogralos" />
    <item id="2217668380" name="Orqanos" />
</items>
