<?xml version='1.0' encoding='utf-8'?>
<items>
  <item id="1993296984" name="Espada novata"/>
  <item id="4022738402" name="Espada lumbrera"/>
  <item id="2562796916" name="Espada de maestro"/>
  <item id="111524055" name="Cimitarra bandido"/>
  <item id="1906477121" name="Espada hechicero"/>
  <item id="3903576571" name="Espada rey pirata"/>
  <item id="2678909293" name="Esp. archienemigo"/>
  <item id="252966140" name="Espada del trueno"/>
  <item id="2014626922" name="Luna creciente"/>
  <item id="416501135" name="Filo carmesí"/>
  <item id="1876196633" name="Espada divina"/>
  <item id="4141690019" name="Engáñibur"/>
  <item id="3463654205" name="Bigote valiente"/>
  <item id="1467644551" name="Mosquete metal"/>
  <item id="545081873" name="Orejas conejo"/>
  <item id="3189366706" name="Lanza dragón"/>
  <item id="3374247716" name="Vara guardián"/>
  <item id="1343733406" name="Escudo serpiente"/>
  <item id="655396360" name="Colmillo audaz"/>
  <item id="3081737113" name="Daga zorro"/>
  <item id="3232277263" name="Libro guardián"/>
  <item id="2691640042" name="Hacha furiosa"/>
  <item id="3613923964" name="Arco blanco"/>
  <item id="1314999238" name="Vara helada"/>
  <item id="963017552" name="Libro perruno"/>
  <item id="3703997651" name="T-Watch"/>
  <item id="197592018" name="Filo carmesí"/>
  <item id="2462995048" name="Filo carmesí"/>
  <item id="3855180542" name="Filo carmesí"/>
  <item id="2574200442" name="Escudo redondo"/>
  <item id="6717376" name="Escudo de hierro"/>
  <item id="2002866006" name="Escudo de plata"/>
  <item id="3909475061" name="Escudo de soldado"/>
  <item id="2650991203" name="Escudo de paladín"/>
  <item id="118209497" name="Escudo de cristal"/>
  <item id="1879870287" name="Escudo Veritas"/>
  <item id="3769865950" name="Escudo legendario"/>
  <item id="2545198664" name="Escudo de héroe"/>
  <item id="4151521197" name="Escudo Neptunia"/>
  <item id="2155093819" name="Escudo eternidad"/>
  <item id="427642497" name="Escudo diabólico"/>
  <item id="567494943" name="Escudo leyenda"/>
  <item id="3831980528" name="Escudo de héroe"/>
  <item id="2104373322" name="Escudo de héroe"/>
  <item id="174653660" name="Escudo de héroe"/>
</items>
