<?xml version='1.0' encoding='utf-8'?>
<items>
  <item id="3493734398" name="Cigarra verde"/>
  <item id="1753366683" name="Cigarra verde★"/>
  <item id="1228371524" name="Cigarra marrón"/>
  <item id="4052422945" name="Cigarra marrón★"/>
  <item id="1702355358" name="Cigarra grande"/>
  <item id="3721103099" name="Cigarra grande★"/>
  <item id="4236161060" name="Cigarra africana"/>
  <item id="1153619777" name="Cigarra africana★"/>
  <item id="1043351250" name="Cigarra nocturna"/>
  <item id="2257330615" name="Cigarra nocturna★"/>
  <item id="2339995826" name="Cigarra asiática"/>
  <item id="868607959" name="Cigarra asiática★"/>
  <item id="1314566749" name="Escarabajo sierra"/>
  <item id="4142323000" name="Escarabajo sierra★"/>
  <item id="858605080" name="Gran escarabajo"/>
  <item id="2341544317" name="Gran escarabajo★"/>
  <item id="354227473" name="Miyama"/>
  <item id="2913038964" name="Miyama★"/>
  <item id="3612599271" name="Escarabajo ciervo"/>
  <item id="1877968002" name="Escarabajo ciervo★"/>
  <item id="2689913713" name="Escarabajo rino"/>
  <item id="417903636" name="Escarabajo rino★"/>
  <item id="2350138539" name="Polilla blanca"/>
  <item id="883434446" name="Polilla blanca★"/>
  <item id="3374651071" name="Papilio"/>
  <item id="1905881562" name="Papilio★"/>
  <item id="2063668422" name="Mariposa asiática"/>
  <item id="3283973027" name="Mariposa asiática★"/>
  <item id="541504394" name="Mariposa morada"/>
  <item id="2566575343" name="Mariposa morada★"/>
  <item id="3662603053" name="Libélula blanca"/>
  <item id="1660060744" name="Libélula blanca★"/>
  <item id="2907296699" name="Libélula rey"/>
  <item id="368424158" name="Libélula rey★"/>
  <item id="2969153051" name="Libélula dorada"/>
  <item id="138791294" name="Libélula dorada★"/>
  <item id="3189909033" name="Luciérnaga"/>
  <item id="111034700" name="Luciérnaga★"/>
  <item id="3109020208" name="Mariquita"/>
  <item id="32736597" name="Mariquita★"/>
  <item id="962429643" name="Saltamontes"/>
  <item id="2179065262" name="Saltamontes★"/>
  <item id="1463911196" name="Saltamontes soto"/>
  <item id="4026393721" name="Saltamontes soto★"/>
  <item id="3739594700" name="Langosta"/>
  <item id="1717160105" name="Langosta★"/>
  <item id="2455941619" name="Grillo"/>
  <item id="719246998" name="Grillo★"/>
  <item id="2087506143" name="Grillo suzumushi"/>
  <item id="3302012858" name="Grillo suzumushi★"/>
  <item id="201729104" name="Saltamontes asta"/>
  <item id="3032105781" name="Saltamontes asta★"/>
  <item id="1563510735" name="Mantis asiática"/>
  <item id="3851231402" name="Mantis asiática★"/>
  <item id="2850201434" name="Mantis religiosa"/>
  <item id="291436607" name="Mantis religiosa★"/>
  <item id="1345079045" name="Longicornio"/>
  <item id="3901759584" name="Longicornio★"/>
  <item id="3448658526" name="Insecto palo"/>
  <item id="1966226747" name="Insecto palo★"/>
  <item id="3710068532" name="Grillo topo"/>
  <item id="1704935505" name="Grillo topo★"/>
  <item id="2614427096" name="Cochinilla"/>
  <item id="594057917" name="Cochinilla★"/>
  <item id="657160083" name="Escarabajo flor"/>
  <item id="2677477622" name="Escarabajo flor★"/>
  <item id="3848634725" name="Escarabeido"/>
  <item id="1574561280" name="Escarabeido★"/>
  <item id="2500818410" name="Escarabajo brillo"/>
  <item id="766710415" name="Escarabajo brillo★"/>
  <item id="3792192892" name="Chinche"/>
  <item id="1521754649" name="Chinche★"/>
  <item id="4123589647" name="Escarabajo buzo"/>
  <item id="1299487594" name="Escarabajo buzo★"/>
  <item id="3025330938" name="Chinche acuática"/>
  <item id="216958367" name="Chinche acuática★"/>
  <item id="191619145" name="Bupréstido"/>
  <item id="3017246508" name="Bupréstido★"/>
  <item id="3973303630" name="Lagarto japonés"/>
  <item id="1416604203" name="Lagarto japonés★"/>
  <item id="2854492066" name="Lagarto"/>
  <item id="311980231" name="Lagarto★"/>
  <item id="2194656409" name="Tritón de fuego"/>
  <item id="980659196" name="Tritón de fuego★"/>
  <item id="1516012502" name="Notostraca"/>
  <item id="3806389427" name="Notostraca★"/>
  <item id="708212569" name="Caracol de agua"/>
  <item id="2458521660" name="Caracol de agua★"/>
  <item id="1143633550" name="Caracol manzana"/>
  <item id="4237693419" name="Caracol manzana★"/>
  <item id="3355352717" name="Caracol"/>
  <item id="2135095784" name="Caracol★"/>
  <item id="3460879014" name="Rana arborícola"/>
  <item id="1995748803" name="Rana arborícola★"/>
  <item id="4212356157" name="Sapo"/>
  <item id="1135547224" name="Sapo★"/>
  <item id="3566562079" name="Libélula roja"/>
  <item id="1814629498" name="Libélula roja★"/>
  <item id="2744277897" name="Zapatero"/>
  <item id="456015084" name="Zapatero★"/>
  <item id="4049842414" name="Gorgojo"/>
  <item id="1239406475" name="Gorgojo★"/>
  <item id="2254733432" name="Escarabajo de agua"/>
  <item id="1054402333" name="Escarabajo agua★"/>
  <item id="527290818" name="Larva de libélula"/>
  <item id="2815538855" name="Larva de libélula★"/>
  <item id="1751834964" name="Escorpión de agua"/>
  <item id="3503719985" name="Escorpión agua★"/>
  <item id="4128142583" name="Escarabajo tigre"/>
  <item id="1320293266" name="Escarabajo tigre★"/>
  <item id="2164868193" name="Mariposa esfinge"/>
  <item id="968172292" name="Mariposa esfinge★"/>
  <item id="402658779" name="Caballito del diablo"/>
  <item id="2696704702" name="Caballito diablo★"/>
  <item id="1862739277" name="Elatérido"/>
  <item id="3619373608" name="Elatérido★"/>
  <item id="3522973129" name="Tortuga"/>
  <item id="1765812908" name="Tortuga★"/>
  <item id="3325883578" name="Tortuga blanda"/>
  <item id="2122355679" name="Tortuga blanda★"/>
  <item id="230968935" name="Cangrejo de río"/>
  <item id="3044550914" name="Cangrejo de río★"/>
  <item id="2496471005" name="Langosta de agua"/>
  <item id="745633976" name="Langosta de agua★"/>
  <item id="2108603112" name="Bogavante"/>
  <item id="3306347917" name="Bogavante★"/>
  <item id="3321527362" name="Gamba"/>
  <item id="2101746471" name="Gamba★"/>
  <item id="3002944724" name="Estrella de mar"/>
  <item id="172043185" name="Estrella de mar★"/>
  <item id="350191398" name="Caballito de mar"/>
  <item id="2892175427" name="Caballito de mar★"/>
  <item id="2711009606" name="Carpa"/>
  <item id="422239779" name="Carpa★"/>
  <item id="3599862224" name="Ayu"/>
  <item id="1848503989" name="Ayu★"/>
  <item id="748280183" name="Mújol"/>
  <item id="2485501458" name="Mújol★"/>
  <item id="2476792772" name="Salmón masu"/>
  <item id="723303585" name="Salmón masu★"/>
  <item id="2973484076" name="Carpa koi"/>
  <item id="159884105" name="Carpa koi★"/>
  <item id="1224023155" name="Lobina"/>
  <item id="4031347478" name="Lobina★"/>
  <item id="2059632369" name="Salmón"/>
  <item id="3263109524" name="Salmón★"/>
  <item id="1072835813" name="Salmón gigante"/>
  <item id="2270055296" name="Salmón gigante★"/>
  <item id="178883198" name="Sardina"/>
  <item id="2987781403" name="Sardina★"/>
  <item id="950003964" name="Caballa"/>
  <item id="2149814169" name="Caballa★"/>
  <item id="4208008714" name="Bonito"/>
  <item id="1114470767" name="Bonito★"/>
  <item id="2379624092" name="Merlán"/>
  <item id="896158201" name="Merlán★"/>
  <item id="3683420442" name="Barracuda"/>
  <item id="1664151167" name="Barracuda★"/>
  <item id="2327571077" name="Pez volador"/>
  <item id="839355872" name="Pez volador★"/>
  <item id="1335416938" name="Cabeza serpiente"/>
  <item id="4146380559" name="Cabeza serpiente★"/>
  <item id="3481974929" name="Pez de roca"/>
  <item id="2000084980" name="Pez de roca★"/>
  <item id="1537141217" name="Ronco"/>
  <item id="3810692740" name="Ronco★"/>
  <item id="1559440888" name="Róbalo"/>
  <item id="3830401693" name="Róbalo★"/>
  <item id="2884009365" name="Chopa"/>
  <item id="324672240" name="Chopa★"/>
  <item id="3977357177" name="Lija"/>
  <item id="1437450268" name="Lija★"/>
  <item id="1689619369" name="Fletán"/>
  <item id="3691637964" name="Fletán★"/>
  <item id="3264723035" name="Platija"/>
  <item id="2049695550" name="Platija★"/>
  <item id="2820732269" name="Pargo"/>
  <item id="278696456" name="Pargo★"/>
  <item id="1451485483" name="Pez mariposa"/>
  <item id="3997142606" name="Pez mariposa★"/>
  <item id="3705752835" name="Dorada"/>
  <item id="1683827302" name="Dorada★"/>
  <item id="330480447" name="Serviola"/>
  <item id="2869877850" name="Serviola★"/>
  <item id="4257012243" name="Pez globo"/>
  <item id="1157676406" name="Pez globo★"/>
  <item id="562354621" name="Locha"/>
  <item id="2570632920" name="Locha★"/>
  <item id="737418606" name="Pez sable"/>
  <item id="2471000587" name="Pez sable★"/>
  <item id="3836210002" name="Congrio"/>
  <item id="1545309239" name="Congrio★"/>
  <item id="3821678411" name="Anguila"/>
  <item id="1534478382" name="Anguila★"/>
  <item id="3096283143" name="Siluro"/>
  <item id="3272546" name="Siluro★"/>
  <item id="3370613896" name="Medusa"/>
  <item id="1885019117" name="Medusa★"/>
  <item id="1675120560" name="Pulpo"/>
  <item id="3680774357" name="Pulpo★"/>
  <item id="2894838156" name="Calamar de arrecife"/>
  <item id="339205865" name="Calamar arrecife★"/>
  <item id="4094334520" name="Sepieta"/>
  <item id="1287057757" name="Sepieta★"/>
  <item id="1374563634" name="Sepia"/>
  <item id="3914484311" name="Sepia★"/>
  <item id="3046148301" name="Calamar"/>
  <item id="221048744" name="Calamar★"/>
  <item id="897771574" name="Choco"/>
  <item id="2369687379" name="Choco★"/>
  <item id="1116068000" name="Rape"/>
  <item id="4198088645" name="Rape★"/>
  <item id="2585171951" name="Raya"/>
  <item id="581628042" name="Raya★"/>
  <item id="3219147806" name="Pez espada"/>
  <item id="123480955" name="Pez espada★"/>
  <item id="2198709934" name="Atún"/>
  <item id="1001505227" name="Atún★"/>
  <item id="854535215" name="Pez vaca"/>
  <item id="2320714570" name="Pez vaca★"/>
  <item id="1172839609" name="Congrio picudo"/>
  <item id="4250172380" name="Congrio picudo★"/>
  <item id="3579248936" name="Almeja de río"/>
  <item id="1844143693" name="Almeja de río★"/>
  <item id="2723164606" name="Tortuga de pantano"/>
  <item id="451696347" name="Tortuga pantano★"/>
  <item id="4037139161" name="Salmón rey"/>
  <item id="1209908668" name="Salmón rey★"/>
  <item id="2275863119" name="Pez gato"/>
  <item id="1058704682" name="Pez gato★"/>
  <item id="514833397" name="Catán"/>
  <item id="2786319504" name="Catán★"/>
  <item id="1772653411" name="Lubina blanca"/>
  <item id="3507809286" name="Lubina blanca★"/>
  <item id="4157349568" name="Pez sol"/>
  <item id="1332771237" name="Pez sol★"/>
  <item id="2160799318" name="Perca sol"/>
  <item id="947341619" name="Perca sol★"/>
  <item id="432177132" name="Galápago"/>
  <item id="2709395593" name="Galápago★"/>
  <item id="1858424698" name="Trucha de arroyo"/>
  <item id="3598264351" name="Trucha de arroyo★"/>
</items>
