<?xml version='1.0' encoding='utf-8'?>
<items>
  <item id="1158785574" name="Pulsera gastada"/>
  <item id="3681894277" name="Pulsera barata"/>
  <item id="3692624796" name="Pulsera punki"/>
  <item id="2893156115" name="Pulsera de fuego"/>
  <item id="2870987530" name="Pulsera de pinchos"/>
  <item id="1020072578" name="Pulsera excelente"/>
  <item id="897277609" name="Pulsera de sol"/>
  <item id="1271538196" name="Pulsera cometa"/>
  <item id="1115450943" name="Pulsera maléfica"/>
  <item id="722316273" name="Pulsera legendaria"/>
  <item id="1544199015" name="Pulsera mítica"/>
  <item id="1154727953" name="Anillo oxidado"/>
  <item id="3669448114" name="Anillo feo"/>
  <item id="3722088875" name="Anillo precioso"/>
  <item id="2914018596" name="Anillo arcoíris"/>
  <item id="2866651453" name="Anillo mágico"/>
  <item id="1024424117" name="Anillo de hada"/>
  <item id="884552862" name="Anillo lunar"/>
  <item id="1242056739" name="Anillo del destino"/>
  <item id="1136526344" name="Anillo maléfico"/>
  <item id="718258630" name="Anillo legendario"/>
  <item id="1573450064" name="Anillo mítico"/>
  <item id="1184202312" name="Amuleto antiguo"/>
  <item id="3639733227" name="Amuleto vetusto"/>
  <item id="3751555058" name="Amuleto rúnico"/>
  <item id="2952190845" name="Amuleto protector"/>
  <item id="2828738404" name="Amuleto blindado"/>
  <item id="1061799660" name="Amuleto suerte"/>
  <item id="922716871" name="Amuleto galáctico"/>
  <item id="1213134458" name="Amuleto de tierra"/>
  <item id="1106819665" name="Amuleto maléfico"/>
  <item id="680099743" name="Amulet. legendario"/>
  <item id="1603161865" name="Amuleto mítico"/>
  <item id="1196889215" name="Insignia sencilla"/>
  <item id="3644031452" name="Insignia negra"/>
  <item id="3730720197" name="Insignia brillante"/>
  <item id="2922688842" name="Insignia cuqui"/>
  <item id="2841212243" name="Insignia de Hermes"/>
  <item id="1049341147" name="Insignia aurora"/>
  <item id="926802160" name="Insignia meteórica"/>
  <item id="1233951821" name="Insignia del rayo"/>
  <item id="1077596262" name="Insignia maléfica"/>
  <item id="692786600" name="Insignia legendaria"/>
  <item id="1582048574" name="Insignia mítica"/>
  <item id="3671275895" name="Pulsera Festiseta"/>
  <item id="1100797588" name="Diadema de simio"/>
  <item id="1108869882" name="Espada cigarrera"/>
  <item id="3675345728" name="Campanilla fuerza"/>
  <item id="2887148502" name="Campan. hechicera"/>
  <item id="846394997" name="Campanilla dura"/>
  <item id="1165346531" name="Campanilla veloz"/>
  <item id="3699152729" name="Termo infinito"/>
  <item id="2877007823" name="Abanico Tengu"/>
  <item id="1002748510" name="Abrigo alegre"/>
  <item id="1287883464" name="Bate con pinchos"/>
  <item id="1550776226" name="Baquetas"/>
  <item id="3311904280" name="Robovitamina E"/>
  <item id="2992674446" name="Pulsera Capi"/>
  <item id="585075487" name="Cascabel recuerdo"/>
  <item id="738460461" name="Espada reversible"/>
  <item id="1526936507" name="Tornador"/>
  <item id="3255460353" name="Reflectante"/>
  <item id="1440267145" name="Esfera paradisiaca"/>
  <item id="120148206" name="Alas de Dédalo"/>
  <item id="1882087544" name="Camiseta patriótica"/>
  <item id="3911659970" name="Faja ancestral"/>
  <item id="2652897620" name="Sello imperial"/>
  <item id="4494583" name="Insignia honorífica"/>
  <item id="2000921697" name="Bláster del conejito"/>
  <item id="3997890011" name="Pajita glamurosa"/>
  <item id="2572010829" name="Paquete remolino"/>
  <item id="2130045002" name="Bandera guerrero"/>
  <item id="506618287" name="Espada roma"/>
  <item id="1765101881" name="Chip imperial"/>
  <item id="4030464131" name="Espada americana"/>
  <item id="2268803093" name="Varita americana"/>
  <item id="425698742" name="Escudo americano"/>
  <item id="166910172" name="Espada de Enma"/>
  <item id="283765149" name="Alhaja ilustre"/>
  <item id="1851299104" name="Cetro presidente"/>
  <item id="4149331098" name="Flauta encantada"/>
  <item id="2153182220" name="Acces. vapuleador"/>
  <item id="1743706379" name="Cruz egipcia de oro"/>
</items>
