<?xml version='1.0' encoding='utf-8'?>
<items>
  <item id="508414116" name="Chocobarrita"/>
  <item id="2150194439" name="Arroz con ciruelas"/>
  <item id="1766520882" name="Arroz con gambas"/>
  <item id="4030966152" name="Arroz deluxe"/>
  <item id="1848065067" name="Resistina"/>
  <item id="2269419806" name="Resistina Alfa"/>
  <item id="402359439" name="Resistina Omega"/>
  <item id="1627173913" name="Talismán de fuerza"/>
  <item id="3882492" name="Supertalism. fuerza"/>
  <item id="2000424298" name="Ultratalisma. fuerza"/>
  <item id="3996474576" name="Talismán espíritu"/>
  <item id="2570218566" name="Supertalis. espíritu"/>
  <item id="123140581" name="Ultratalism. espíritu"/>
  <item id="1884408179" name="Talismán defensa"/>
  <item id="3914897609" name="Supertalis. defensa"/>
  <item id="2657069151" name="Ultratalis. defensa"/>
  <item id="249607630" name="Muñeco de trapo"/>
  <item id="2045216088" name="Marioneta"/>
  <item id="722890303" name="Daruma"/>
  <item id="3691200082" name="Trampa Ondívoro"/>
  <item id="1544642217" name="Trampa cobertura"/>
  <item id="3306688275" name="Trampa estatinarca"/>
  <item id="1158311912" name="Bomba ígnea"/>
  <item id="2988392325" name="Superbomba ígnea"/>
  <item id="746301990" name="Ultrabomba ígnea"/>
  <item id="1534892720" name="Bláster Forza"/>
  <item id="3262499594" name="Bláster Forza G"/>
  <item id="3044211612" name="Bláster Forza GX"/>
  <item id="2869169860" name="Robopuño"/>
  <item id="634250765" name="Robopuño 2.0"/>
  <item id="1389024923" name="Robopuño dorado"/>
  <item id="895523687" name="Campo Nomevén"/>
  <item id="1114090481" name="Campo Nostoy"/>
  <item id="3681483339" name="Campo Nul"/>
  <item id="2102184377" name="Mapa detallado"/>
  <item id="1683486968" name="Tónico trampa"/>
  <item id="1333439291" name="Fraga. encantadora"/>
  <item id="947755949" name="Fraganci. atrayente"/>
  <item id="2708785687" name="Fragan. irresistible"/>
  <item id="1449237114" name="Orbe de bárbaro"/>
  <item id="3522791093" name="Orbe de defensor"/>
  <item id="2005085351" name="Barrita calórica"/>
  <item id="4002053405" name="Barrita calórica L"/>
  <item id="2576174475" name="Barrita calórica XL"/>
  <item id="132765736" name="Jarabe proteínico"/>
  <item id="1894705342" name="Bolsa extra"/>
  <item id="3924277508" name="Peso machacador"/>
  <item id="2665515410" name="Coraza reforzada"/>
  <item id="241144835" name="Resistina"/>
  <item id="2035852437" name="Muñeco de trapo"/>
  <item id="1983989392" name="Devoraolores"/>
  <item id="4014479146" name="Botas sigilosas"/>
  <item id="2555324348" name="Sensor Necronom."/>
  <item id="103526943" name="Casco seguridad"/>
  <item id="1898742409" name="Sensor de objetos"/>
  <item id="3894793011" name="Lentómetro"/>
  <item id="176907053" name="Debug Item 1"/>
  <item id="2474783383" name="Debug Item 2"/>
  <item id="3833922049" name="Debug Item 3"/>
</items>
