[
  {
    "type": 0,
    "name": "Flamante promesa"
  },
  {
    "type": 1,
    "name": "Explosi\u00f3n conspirativa"
  },
  {
    "type": 2,
    "name": "Promesa iluminada"
  },
  {
    "type": 0,
    "name": "Fan Yo-kai"
  },
  {
    "type": 1,
    "name": "Id\u00f3latra Yo-kai"
  },
  {
    "type": 2,
    "name": "Gur\u00fa Yo-kai"
  },
  {
    "type": 1,
    "name": "Cuarteto legendario"
  },
  {
    "type": 2,
    "name": "La leyenda de los ocho"
  },
  {
    "type": 0,
    "name": "Poder m\u00e1ximo"
  },
  {
    "type": 2,
    "name": "Darwinista"
  },
  {
    "type": 2,
    "name": "La uni\u00f3n hace la fuerza"
  },
  {
    "type": 0,
    "name": "Espejito, espejito"
  },
  {
    "type": 2,
    "name": "Cazatesoros"
  },
  {
    "type": 1,
    "name": "Gur\u00fa cazabichos"
  },
  {
    "type": 1,
    "name": "As de la pesca"
  },
  {
    "type": 0,
    "name": "Volando voy"
  },
  {
    "type": 0,
    "name": "Cantera ca\u00f1era"
  },
  {
    "type": 1,
    "name": "Aspiradora encantadora"
  },
  {
    "type": 1,
    "name": "Sin invitaci\u00f3n"
  },
  {
    "type": 1,
    "name": "Gur\u00fa m\u00edstico"
  },
  {
    "type": 0,
    "name": "Paseante"
  },
  {
    "type": 1,
    "name": "Caminante"
  },
  {
    "type": 1,
    "name": "Cazatablas"
  },
  {
    "type": 2,
    "name": "Detective Yo-kai"
  },
  {
    "type": 1,
    "name": "Ayudante feliz"
  },
  {
    "type": 1,
    "name": "Cibermajestad"
  },
  {
    "type": 0,
    "name": "Amistades circulares"
  },
  {
    "type": 1,
    "name": "Gramola"
  },
  {
    "type": 0,
    "name": "Kai-Tuber"
  },
  {
    "type": 1,
    "name": "Justicia Yo-kai"
  },
  {
    "type": 1,
    "name": "Cat\u00e1logo gatuno"
  },
  {
    "type": 0,
    "name": "El ny\u00famero uno"
  },
  {
    "type": 0,
    "name": "Saber culinario"
  },
  {
    "type": 0,
    "name": "Alma poderosa"
  },
  {
    "type": 0,
    "name": "Gur\u00fa de las almas"
  },
  {
    "type": 1,
    "name": "Rasca, rasca"
  },
  {
    "type": 0,
    "name": "Perrito piloto"
  },
  {
    "type": 1,
    "name": "Locura expendekai"
  },
  {
    "type": 1,
    "name": "Capi-Colega"
  },
  {
    "type": 2,
    "name": "Capi-Amistad"
  },
  {
    "type": 0,
    "name": "Combatiente"
  },
  {
    "type": 2,
    "name": "Furia de combate"
  },
  {
    "type": 0,
    "name": "Anim\u00e1ximum total"
  },
  {
    "type": 0,
    "name": "Apunta y dispara"
  },
  {
    "type": 0,
    "name": "Localizar y marcar"
  },
  {
    "type": 0,
    "name": "Una ayudita"
  },
  {
    "type": 1,
    "name": "\u00a1No me das miedo!"
  },
  {
    "type": 0,
    "name": "La vuelta ciclista"
  },
  {
    "type": 2,
    "name": "Leyenda ciclista"
  },
  {
    "type": 1,
    "name": "Coreograf\u00eda sencilla"
  },
  {
    "type": 2,
    "name": "Coreograf\u00eda suprema"
  },
  {
    "type": 0,
    "name": "\u00a1A la aventura!"
  },
  {
    "type": 0,
    "name": "\u00bfC\u00f3mo est\u00e1n ustedes?"
  },
  {
    "type": 0,
    "name": "Guardaespaldas"
  },
  {
    "type": 0,
    "name": "Vol\u00f3 del nido"
  },
  {
    "type": 0,
    "name": "Pasi\u00f3n roja"
  },
  {
    "type": 0,
    "name": "\u00bfEres Don Regal\u00edn?"
  },
  {
    "type": 1,
    "name": "Pies en polvorosa"
  },
  {
    "type": 0,
    "name": "El terror de los oni"
  },
  {
    "type": 1,
    "name": "R\u00e9quiem"
  },
  {
    "type": 1,
    "name": "Banquete"
  },
  {
    "type": 0,
    "name": "Control de calidad"
  },
  {
    "type": 0,
    "name": "\u00a1Qu\u00e9 fest\u00edn!"
  },
  {
    "type": 0,
    "name": "Sociable"
  },
  {
    "type": 0,
    "name": "\u00c1lbum de cromos"
  },
  {
    "type": 1,
    "name": "Relaciones p\u00fablicas"
  },
  {
    "type": 0,
    "name": "Principiante oficial"
  },
  {
    "type": 1,
    "name": "As oficial"
  },
  {
    "type": 2,
    "name": "Deidad oficial"
  },
  {
    "type": 1,
    "name": "\u00a1Monedas arriba!"
  },
  {
    "type": 1,
    "name": "Destrozajefes"
  },
  {
    "type": 0,
    "name": "Potencia"
  },
  {
    "type": 2,
    "name": "M\u00e1xima potencia"
  },
  {
    "type": 2,
    "name": "En profundidad"
  },
  {
    "type": 1,
    "name": "Destronado"
  }
]