<?xml version='1.0' encoding='utf-8'?>
<items>
  <item id="1332445335" name="Yo-kai Watch"/>
  <item id="1208370318" name="UFO-kai Watch"/>
  <item id="3596800301" name="Yo-kai Watch U"/>
  <item id="2707808699" name="Yo-kai Watch U-2"/>
  <item id="1057059864" name="Yo-kai Watch sogno"/>
  <item id="896643275" name="Yo-kai Watch sogno"/>
  <item id="3507426612" name="Medaglium Yo-kai"/>
  <item id="2893603185" name="Medaglium Yo-kai"/>
  <item id="3480871020" name="Pistola Yo-kai"/>
  <item id="3095318778" name="Trivella Yo-kai"/>
  <item id="639255897" name="Aspirap. Yo-kai"/>
  <item id="1115062365" name="Occhiali di mamma"/>
  <item id="1543533829" name="Appunt. pos. ufficio"/>
  <item id="2785551778" name="Retino per insetti"/>
  <item id="917977139" name="Canna da pesca"/>
  <item id="635227553" name="Martellazombi"/>
  <item id="1159414852" name="Giubbott. protettivo"/>
  <item id="840725714" name="Zaino"/>
  <item id="1360885199" name="Ricetrasmittente"/>
  <item id="1102055589" name="Chiave del retro"/>
  <item id="561480000" name="Mapp. luog. possibili"/>
  <item id="3812194230" name="Chiav. Yo-kai World"/>
  <item id="721896851" name="Torcia"/>
  <item id="1450226134" name="Modellino mech"/>
  <item id="2987267113" name="Invito da Yopple"/>
  <item id="3305710783" name="Invito da Yopple"/>
  <item id="3356763253" name="Chiave sotterr. ◇"/>
  <item id="3205698787" name="Chiave sotterr. ○"/>
  <item id="799803762" name="Chiave sotterr. ▽"/>
  <item id="1487616484" name="Chiave sala ric. est"/>
  <item id="173724291" name="Chia. sala ric. ovest"/>
  <item id="1533915420" name="Chiav. ingresso est"/>
  <item id="745177482" name="Chiav. ingr. ovest"/>
  <item id="2103304725" name="Chiav. cam. lett. est"/>
  <item id="3830756271" name="Chi. cam. lett. ovest"/>
  <item id="1574842233" name="Fancy That! - N. 1"/>
  <item id="3302457027" name="Fancy That! - N. 2"/>
  <item id="3016773205" name="Fancy That! - N. 3"/>
  <item id="766827510" name="Fancy That! - N. 4"/>
  <item id="1521740640" name="Fancy That! - N. 5"/>
  <item id="3283794650" name="Fancy That! - N. 6"/>
  <item id="3032320588" name="Fancy That! - N. 7"/>
  <item id="604149725" name="Fancy That! - N. 8"/>
  <item id="1392879435" name="Fancy That! - N. 9"/>
  <item id="868363950" name="Fancy That! - N. 10"/>
  <item id="1153769016" name="Fancy That! - N. 11"/>
  <item id="3721154434" name="Fancy That! - N. 12"/>
  <item id="2865463060" name="Fancy That! - N. 13"/>
  <item id="883944119" name="Fancy That! - N. 14"/>
  <item id="1135139361" name="Fancy That! - N. 15"/>
  <item id="3668020123" name="Fancy That! - N. 16"/>
  <item id="2913385229" name="Fancy That! - N. 17"/>
  <item id="1025091228" name="Fancy That! - N. 18"/>
  <item id="1243518474" name="Fancy That! - N. 19"/>
  <item id="418348397" name="Fancy That! - N. 20"/>
  <item id="2179345623" name="Fancy That! - N. 23"/>
  <item id="2025156773" name="Documen. progetto"/>
  <item id="3787202847" name="Scodel. spag. vuota"/>
  <item id="2528842121" name="Invito f. an. gemelle"/>
  <item id="148866090" name="Ingran. 1 elicottero"/>
  <item id="2144908476" name="Ingran. 2 elicottero"/>
  <item id="3872515334" name="Ingran. 3 elicottero"/>
  <item id="2446775696" name="Caramella curativa"/>
  <item id="23709697" name="Pacchetto sospetto"/>
  <item id="1986984087" name="Processore Y9"/>
  <item id="380203378" name="Chiav. scu. Valdoro"/>
  <item id="1638810084" name="Chiave vecchia villa"/>
  <item id="4171698270" name="C. tun. abbandonato"/>
  <item id="2409636040" name="Chiave chiosco 1"/>
  <item id="298104171" name="Chiave chiosco 2"/>
  <item id="1724089853" name="Zafonino"/>
  <item id="4291482695" name="Filetto ambiguo"/>
  <item id="2295194833" name="Fungo favoloso"/>
  <item id="410188096" name="Uovo fantastico"/>
  <item id="1869990358" name="Fagioli dorati"/>
  <item id="1032069809" name="Cofanet. buon. aura"/>
  <item id="1250103847" name="App. seminterrato"/>
  <item id="2049975820" name="Passafacile"/>
  <item id="2487109408" name="Pass giornaliero"/>
  <item id="3261391014" name="Traspec da tasca"/>
  <item id="1390148919" name="Pantal. zombificati"/>
  <item id="2870289768" name="Sensore di Saiborg"/>
  <item id="3692172798" name="Olio Dolorr"/>
  <item id="1682363220" name="Chiave ap. A-104"/>
  <item id="4249846510" name="Chiave ap. A-201"/>
  <item id="2320020088" name="Chiave ap. A-303"/>
  <item id="338438107" name="Chiave ap. B-204"/>
  <item id="1663768397" name="Chiave ap. B-301"/>
  <item id="4196550391" name="Chiave ap. C-104"/>
  <item id="2368042593" name="Chiave ap. C-201"/>
  <item id="496659440" name="Chiave ap. C-204"/>
  <item id="1788697446" name="Chiave ap. C-301"/>
  <item id="3984554921" name="Cuscino sushi"/>
  <item id="2591574847" name="Borsa tempura"/>
  <item id="180836014" name="Cuscino-tofu"/>
  <item id="69000860" name="Campana spirito"/>
  <item id="1931210250" name="Sacchetto anima"/>
  <item id="3927097264" name="Sacchetto spettro"/>
  <item id="2635435814" name="Tessera Gatti rossi"/>
  <item id="57744005" name="Tessera Cani pallidi"/>
  <item id="1953901075" name="Dolce promessa"/>
  <item id="1778442059" name="Bol-Bal"/>
  <item id="4077489905" name="Rap. Inferno infinito"/>
  <item id="443165636" name="Carta da gioco: Re"/>
  <item id="1835866962" name="Cart. gioco: Regina"/>
  <item id="4100213480" name="Cart. gioco: Fante"/>
  <item id="2204334718" name="Carta gioco: Asso"/>
  <item id="333211631" name="Carta da gioco: 10"/>
  <item id="1692096377" name="Carta gioco: Jolly"/>
  <item id="2109761080" name="Pass per lo studio"/>
  <item id="791776607" name="Pass Express"/>
  <item id="1479982537" name="Noce Kupò"/>
  <item id="3242191987" name="Erba Gysahl"/>
  <item id="3057179877" name="Trio panini carne"/>
  <item id="677136710" name="Tappo da gioco"/>
  <item id="1599830480" name="Stemma Blasters T"/>
  <item id="3327273066" name="Uovo gelatinoso"/>
  <item id="2975144188" name="Pie. Dem. Acciaio ∞"/>
  <item id="568984941" name="Pietra S ∞"/>
  <item id="1458386427" name="Pie. Vol. Acciaio ∞"/>
  <item id="908770334" name="Piet. Dra. Acciaio ∞"/>
  <item id="1093504136" name="Pietra dell'oblio ∞"/>
  <item id="3626294578" name="Pietra rinascita ∞"/>
  <item id="2938367396" name="Pietra dell'avidità ∞"/>
  <item id="826767367" name="Pietra comica ∞"/>
  <item id="1178618001" name="Pietra dorata ∞"/>
  <item id="2823694781" name="Pietra degli Inferi ∞"/>
  <item id="955331628" name="Piet. leggendaria ∞"/>
  <item id="4158121970" name="Bicicletta: Simplex"/>
  <item id="1860089416" name="Bicicletta: Rock"/>
  <item id="433686238" name="Bicicletta: Blu"/>
  <item id="2277315453" name="Bicicletta: Rosie"/>
  <item id="4038730731" name="Bicicletta: Verde"/>
  <item id="1773367889" name="Bicicletta: Notte"/>
  <item id="515130055" name="Bici: Campagnola"/>
  <item id="2383109974" name="Bicicletta: Fresh"/>
  <item id="4178341824" name="Bicicletta: Flash"/>
  <item id="2580276773" name="Bicicletta: Vortex"/>
  <item id="4006401715" name="Bicicletta: Panna"/>
  <item id="2009433865" name="Bicicletta: Fragola"/>
  <item id="12760991" name="Bici: Frescabrezza"/>
  <item id="2661687868" name="Bicicletta: Aranxa"/>
  <item id="3919647402" name="Bici: Caramella"/>
  <item id="1890075408" name="Bicicletta: Lime"/>
  <item id="128938886" name="Bici: Giallimone"/>
  <item id="2534436375" name="Bici: Grappolina"/>
  <item id="3759627905" name="Bicicletta: Caffeina"/>
  <item id="3001464294" name="Bici: Stella cadente"/>
  <item id="3535583278" name="Molla potente"/>
  <item id="1270213012" name="Mano poderosa"/>
  <item id="1018353922" name="Telaio in legno"/>
  <item id="2731953313" name="Telaio di Danz"/>
  <item id="3587275831" name="Scafo di latta"/>
  <item id="1289235853" name="Scafo nave pirata"/>
  <item id="1004477723" name="Scafo fendionde"/>
  <item id="2875195530" name="Remo di legno"/>
  <item id="3697750044" name="Remo di Banz"/>
  <item id="3164649977" name="Remo arrugginito"/>
  <item id="3416754543" name="Remo tridente"/>
  <item id="1387190485" name="Remo acquamarina"/>
  <item id="631892035" name="Mia prima bandiera"/>
  <item id="3150806496" name="Vela di Tanz"/>
  <item id="3435810166" name="Elica meccanica"/>
  <item id="1438850252" name="Vessillo pirata"/>
  <item id="583281754" name="Vela cielo azzurro"/>
  <item id="3313238365" name="Amuleto del sole"/>
  <item id="2542660154" name="Ali pesce volante"/>
  <item id="3767196332" name="Marmitta iridata"/>
  <item id="3221821376" name="Poster Sailor Belle"/>
  <item id="1493190266" name="Maschera Maximus"/>
  <item id="772241132" name="Automobilina rad."/>
  <item id="2959336271" name="Goccia gr. naturale"/>
  <item id="3345273817" name="Parrucca cosplay"/>
  <item id="1584235107" name="Pupazzo morbido"/>
  <item id="694858485" name="Casco sferico"/>
  <item id="3117789028" name="Modellino di razzo"/>
  <item id="3469910002" name="Stereo portatile"/>
  <item id="2920617495" name="Gioco da sala"/>
  <item id="2982536637" name="Biglietto dorato 1"/>
  <item id="3334657323" name="Biglietto dorato 2"/>
  <item id="1607173265" name="Biglietto dorato 3"/>
  <item id="684504071" name="Biglietto dorato 4"/>
  <item id="3064471972" name="Biglietto dorato 5"/>
  <item id="3249475890" name="Biglietto dorato 6"/>
  <item id="836207942" name="Biglietto dorato 7"/>
  <item id="2947748069" name="Biglietto dorato 8"/>
  <item id="1487290504" name="Stat. Malocadabro"/>
  <item id="799109150" name="Statua Flaudemone"/>
  <item id="3206442383" name="Statua Dottor Frank"/>
  <item id="3357105433" name="Statua Yopple-Bot"/>
  <item id="2833175804" name="Statua Letterribilia"/>
  <item id="3755598954" name="Statua di Baketon"/>
  <item id="1188083152" name="Statua di Letalio"/>
</items>
