<?xml version='1.0' encoding='utf-8'?>
<items>
  <item id="1744197840" name="Essenza Leofuoco"/>
  <item id="4278126954" name="Ess. Infangofono"/>
  <item id="2314746364" name="Essenza Leosismo"/>
  <item id="396143711" name="Essenza Siro"/>
  <item id="1620810953" name="Ess. Komademone"/>
  <item id="4187147635" name="Essenza Benkei"/>
  <item id="2392194533" name="Essenza Jibanyan"/>
  <item id="506126452" name="Essenza Ross"/>
  <item id="1764610274" name="Ess. Man. Panikiao"/>
  <item id="166353159" name="Essenza B3-NK1"/>
  <item id="2129488273" name="Essenza Homblu"/>
  <item id="3890493483" name="Essenza Arachnus"/>
  <item id="2430798013" name="Essenza Arachnia"/>
  <item id="243768606" name="Essenza Felimonio"/>
  <item id="2038476168" name="Ess. Serg. Kuadro"/>
  <item id="3767139378" name="Ess. DON-CHAN"/>
  <item id="2542718116" name="Ess. Algacabana"/>
  <item id="120705333" name="Ess. Bison Kuadro"/>
  <item id="1882644899" name="Ess. Punk Kong"/>
  <item id="583469764" name="Essenza Mayuty"/>
  <item id="2261248938" name="Essenza KJ"/>
  <item id="1438661202" name="Essenza Illuguroo"/>
  <item id="3435752424" name="Essenza Eluguroo"/>
  <item id="3150863230" name="Essenza Vaguroo"/>
  <item id="631951069" name="Essenza Cinetosio"/>
  <item id="3196145147" name="Ess. Whi. Kongming"/>
  <item id="1387134539" name="Essenza Teskiant"/>
  <item id="3416567793" name="Essenza Stylossa"/>
  <item id="3164839783" name="Es. Am. Bonasorte"/>
  <item id="740066038" name="Essenza Servix"/>
  <item id="315865818" name="Essenza Eloquia"/>
  <item id="4055948092" name="Essenza Fracassia"/>
  <item id="1528541792" name="Essenza Canom"/>
  <item id="1004288901" name="Essenza Bi-Canom"/>
  <item id="1289423635" name="Essenza Herr Bero"/>
  <item id="3587332777" name="Ess. Debombrello"/>
  <item id="2731895359" name="Essenza Ingambe"/>
  <item id="1018298268" name="Essenza Gattoforo"/>
  <item id="1270271754" name="Essenza Pantomix"/>
  <item id="2511085112" name="Ess. Amplifarfalla"/>
  <item id="3535773360" name="Essenza Zardo"/>
  <item id="2780343846" name="Essenza Sballio"/>
  <item id="889697207" name="Essenza Lucenio"/>
  <item id="1107329825" name="Essenza Aurio"/>
  <item id="1956490562" name="Essenza Cancan"/>
  <item id="60464596" name="Essenza Pikiatodo"/>
  <item id="2593377390" name="Essenza Decidyo"/>
  <item id="3985964280" name="Essenza Incantella"/>
  <item id="1945135451" name="Essenza Odomal"/>
  <item id="83319245" name="Essenza Festinkas"/>
  <item id="2650671223" name="Ess. Teschiobaleno"/>
  <item id="3942201569" name="Essenza Disnero"/>
  <item id="2051417456" name="Essenza Cervoglio"/>
  <item id="222369254" name="Essenza Sentutto"/>
  <item id="1837538307" name="Essenza Testhon"/>
  <item id="1656311381" name="Essenza Zazel"/>
  <item id="444705941" name="Essenza Adelmo"/>
  <item id="2206793007" name="Essenza Nono-No"/>
  <item id="4103065017" name="Essenza Korpo"/>
  <item id="1793808410" name="Ess. Anguillahah"/>
  <item id="502032524" name="Essenza Canguilla"/>
  <item id="2229614902" name="Ess. Urnaconda"/>
  <item id="4091677088" name="Ess. Uniguerriero"/>
  <item id="1667044401" name="Essenza Imposs"/>
  <item id="341451943" name="Essenza Fuimuro"/>
  <item id="1185664960" name="Ess. Fierogambero"/>
  <item id="833421142" name="Essenza Nerorko"/>
  <item id="1873039007" name="Essenza Initio"/>
  <item id="2829430508" name="Ess. Velorapido"/>
  <item id="3751976570" name="Essenza Pericano"/>
  <item id="1103498201" name="Ess. Corrignoro"/>
  <item id="918633295" name="Essenza Jetnyan"/>
  <item id="2949147381" name="Essenza Buieroico"/>
  <item id="3637467747" name="Essenza Fericuro"/>
  <item id="1215318002" name="Ess. Velotempo"/>
  <item id="1064793956" name="Ess. Sonicombatt."/>
  <item id="683134487" name="Essenza Irritavo"/>
  <item id="2982059949" name="Ess. Pensanguro"/>
  <item id="4140397536" name="Ess. Gushelebrity"/>
  <item id="3334057787" name="Ess. Diamanyan"/>
  <item id="1490893464" name="Essenza Zaffinyan"/>
  <item id="802818574" name="Ess. Smeranyan"/>
  <item id="3067304884" name="Essenza Rubinyan"/>
  <item id="3251923746" name="Essenza Topanyan"/>
  <item id="1365997235" name="Essenza Maltango"/>
  <item id="644630053" name="Ess. Nervimacho"/>
  <item id="3626558030" name="Ess. Gusciolento"/>
  <item id="2939146968" name="Ess. Uccelladro"/>
  <item id="908493666" name="Ess. Voladdome"/>
  <item id="1092727796" name="Ess. Pupomimo"/>
  <item id="1049832704" name="Ess. Monoyoga"/>
  <item id="3745850967" name="Ess. Muchomacho"/>
  <item id="2822903489" name="Ess. Goro-Goro"/>
  <item id="827017083" name="Essenza Uccellaso"/>
  <item id="1179416557" name="Essenza Termaiale"/>
  <item id="3606276732" name="Ess. Buchinyan"/>
  <item id="2717145834" name="Ess. Tempurasan"/>
  <item id="3241399055" name="Essenza Ipnonyan"/>
  <item id="3056919449" name="Ess. Amoroscuro"/>
  <item id="792572451" name="Essenza Negatina"/>
  <item id="1480229557" name="Essenza Subitora"/>
  <item id="3328055062" name="Ess. Fortunavio"/>
  <item id="2975410048" name="Ess. Melanconico"/>
  <item id="676361786" name="Ess. Re Plorevole"/>
  <item id="3499969580" name="Essenza Affogas"/>
  <item id="1599555244" name="Essenza Quietana"/>
  <item id="3488111421" name="Essenza Neradama"/>
  <item id="3102698411" name="Essenza Malvallo"/>
  <item id="288555633" name="Essenza Malavo"/>
  <item id="1714696935" name="Essenza Scortella"/>
  <item id="973007129" name="Essenza Pradiabla"/>
  <item id="4282213213" name="Essenza Pesterr"/>
  <item id="2285523915" name="Essenza Guerriso"/>
  <item id="375309928" name="Essenza Furyo"/>
  <item id="1633285886" name="Ess. Drago Reale"/>
  <item id="4166035268" name="Ess. Dragazzurro"/>
  <item id="2404882386" name="Essenza Risfiamma"/>
  <item id="535333443" name="Ess. Robonyan F"/>
  <item id="1760541397" name="Essenza Onirosp"/>
  <item id="136852272" name="Essenza Ranyoni"/>
  <item id="2133787558" name="Ess. Koma. Sun Ce"/>
  <item id="3861271068" name="Essenza Hotei"/>
  <item id="413367817" name="Essenza Ultimio"/>
  <item id="2917841001" name="Essenza Pihihippo"/>
  <item id="2434884234" name="Ess. Lady Collung"/>
  <item id="256243497" name="Essenza Tiratto"/>
  <item id="2017642431" name="Ess. Kaporezzo"/>
  <item id="3779827205" name="Ess. Capitavere"/>
  <item id="2521605779" name="Ess. Lady Colcobra"/>
  <item id="116636418" name="Ess. Prof. Ibisyoso"/>
  <item id="1911851924" name="Ess. Pallongonfio"/>
  <item id="587555059" name="Ess. Re Jibanyan"/>
  <item id="459667185" name="Ess. Velenottobot"/>
  <item id="1818412647" name="Essenza Kyubibot"/>
  <item id="1409437797" name="Essenza Posidonio"/>
  <item id="3440050655" name="Essenza Bugisco"/>
  <item id="3121361225" name="Essenza Bianclora"/>
  <item id="610837738" name="Ess. Trisalamandra"/>
  <item id="1399821436" name="Ess. Indecidrago"/>
  <item id="3395732934" name="Essenza Robokapp"/>
  <item id="3177313616" name="Ess. Robokoma"/>
  <item id="769583297" name="Essenza Nonnobot"/>
  <item id="1524226135" name="Essenza Canombot"/>
  <item id="975065522" name="Ess. Robonoko"/>
  <item id="1293508900" name="Ess. Draghettobot"/>
  <item id="3557830814" name="Ess. Rick Assay"/>
  <item id="2736193544" name="Essenza Ipnokoma"/>
  <item id="1030985131" name="Essenza Miomacho"/>
  <item id="1249158461" name="Essenza Risciak"/>
  <item id="3548247175" name="Es. Pandebosciato"/>
  <item id="885381504" name="Essenza Origenio"/>
  <item id="1136847126" name="Essenza Orrigenio"/>
  <item id="2873431623" name="Ess. Terminyanator"/>
  <item id="2360815481" name="Essenza Koalanyan"/>
  <item id="1969211253" name="Essenza Carnino"/>
  <item id="39385059" name="Ess. Amoroseo"/>
  <item id="2605819481" name="Ess. Confundor"/>
  <item id="3965097679" name="Essenza Tarwin"/>
  <item id="1915880300" name="Ess. Mogurinyan"/>
  <item id="87372794" name="Essenza Kabukio"/>
  <item id="3946533590" name="Essenza Tomnyan"/>
  <item id="2072268615" name="Ess. Komastoppisti"/>
  <item id="209944529" name="Essenza Fre-D"/>
  <item id="1816458804" name="Essenza Bencosy"/>
  <item id="457426594" name="Essenza Sol-O-Sol"/>
  <item id="2185926424" name="Ess. Gelhuahua"/>
  <item id="4115507086" name="Essenza Offrett"/>
  <item id="1797861933" name="Ess. Quesausto"/>
  <item id="472777403" name="Ess. Ult. Nyanmurai"/>
  <item id="2346380128" name="Essenza Lodalurbe"/>
  <item id="2233946881" name="Ess. Tensiovaso"/>
  <item id="4062208919" name="Essenza Rumorio"/>
  <item id="1654619654" name="Essenza Nuggeton"/>
  <item id="362303120" name="Ess. Leonguista"/>
  <item id="1198106103" name="Essenza Rumbo"/>
  <item id="812553569" name="Essenza Leccalux"/>
  <item id="2842150107" name="Ess. John Pinna"/>
  <item id="3730895949" name="Ess. Pesh Khan"/>
  <item id="3802869422" name="Essenza Teblock"/>
  <item id="3471554932" name="Essenza Pienò"/>
  <item id="922964344" name="Essenza Negakan"/>
  <item id="2919891138" name="Essenza Kumbatto"/>
  <item id="3641520212" name="Essenza Fashin"/>
  <item id="1236413893" name="Essenza Ululay"/>
  <item id="1052056915" name="Ess. Kumbatto Rey"/>
  <item id="1584567478" name="Ess. Baguantonio"/>
  <item id="695575584" name="Essenza Rybollo"/>
  <item id="2960979354" name="Ess. Jiban. Liu Bei"/>
  <item id="887351763" name="Essenza Muulinda"/>
  <item id="3346777356" name="Essenza Ambizero"/>
  <item id="1495224495" name="Essenza Chiusella"/>
  <item id="773349433" name="Essenza Skorbia"/>
  <item id="3071357315" name="Essenza Dinaso"/>
  <item id="3222667541" name="Essenza Incapall"/>
  <item id="1353260164" name="Ess. Spioncello"/>
  <item id="665725970" name="Essenza Confusio"/>
  <item id="415699660" name="Ess. Socialbero"/>
  <item id="3119286754" name="Essenza Pygro"/>
  <item id="3656026233" name="Ess. Disturbella"/>
  <item id="2934814959" name="Essenza Rituittolo"/>
  <item id="937748821" name="Ess. Comodoso"/>
  <item id="1088674243" name="Ess. Dr. T. Cancello"/>
  <item id="3733408864" name="Ess. Dottor Nocto"/>
  <item id="197692315" name="Ess. Jibanyan T"/>
  <item id="3906726525" name="Essenza Deadcool"/>
  <item id="2843770102" name="Essenza Mutavisia"/>
  <item id="814296396" name="Ess. Innasocenti"/>
  <item id="1200496090" name="Essenza Fradicina"/>
  <item id="3610312779" name="Essenza Putzo"/>
  <item id="2687906013" name="Ess. Giormalista"/>
  <item id="3237067064" name="Ess. Tambulator"/>
  <item id="3086387630" name="Essenza Ingiallia"/>
  <item id="788518932" name="Essenza Lamentia"/>
  <item id="1509484674" name="Essenza Igienio"/>
  <item id="3348921633" name="Ess. Schiacciasemi"/>
  <item id="2962967991" name="Essenza Katanoh"/>
  <item id="697441293" name="Essenza Katachiom"/>
  <item id="1586834587" name="Ess. Sforbiroso"/>
  <item id="3458871562" name="Ess. Pupillo Panja"/>
  <item id="3106734492" name="Ess. Polpolpetto"/>
  <item id="326482984" name="Essenza Pigrabbio"/>
  <item id="1685228734" name="Essenza Malonyan"/>
  <item id="4252753156" name="Essenza Fratosto"/>
  <item id="2323443090" name="Ess. Disabilitantis"/>
  <item id="337147953" name="Ess. Sforbifuoco"/>
  <item id="1662994599" name="Essenza Pro Panja"/>
  <item id="4195752221" name="Ess. Repolpetto"/>
  <item id="1970927398" name="Ess. Supernyan"/>
  <item id="2811919546" name="Essenza Noctockio"/>
  <item id="286601762" name="Essenza Lunio"/>
  <item id="2366712203" name="Essenza Traspec"/>
  <item id="497955866" name="Essenza Sandalio"/>
  <item id="1789461644" name="Ess. Scuriflesso"/>
  <item id="175017321" name="Ess. Trispecchio"/>
  <item id="2104081919" name="Ess. Maestro Miu"/>
  <item id="663231553" name="Essenza Batkoma"/>
  <item id="3831557189" name="Essenza Malagol"/>
  <item id="2473057491" name="Essenza Maloriccio"/>
  <item id="218319216" name="Essenza Parsolino"/>
  <item id="2047113702" name="Essenza Parazol"/>
  <item id="3809290332" name="Essenza Maisicuro"/>
  <item id="2483689674" name="Ess. Incompletion"/>
  <item id="78972251" name="Essenza Spinyan"/>
  <item id="1941059021" name="Ess. Comparsol"/>
  <item id="2700589219" name="Essenza Pandora"/>
  <item id="558096042" name="Essenza Suspicion"/>
  <item id="1447358012" name="Essenza Collerio"/>
  <item id="3477979014" name="Essenza Follfango"/>
  <item id="3091894032" name="Essenza Fangozzo"/>
  <item id="640555699" name="Essenza Torcirana"/>
  <item id="1361652261" name="Essenza Cernyer"/>
  <item id="3357571999" name="Essenza Letterotta"/>
  <item id="3207023369" name="Ess. Uccelleggon"/>
  <item id="798512792" name="Essenza Bastian"/>
  <item id="1486841358" name="Essenza Corocchio"/>
  <item id="945352683" name="Ess. Prezocchio"/>
  <item id="2561744626" name="Ess. Depremummia"/>
  <item id="1139071301" name="Essenza Lantriste"/>
  <item id="1331683197" name="Essenza Saiborg Y"/>
  <item id="3595996871" name="Ess. Stancravatta"/>
  <item id="2706488913" name="Essenza Invipolpo"/>
  <item id="1060449266" name="Essenza Takkabrig"/>
  <item id="1211243364" name="Essenza Lopod"/>
  <item id="3510323934" name="Ess. Polpopolare"/>
  <item id="2788981320" name="Essenza Robonyan"/>
  <item id="914581465" name="Ess. Ragabatrax"/>
  <item id="1099192143" name="Es. Sir Nyancillotto"/>
  <item id="1998158124" name="Essenza Furiovaso"/>
  <item id="1984954" name="Es. Nuvola Azzurra"/>
  <item id="4021694052" name="Ess. Scrimonello"/>
  <item id="2568427520" name="Essenza Cupistol"/>
  <item id="3994036374" name="Ess. Melofreccio"/>
  <item id="1886698805" name="Ess. Esageraserpe"/>
  <item id="125013411" name="Ess. Jibanyan B"/>
  <item id="2658851865" name="Ess. Komasan B"/>
  <item id="3917343887" name="Ess. Usapyon B"/>
  <item id="2042818846" name="Essenza Venchaku"/>
  <item id="247841160" name="Essenza Usapyon"/>
  <item id="1845643373" name="Essenza Malizio"/>
  <item id="1909636039" name="Essenza Komanubi"/>
  <item id="419789051" name="Essenza Rivela"/>
  <item id="2148280641" name="Ess. Schelevekia"/>
  <item id="4144699863" name="Essenza Kia-Kia"/>
  <item id="1768918132" name="Essenza Felicio"/>
  <item id="510180578" name="Essenza Tridonio"/>
  <item id="2271341912" name="Ess. Mamma Aura"/>
  <item id="4033273294" name="Essenza Zia Cora"/>
  <item id="1624883295" name="Essenza Optimio"/>
  <item id="400486601" name="Ess. Lumynotto"/>
  <item id="1160715182" name="Essenza Senilfior"/>
  <item id="841493304" name="Ess. Mastro Kuoko"/>
  <item id="2871097986" name="Essenza Kumandi"/>
  <item id="3693496852" name="Ess. Dolgioioso"/>
  <item id="1111678903" name="Ess. Dolceleste"/>
  <item id="893775649" name="Essenza Muuuringa"/>
  <item id="2890710683" name="Essenza Stuf"/>
  <item id="3679161869" name="Essenza Ordinia"/>
  <item id="1274319772" name="Essenza Can-Tan"/>
  <item id="1022599946" name="Essenza Doman"/>
  <item id="1546922735" name="Ess. Chocobonyan"/>
  <item id="724769401" name="Ess. Regi. Usapyon"/>
  <item id="4242398198" name="Ess. Aristocanom"/>
  <item id="1234443670" name="Essenza Paghella"/>
  <item id="2990164931" name="Ess. Negatibuzz"/>
  <item id="3309140821" name="Essenza Malazanz"/>
  <item id="1532620534" name="Ess. Magnalestus"/>
  <item id="744414816" name="Ess. Dentrostrello"/>
  <item id="3042414554" name="Essenza Prudor"/>
  <item id="3260071756" name="Ess. Casastrello"/>
  <item id="1391436509" name="Ess. Eremistrello"/>
  <item id="635998795" name="Essenza Komasan"/>
  <item id="3685496352" name="Essenza Komajiro"/>
  <item id="2896889526" name="Ess. Indovolpina"/>
  <item id="899831564" name="Essenza Crinikoma"/>
  <item id="1118136218" name="Essenza Komagre"/>
  <item id="3703697977" name="Essenza Velenotto"/>
  <item id="2881929903" name="Ess. Velenombra"/>
  <item id="852464405" name="Essenza Maginyan"/>
  <item id="1170776963" name="Ess. Statichello"/>
  <item id="3855018679" name="Essenza Jurojin"/>
  <item id="3581394450" name="Essenza Fregmen"/>
  <item id="2725285508" name="Essenza Basbast"/>
  <item id="3266774881" name="Essenza Unabast"/>
  <item id="3048224759" name="Ess. Cammikappa"/>
  <item id="750347853" name="Ess. Nonno Fame"/>
  <item id="1539200731" name="Ess. Kiakierenata"/>
  <item id="3319448440" name="Ess. Brontolaura"/>
  <item id="3000890350" name="Ess. Squacignolo"/>
  <item id="735355476" name="Essenza Blablablo"/>
  <item id="1557369538" name="Essenza Falskus"/>
  <item id="3429666643" name="Essenza Anguirai"/>
  <item id="3144400837" name="Ess. Lord Fastilio"/>
  <item id="3381034349" name="Ess. Gugl. Dentona"/>
  <item id="314037791" name="Ess. Movikappa"/>
  <item id="1706092169" name="Essenza Offam"/>
  <item id="4240029491" name="Essenza Trèmone"/>
  <item id="2344519589" name="Essenza Bananaso"/>
  <item id="366612998" name="Essenza Inchimino"/>
  <item id="1658659472" name="Ess. Roninguilla"/>
  <item id="1712456372" name="Essenza Alpina"/>
  <item id="4225004330" name="Essenza Risvidiosa"/>
  <item id="2362655676" name="Essenza Aspretta"/>
  <item id="2177778550" name="Essenza Uovuoto"/>
  <item id="476864045" name="Essenza Aqueo"/>
  <item id="1802202811" name="Ess. Nonno Kiko"/>
  <item id="195880798" name="Essenza Melonyan"/>
  <item id="2091636680" name="Essenza Aranyan"/>
  <item id="3852633714" name="Essenza Kiwinyan"/>
  <item id="2460333796" name="Essenza Uvanyan"/>
  <item id="213984071" name="Ess. Fragonyan"/>
  <item id="2076578769" name="Ess. Angurnyan"/>
  <item id="3805233771" name="Essenza Bancacao"/>
  <item id="1756227139" name="Ess. Momonyan"/>
  <item id="531289813" name="Essenza Canyan"/>
  <item id="2258863983" name="Essenza Scimyan"/>
  <item id="4054104057" name="Essenza Pavonyan"/>
  <item id="2462177825" name="Ess. Fukurokuju"/>
  <item id="1992261598" name="Ess. P. Giuovanna"/>
  <item id="2512941821" name="Essenza Vishido"/>
  <item id="91713388" name="Ess. Barbecrudel"/>
  <item id="1919967226" name="Essenza Risperdo"/>
  <item id="545371293" name="Essenza Pantonio"/>
  <item id="1468433419" name="Ess. Domesgeco"/>
  <item id="3465532849" name="Essenza Kirin"/>
  <item id="3112756519" name="Essenza Unikirin"/>
  <item id="669806724" name="Ess. Harry Barry"/>
  <item id="3387036072" name="Essenza Lukiè"/>
  <item id="3202687294" name="Ess. Nonno Ciccio"/>
  <item id="1474488526" name="Essenza Tofupyon"/>
  <item id="810067250" name="Ess. Burlagenio"/>
  <item id="1295995255" name="Essenza Imaginix"/>
  <item id="777665711" name="Essenza Svejo"/>
  <item id="1499270201" name="Essenza Fatù"/>
  <item id="966428124" name="Ess. Elisnobetta"/>
  <item id="1318958410" name="Ess. Dracunyan"/>
  <item id="3616859376" name="Essenza Dormai"/>
  <item id="2694042726" name="Essenza Sfericca"/>
  <item id="1056391621" name="Ess. Fante Koma"/>
  <item id="1240494419" name="Essenza Curaling"/>
  <item id="3505987817" name="Ess. Canpuccino"/>
  <item id="2818445439" name="Ess. Nonno Verde"/>
  <item id="212160386" name="Essenza Kolpamì"/>
  <item id="927010286" name="Essenza Mastyk"/>
  <item id="1078345080" name="Ess. Mangiavita"/>
  <item id="1994068763" name="Ess. Linguermiera"/>
  <item id="31204237" name="Ess. Re Ale Manzo"/>
  <item id="2564125239" name="Essenza Miss Terry"/>
  <item id="4023534241" name="Ess. Incredibimbo"/>
  <item id="1907808002" name="Essenza Alfornina"/>
  <item id="112322452" name="Essenza Octaserp"/>
  <item id="2679682606" name="Essenza Sobron"/>
  <item id="3904865976" name="Essenza Rybello"/>
  <item id="2013305641" name="Essenza Graffit"/>
  <item id="252160959" name="Ess. Daikokuten"/>
  <item id="1874862682" name="Ess. Sudon-Sudon"/>
  <item id="1629203048" name="Ess. Professorso"/>
  <item id="370973438" name="Ess. Immagenio"/>
  <item id="1156411801" name="Essenza Tortastra"/>
  <item id="870990095" name="Essenza Pronfone"/>
  <item id="2867007669" name="Essenza Vaschella"/>
  <item id="3722715171" name="Essenza Pigroletto"/>
  <item id="1132508544" name="Ess. Profumarta"/>
  <item id="3673000191" name="Ess. Scavulcaniano"/>
  <item id="881296662" name="Essenza Pulishido"/>
  <item id="2911818924" name="Essenza Leccatino"/>
  <item id="3666469946" name="Ess. Leccaccione"/>
  <item id="1245116843" name="Ess. Pulishogun"/>
  <item id="1026672957" name="Ess. Sailornyan"/>
  <item id="1576419544" name="Ess. Succeschio"/>
  <item id="720465998" name="Essenza Camelia"/>
  <item id="3019383284" name="Ess. Principerla"/>
  <item id="3305050466" name="Ess. Sushinyan"/>
  <item id="2093988621" name="Ess. Komasan T"/>
  <item id="2131309557" name="Essenza Woosha"/>
  <item id="1520141505" name="Ess. Fumospirito"/>
  <item id="765244503" name="Ess. Vapornella"/>
  <item id="3029722605" name="Essenza Fetornella"/>
  <item id="3281180027" name="Essenza Ray Lux"/>
  <item id="1395509482" name="Ess. Moncurante"/>
  <item id="606795900" name="Essenza Malparlo"/>
  <item id="3664665623" name="Essenza Bacontrito"/>
  <item id="2909367425" name="Essenza Kyubi"/>
  <item id="878722363" name="Ess. Komasan S"/>
  <item id="1130827181" name="Essenza Kaldokan"/>
  <item id="3708000270" name="Ess. Tenguflamma"/>
  <item id="2852432024" name="Ess. Rabbiotonno"/>
  <item id="856553762" name="Ess. Bosserpente"/>
  <item id="1141557684" name="Essenza Jibakoma"/>
  <item id="3568686117" name="Ess. Moncurioso"/>
  <item id="2746410163" name="Ess. Bishamonten"/>
  <item id="3279252822" name="Essenza Grumoko"/>
  <item id="3027393984" name="Essenza Umio"/>
  <item id="763038842" name="Ess. Odiapesce"/>
  <item id="1518091500" name="Ess. Pioggianna"/>
  <item id="3289950543" name="Essenza Micellano"/>
  <item id="3005192665" name="Essenza Plovio"/>
  <item id="706136163" name="Ess. Detestorione"/>
  <item id="1561458933" name="Essenza Velanera"/>
  <item id="3450791268" name="Essenza Blutus"/>
  <item id="3131692530" name="Ess. Ricordarana"/>
  <item id="402178202" name="Essenza Ebisu"/>
  <item id="2074246932" name="Essenza Insudata"/>
  <item id="1582605541" name="Ess. Meteotimido"/>
  <item id="1627385868" name="Essenza Segnam"/>
  <item id="4193690038" name="Ess. Canmouse"/>
  <item id="2398196000" name="Ess. Amplicamp"/>
  <item id="278201475" name="Essenza Terrio"/>
  <item id="1737634837" name="Ess. Komajiro S"/>
  <item id="4271596975" name="Ess. Equilanciere"/>
  <item id="2308724025" name="Ess. T. Energison"/>
  <item id="421742760" name="Essenza Koma Star"/>
  <item id="1847883838" name="Essenza Carperso"/>
  <item id="249819611" name="Essenza Gratidun"/>
  <item id="2045034829" name="Es. Piccodivelocità"/>
  <item id="3773665527" name="Ess. Taglioceko"/>
  <item id="2548736097" name="Ess. Persarmato"/>
  <item id="160314818" name="Essenza Sabbeno"/>
  <item id="2122909012" name="Ess. Chiompauro"/>
  <item id="3883947246" name="Essenza Ocachu"/>
  <item id="2424792184" name="Essenza Frisco"/>
  <item id="3701225" name="Ess. Rovinasonno"/>
  <item id="2000636287" name="Ess. Scappacan"/>
  <item id="634298904" name="Essenza Gelina"/>
  <item id="1388941966" name="Essenza Nevaria"/>
  <item id="3418407732" name="Essenza Grandion"/>
  <item id="3167220642" name="Ess. Ag. Spioniglia"/>
  <item id="581133825" name="Essenza Candiglia"/>
  <item id="533641744" name="Essenza Nevina"/>
  <item id="1436833431" name="Essenza Cicalama"/>
  <item id="3433891629" name="Essenza Cicabile"/>
  <item id="3148494779" name="Essenza Buhu"/>
  <item id="722807338" name="Ess. Sciattandato"/>
  <item id="1544690364" name="Ess. Demanone"/>
  <item id="1020629849" name="Essenza Favorio"/>
  <item id="1272095695" name="Ess. Tenguleggon"/>
  <item id="3537629813" name="Ess. Tartarcordo"/>
  <item id="2782708451" name="Essenza Tengu"/>
  <item id="1001936704" name="Ess. Aspiricordo"/>
  <item id="1287612374" name="Ess. Tenguriginale"/>
  <item id="3585488492" name="Ess. Castelius II"/>
  <item id="2729510650" name="Ess. Castelius III"/>
  <item id="839785323" name="Ess. Castelius I"/>
  <item id="1158228989" name="Ess. Orobonyan"/>
  <item id="1324997007" name="Essenza Faorone"/>
  <item id="1939080606" name="Ess. Max Castelius"/>
  <item id="76756232" name="Essenza Platinos"/>
  <item id="2644141234" name="Ess. Showbonyan"/>
  <item id="3936179236" name="Essenza Whisper"/>
  <item id="1962525063" name="Ess. Whispocrate"/>
  <item id="67039505" name="Ess. Padezoma"/>
  <item id="2599919787" name="Essenza Padesolo"/>
  <item id="3991965757" name="Ess. Ansiosceriffo"/>
  <item id="2102365612" name="Essenza Mambo"/>
  <item id="172539194" name="Ess. Jibanyan S"/>
  <item id="1787770079" name="Essenza Tavolama"/>
  <item id="495453257" name="Essenza Lanchu"/>
  <item id="2223068659" name="Essenza Dopios"/>
  <item id="4085671269" name="Essenza Mutevina"/>
  <item id="1843589318" name="Essenza Mutevana"/>
  <item id="451264592" name="Essenza Insomnia"/>
  <item id="2213319146" name="Essenza Tuttosso"/>
  <item id="4109083004" name="Essenza Luminata"/>
  <item id="1683274989" name="Essenza Assonyan"/>
  <item id="4222623727" name="Ess. Hover. C. Cao"/>
  <item id="324242555" name="Essenza Ferispalla"/>
  <item id="1101162268" name="Essenza Dolorr"/>
  <item id="916805514" name="Essenza Agonio"/>
  <item id="2947286576" name="Essenza Malandro"/>
  <item id="3635099302" name="Essenza Bandido"/>
  <item id="1188012805" name="Ess. Conte Cario"/>
  <item id="835228563" name="Ess. Shogunyan"/>
  <item id="2831270441" name="Essenza Gilgador"/>
  <item id="3754357439" name="Essenza Kattivik"/>
  <item id="1333391150" name="Ess. Sonnoporco"/>
  <item id="947838904" name="Essenza Torporco"/>
  <item id="1488541277" name="Ess. Kintaronyan"/>
  <item id="364805827" name="Ess. Hovernyan S"/>
  <item id="1758038662" name="Essenza Marrabbià"/>
  <item id="801007307" name="Ess. Giavellampo"/>
  <item id="3065460593" name="Essenza Ciclopino"/>
  <item id="3249539047" name="Essenza Gelocoda"/>
  <item id="1607766596" name="Essenza Cicanto"/>
  <item id="684958418" name="Essenza Fetor"/>
  <item id="2983916392" name="Essenza Straik"/>
  <item id="3336422398" name="Ess. Usa. Zhongda"/>
  <item id="1449320047" name="Essenza Benzaiten"/>
  <item id="2682051307" name="Ess. Domandemon."/>
  <item id="864955850" name="Essenza Zomborg"/>
  <item id="560328441" name="Essenza Scioccap"/>
  <item id="3743500946" name="Essenza Fixi"/>
  <item id="2821093892" name="Essenza Danz"/>
  <item id="825174974" name="Essenza Banz"/>
  <item id="1177033512" name="Essenza Tanz"/>
  <item id="3628895883" name="Essenza Puzzetto"/>
  <item id="2940976669" name="Essenza Annebio"/>
  <item id="910356391" name="Ess. Bovindovino"/>
  <item id="1095098161" name="Ess. Malindovino"/>
  <item id="3522871968" name="Essenza Negotajo"/>
  <item id="2801660470" name="Ess. Cambiaman"/>
  <item id="3325721555" name="Essenza Mimalletta"/>
  <item id="2973584197" name="Essenza Konfuxi"/>
  <item id="674503423" name="Essenza Blando"/>
  <item id="1597188713" name="Essenza Nullio"/>
  <item id="3243753418" name="Ess. Hovernyan"/>
  <item id="3058732892" name="Ess. Toroveggente"/>
  <item id="794418918" name="Ess. Noko Stella"/>
  <item id="114658129" name="Essenza Imagino"/>
  <item id="135136099" name="Ess. Noiadamus"/>
  <item id="2175414195" name="Essenza Miku-Miku"/>
  <item id="1482616432" name="Essenza Trespy"/>
  <item id="3370251233" name="Essenza Rubaris"/>
  <item id="3219571575" name="Essenza Blubo"/>
  <item id="372943533" name="Essenza Farfanima"/>
  <item id="1631427131" name="Essenza Farfanemi"/>
  <item id="4164209537" name="Essenza Battutristo"/>
  <item id="2402548503" name="Essenza Sprek"/>
  <item id="290942644" name="Ess. Voltovuoto"/>
  <item id="1716543010" name="Essenza Pelocodo"/>
  <item id="4284026776" name="Ess. Morbocodo"/>
  <item id="2287877902" name="Essenza Serena"/>
  <item id="417407647" name="Essenza Siarena"/>
  <item id="1877348873" name="Ess. Lemmelemme"/>
  <item id="253860844" name="Essenza Quadaspy"/>
  <item id="2015800186" name="Essenza Skelebell"/>
  <item id="3778017984" name="Ess. Farfamiglio"/>
  <item id="2519255638" name="Essenza Farfavigo"/>
  <item id="139223029" name="Essenza Negasus"/>
  <item id="2135650147" name="Essenza Cominon"/>
  <item id="3863101145" name="Essenza Tupag"/>
  <item id="2437221967" name="Ess. Pelovunque"/>
  <item id="33166302" name="Essenza Sirterna"/>
  <item id="1996301128" name="Essenza Madrena"/>
  <item id="604817455" name="Ess. Spargipelo"/>
  <item id="1351560407" name="Ess. Robon. Final"/>
  <item id="693343347" name="Es. Cremcaramella"/>
  <item id="3622864949" name="Ess. Re Morton"/>
  <item id="1196397988" name="Essenza Nyastet"/>
  <item id="4138540837" name="Essenza Carpone"/>
  <item id="2861005936" name="Ess. Nyansete II"/>
  <item id="1393293497" name="Essenza Blantapiro"/>
  <item id="3389171971" name="Ess. Sanguinasio"/>
  <item id="3171260821" name="Essenza Pocotanto"/>
  <item id="593562678" name="Essenza Noko"/>
  <item id="1415986336" name="Essenza Gnomino"/>
  <item id="3446631706" name="Ess. Gnomalsorty"/>
  <item id="3127401868" name="Ess. Pandanoko"/>
  <item id="718749725" name="Essenza Fortunoko"/>
  <item id="1573941387" name="Ess. Gran Gnomino"/>
  <item id="41863088" name="Ess. Ambasc. Luxus"/>
  <item id="1024981358" name="Essenza Ovojo"/>
  <item id="1242614264" name="Ess. Prestamme"/>
  <item id="3541669954" name="Ess. Conte Zapula"/>
  <item id="2753472724" name="Ess. Pollotruffante"/>
  <item id="981089655" name="Ess. Scontroserpe"/>
  <item id="1300041185" name="Essenza Aladron"/>
  <item id="3564395611" name="Ess. Odisseanyan"/>
  <item id="1149836636" name="Ess. Ind. Squalones"/>
  <item id="3716173030" name="Essenza Miopatra"/>
  <item id="2742250701" name="Essenza Draghetto"/>
  <item id="869036380" name="Essenza Leopigro"/>
  <item id="1154171338" name="Essenza Panbotto"/>
  <item id="1918267305" name="Essenza Casanuva"/>
  <item id="89218879" name="Essenza Casanono"/>
  <item id="2623016581" name="Ess. Barbonbel"/>
  <item id="3948887571" name="Essenza Leoforte"/>
  <item id="1966844848" name="Ess. Bloccospino"/>
  <item id="37526310" name="Ess. Pesospino"/>
  <item id="2603993756" name="Essenza Ghelo"/>
  <item id="3962763786" name="Essenza Vulcando"/>
  <item id="2089674651" name="Ess. Incontifante"/>
  <item id="193648397" name="Ess. Duroboscide"/>
  <item id="1800232680" name="Ess. Resistofante"/>
  <item id="474639998" name="Ess. Machonyan"/>
  <item id="2235776964" name="Ess. Sumbrodo"/>
  <item id="4064546642" name="Ess. Brodozuna"/>
  <item id="1814076145" name="Ess. Alga Sensei"/>
  <item id="455584359" name="Ess. Tèntennante"/>
  <item id="1526720516" name="Ess. Fisicomico"/>
  <item id="2184117213" name="Ess. Dimenticap"/>
  <item id="4113156939" name="Ess. Craniovuoto"/>
  <item id="1704384218" name="Essenza Sbattituro"/>
  <item id="311551564" name="Ess. WOWDrillo"/>
  <item id="1080036651" name="Ess. Scassauro"/>
  <item id="929512893" name="Essenza Grillorbice"/>
  <item id="2926472199" name="Essenza Nipponon"/>
  <item id="3647560849" name="Essenza Kapunkai"/>
  <item id="1192085810" name="Essenza Rinofante"/>
  <item id="806025636" name="Essenza Rinorme"/>
  <item id="2835589150" name="Ess. Multicorno"/>
  <item id="3724843144" name="Ess. Dimentigrand"/>
  <item id="1320912153" name="Essenza Nihilo"/>
  <item id="968668559" name="Essenza Koross"/>
  <item id="1501248618" name="Ess. Dinostruggo"/>
  <item id="779881724" name="Essenza Goffzilla"/>
  <item id="3077922118" name="Ess. Komajiro Dieci"/>
  <item id="3228724688" name="Ess. Jolly Whisper"/>
  <item id="551934040" name="Ess. Nerorko Lu Bu"/>
  <item id="28856136" name="Ess. Scheletristo"/>
  <item id="976773601" name="Essenza Dorago"/>
  <item id="1578563699" name="Ess. Scarafante"/>
  <item id="689031397" name="Essenza Scaragen"/>
  <item id="2954402143" name="Ess. Scaragone"/>
  <item id="3340741065" name="Ess. Babbo Saetta"/>
  <item id="1470149720" name="Essenza Zio Infinio"/>
  <item id="547849422" name="Ess. Prodemone"/>
  <item id="3739426981" name="Ess. Rettilarbitro"/>
  <item id="2850295859" name="Essenza Falkappa"/>
  <item id="820855177" name="Ess. Foreskappa"/>
  <item id="1206546719" name="Ess. Fuorkappa"/>
  <item id="3650020540" name="Essenza Sabbio"/>
  <item id="2928268330" name="Ess. Sig. Sabbio"/>
  <item id="931169680" name="Essenza Guido"/>
  <item id="1082635526" name="Essenza Restat"/>
  <item id="3493374103" name="Essenza Avodus"/>
  <item id="2805962753" name="Ess. Wondernyan"/>
  <item id="3354923492" name="Essenza Woosh 2"/>
  <item id="2969510258" name="Essenza Terrogo"/>
  <item id="704016584" name="Essenza Vabben"/>
  <item id="1592868958" name="Ess. Locandemonia"/>
  <item id="3231045117" name="Essenza Baku"/>
  <item id="3079857515" name="Essenza Nerdio"/>
  <item id="781956305" name="Ess. Kyubi Nero"/>
  <item id="1503429703" name="Essenza Rugada"/>
  <item id="3374553558" name="Essenza Perennia"/>
  <item id="3190073664" name="Essenza Eternia"/>
  <item id="343676148" name="Essenza Oniria"/>
  <item id="1669014626" name="Essenza Anirica"/>
  <item id="4201805272" name="Essenza Wokscillo"/>
  <item id="2373272910" name="Essenza Pestifero"/>
  <item id="319934701" name="Ess. Hackerrimo"/>
  <item id="1708427852" name="Ess. Educatorso"/>
  <item id="1679220859" name="Ess. Velominimo"/>
  <item id="4246712769" name="Essenza Usheila"/>
  <item id="2316861783" name="Es. Esagerhambur."/>
  <item id="447192262" name="Essenza Stordo"/>
  <item id="1839246416" name="Ess. Ghiandubbio"/>
  <item id="224863669" name="Ess. Kappadonna"/>
  <item id="2053117219" name="Ess. Rumboroso"/>
  <item id="3815326873" name="Essenza Kimera"/>
  <item id="2490266639" name="Essenza Remera"/>
  <item id="168485292" name="Ess. Povereroe"/>
  <item id="2098057530" name="Essenza Rovinella"/>
  <item id="3825500288" name="Essenza Darknyan"/>
  <item id="2466492438" name="Ess. Maximus Puro"/>
  <item id="62696839" name="Ess. Maximus Deca"/>
  <item id="3746185141" name="Essenza Maloriccio"/>
  <item id="1178824207" name="Ess. Att. ignorante"/>
  <item id="826564249" name="Essenza Combo"/>
  <item id="2938161978" name="Essenza rovente"/>
  <item id="3626498988" name="Essenza fradicia"/>
  <item id="1093577238" name="Essenza elettrica"/>
  <item id="908696192" name="Essenza stellare"/>
  <item id="2794882833" name="Essenza gelida"/>
  <item id="3515987847" name="Essenza rotante"/>
  <item id="2975219298" name="Ess. Purificazione"/>
  <item id="3327201012" name="Essenza soave"/>
  <item id="1599627086" name="Essenza guardia"/>
  <item id="3057384059" name="Essenza unica"/>
  <item id="3241986797" name="Essenza sinistra"/>
  <item id="1479908183" name="Essenza Carica"/>
  <item id="791849921" name="Essenza furtiva"/>
  <item id="3213735504" name="Essenza perfetta"/>
  <item id="3364521670" name="Essenza affabile"/>
  <item id="2591780257" name="Essenza leggera"/>
  <item id="3984350519" name="Essenza evocata"/>
  <item id="1953827981" name="Essenza furia"/>
  <item id="57818139" name="Essenza rossa"/>
</items>
