<?xml version='1.0' encoding='utf-8'?>
<items>
  <item id="508414116" name="Chocobar"/>
  <item id="2150194439" name="Plum Rice Ball"/>
  <item id="1766520882" name="Shrimp Rice Ball"/>
  <item id="4030966152" name="Deluxe Rice Ball"/>
  <item id="1848065067" name="Staminum"/>
  <item id="2269419806" name="Staminum Alpha"/>
  <item id="402359439" name="Staminum Omega"/>
  <item id="1627173913" name="Str. Talisman"/>
  <item id="3882492" name="Super Str. Talisman"/>
  <item id="2000424298" name="Ultra Str. Talisman"/>
  <item id="3996474576" name="Spirit Talisman"/>
  <item id="2570218566" name="Sup. Spirit Talisman"/>
  <item id="123140581" name="Ult. Spirit Talisman"/>
  <item id="1884408179" name="Def. Talisman"/>
  <item id="3914897609" name="Sup. Def. Talisman"/>
  <item id="2657069151" name="Ultra Def. Talisman"/>
  <item id="249607630" name="Getaway Plush"/>
  <item id="2045216088" name="Getaway Puppet"/>
  <item id="722890303" name="Getaway Daruma"/>
  <item id="3691200082" name="Signibble Trap"/>
  <item id="1544642217" name="Signiton Trap"/>
  <item id="3306688275" name="Statiking Trap"/>
  <item id="1158311912" name="Blaze Bomb"/>
  <item id="2988392325" name="Super Blaze Bomb"/>
  <item id="746301990" name="Ultra Blaze Bomb"/>
  <item id="1534892720" name="Force Blaster"/>
  <item id="3262499594" name="Force Blaster G"/>
  <item id="3044211612" name="Force Blaster GX"/>
  <item id="2869169860" name="Robo Fist"/>
  <item id="634250765" name="Robo Fist F"/>
  <item id="1389024923" name="Golden Fist"/>
  <item id="895523687" name="Dimmy Field"/>
  <item id="1114090481" name="Blandon Field"/>
  <item id="3681483339" name="Nul Field"/>
  <item id="2102184377" name="Extensive Map"/>
  <item id="1683486968" name="Trap Tonic"/>
  <item id="1333439291" name="Charm Fragrance"/>
  <item id="947755949" name="Allure Fragrance"/>
  <item id="2708785687" name="Enthrall Fragrance"/>
  <item id="1449237114" name="Berserker's Orb"/>
  <item id="3522791093" name="Defender's Orb"/>
  <item id="2005085351" name="Calorie Crunch"/>
  <item id="4002053405" name="Calorie Crunch L"/>
  <item id="2576174475" name="Calorie Crunch XL"/>
  <item id="132765736" name="Protein Punch"/>
  <item id="1894705342" name="Extra Pouch"/>
  <item id="3924277508" name="Whomper Weight"/>
  <item id="2665515410" name="Reinforced Plate"/>
  <item id="241144835" name="Staminum"/>
  <item id="2035852437" name="Getaway Plush"/>
  <item id="1983989392" name="Odor Eater"/>
  <item id="4014479146" name="Stealth Boots"/>
  <item id="2555324348" name="Necrodim. Sensor"/>
  <item id="103526943" name="Safety Helmet"/>
  <item id="1898742409" name="Item Sensor"/>
  <item id="3894793011" name="Slow Timer"/>
  <item id="176907053" name="Debug Item 1"/>
  <item id="2474783383" name="Debug Item 2"/>
  <item id="3833922049" name="Debug Item 3"/>
</items>
