<?xml version='1.0' encoding='utf-8'?>
<items>
  <item id="2592718716" name="Éclat vaillant"/>
  <item id="1955061328" name="Éclat mystérieux"/>
  <item id="2648996709" name="Éclat costaud"/>
  <item id="1944721993" name="Éclat mignon"/>
  <item id="3814000600" name="Éclat bienveillant"/>
  <item id="3940764659" name="Éclat sombre"/>
  <item id="82651871" name="Éclat sinistre"/>
  <item id="58781382" name="Éclat insaisissable"/>
  <item id="2488416078" name="Essence vaillante"/>
  <item id="2207419965" name="Essence mystér."/>
  <item id="1839001361" name="Essence costaud"/>
  <item id="2231323172" name="Essence mignonne"/>
  <item id="502668190" name="Essence bienv."/>
  <item id="446422919" name="Essence sombre"/>
  <item id="4093147826" name="Essence sinistre"/>
  <item id="4103454379" name="Essence insaisis."/>
  <item id="1794190088" name="Cristal vaillant"/>
  <item id="2370373135" name="Cristal mystérieux"/>
  <item id="2831146494" name="Cristal costaud"/>
  <item id="1186053330" name="Cristal mignon"/>
  <item id="3637848433" name="Cristal bienveillant"/>
  <item id="3753438568" name="Cristal sombre"/>
  <item id="834047044" name="Cristal sinistre"/>
  <item id="4199429785" name="Cristal insaisis."/>
  <item id="2949781991" name="Orbe vaillant"/>
  <item id="1104967883" name="Orbe mystérieux"/>
  <item id="2791593420" name="Orbe costaud"/>
  <item id="2980375743" name="Orbe mignon"/>
  <item id="682474757" name="Orbe bienveillant"/>
  <item id="3512952154" name="Orbe sombre"/>
  <item id="3332627497" name="Orbe sinistre"/>
  <item id="920340573" name="Orbe insaisissable"/>
  <item id="1605012883" name="Seau Crocho"/>
  <item id="3251509296" name="Corde Crocho"/>
  <item id="3066636454" name="Seau bois Crocho"/>
  <item id="801143068" name="Corde paille Crocho"/>
  <item id="1489455498" name="Seau métal Crocho"/>
  <item id="3363329051" name="Corde sup. Crocho"/>
  <item id="3212797069" name="Bassin de Grolos"/>
  <item id="2313308910" name="Dent de Grolos"/>
  <item id="4276451960" name="Colonne de Grolos"/>
  <item id="1743530946" name="Côte de Grolos"/>
  <item id="283843412" name="Crâne de Grolos"/>
  <item id="2391772919" name="Cœur de Grolos"/>
  <item id="4186488417" name="Serviette Terreur"/>
  <item id="1619128283" name="Dentier Terreur"/>
  <item id="394714957" name="Serv. Terreur dorée"/>
  <item id="2268709596" name="Dentier Terreur chic"/>
  <item id="4030657098" name="Serv. Terreur turbo"/>
  <item id="2432269231" name="Dentier Terreur or"/>
  <item id="3892202297" name="Crochet Carpitaine"/>
  <item id="2130123395" name="Barque Carpitaine"/>
  <item id="166734357" name="Hameçon Carpitaine"/>
  <item id="2543108022" name="Bateau Carpitaine"/>
  <item id="3767766816" name="Canne Carpitaine"/>
  <item id="2040192666" name="Navire Carpitaine"/>
  <item id="245231116" name="Langue de Triptyk"/>
  <item id="2653090717" name="Œil de Triptyk"/>
  <item id="3911566091" name="Langue Triptyk S"/>
  <item id="3151243372" name="Grand œil Triptyk"/>
  <item id="3436386554" name="Langue Triptyk U"/>
  <item id="1440368960" name="Œil noir Triptyk"/>
  <item id="584939990" name="Corne de Gargaros"/>
  <item id="3166301301" name="Pic Gargaros"/>
  <item id="3418283235" name="Corne Gargaros S"/>
  <item id="1387760985" name="Pointe Gargaros S"/>
  <item id="632339919" name="Corne Gargaros U"/>
  <item id="3037700190" name="Pointe Gargaros U"/>
  <item id="3255341256" name="Bassin de Blingos"/>
  <item id="2731481389" name="Dent de Blingos"/>
  <item id="3586664891" name="Colonne de Blingos"/>
  <item id="1287747585" name="Côte de Blingos"/>
  <item id="1002850455" name="Crâne de Blingos"/>
  <item id="2778914100" name="Cœur de Blingos"/>
  <item id="3534089634" name="Dent Démophage"/>
  <item id="1269611544" name="Collier Démophage"/>
  <item id="1017875598" name="Canine Démophage"/>
  <item id="2887029023" name="Sautoir Démophage"/>
  <item id="3675496841" name="Molaire Démophage"/>
  <item id="626460130" name="Perles Démophage"/>
  <item id="1380988276" name="Corne Ogralos"/>
  <item id="3411633358" name="Pointe Ogralos"/>
  <item id="3160298584" name="Corne Ogralos S"/>
  <item id="574276091" name="Pointe Ogralos S"/>
  <item id="1430122861" name="Corne Ogralos U"/>
  <item id="3426001111" name="Pointe Ogralos U"/>
  <item id="3140718657" name="Tissu de prisonnier"/>
  <item id="730631632" name="Chaîne de menottes"/>
  <item id="1552661830" name="Étoffe de prisonnier"/>
  <item id="1011627171" name="Chaîne robuste"/>
  <item id="1263207477" name="Habit de prisonnier"/>
  <item id="3527562639" name="Chaîne bling"/>
  <item id="2772788505" name="Dent Vampéric"/>
  <item id="992080058" name="Collier Vampéric"/>
  <item id="1277607980" name="Canine Vampéric"/>
  <item id="3576664470" name="Sautoir Vampéric"/>
  <item id="2720571648" name="Molaire Vampéric"/>
  <item id="848805009" name="Perles Vampéric"/>
  <item id="1167100935" name="Corbeille Porcinator"/>
  <item id="3964462557" name="Ficelle Porcinator"/>
  <item id="2605438283" name="Bassine Porcinator"/>
  <item id="37913841" name="Corde Porcinator"/>
  <item id="1967502439" name="Seau Porcinator"/>
  <item id="3944817092" name="Câble Porcinator"/>
  <item id="2619740498" name="Pot de Potofeu"/>
  <item id="86982888" name="Saleté de Potofeu"/>
  <item id="1915252862" name="Pot noir de Potofeu"/>
  <item id="3801574895" name="Crasse de Potofeu"/>
  <item id="2509266297" name="Pot doré de Potofeu"/>
  <item id="4116173980" name="Boue de Potofeu"/>
  <item id="2186339338" name="Crochet de Styx"/>
  <item id="458864048" name="Barque de Styx"/>
  <item id="1818133798" name="Hameçon de Styx"/>
  <item id="4063891589" name="Bateau de Styx"/>
  <item id="2235375635" name="Canne de Styx"/>
  <item id="473199017" name="Cuirassé de Styx"/>
  <item id="1798521151" name="Langue d'Hydreux"/>
  <item id="4220279982" name="Œil d'Hydreux"/>
  <item id="2357947448" name="Langue Hydreux S"/>
  <item id="3732571999" name="Œil énorme Hydreux"/>
  <item id="2843588553" name="Langue Hydreux U"/>
  <item id="812967539" name="Œil doré d'Hydreux"/>
  <item id="1198773989" name="Petit sac de Komak"/>
  <item id="3642180422" name="Bombe de Komak"/>
  <item id="2920313808" name="Sac solide Komak"/>
  <item id="924394090" name="Grosse bombe"/>
  <item id="1075712764" name="Sac chic de Komak"/>
  <item id="3500216173" name="Bombe crâne"/>
  <item id="2812690427" name="Croc de Jiganyan"/>
  <item id="3345069598" name="Perle de Jiganyan"/>
  <item id="2959509128" name="Croc noir Jiganyan"/>
  <item id="695195442" name="Perle brut. Jiganyan"/>
  <item id="1583933348" name="Croc infect Jiganyan"/>
  <item id="3222041095" name="Perle bestiale"/>
  <item id="3070968465" name="Moteur 28"/>
  <item id="771887915" name="Batterie 28"/>
  <item id="1493509053" name="Super moteur 28"/>
  <item id="3384426028" name="Super batterie 28"/>
  <item id="3200061114" name="Ultra moteur 28"/>
  <item id="2283806937" name="Ultra batterie 28"/>
  <item id="4280750159" name="Fil de Filomène"/>
  <item id="1714307573" name="Gemme Filomène"/>
  <item id="287928675" name="Toile de Filomène"/>
  <item id="2404246720" name="Cristal de Filomène"/>
  <item id="4165653590" name="Or filé de Filomène"/>
  <item id="1631815148" name="Rubis de Filomène"/>
  <item id="373601658" name="McEncre"/>
  <item id="2264639723" name="McTentacule"/>
  <item id="4059863165" name="McEncre épaisse"/>
  <item id="2436567448" name="McTentacule ferme"/>
  <item id="3862700302" name="McEncre dense"/>
  <item id="2134208692" name="McTentacule royale"/>
  <item id="137510946" name="Chou à la Crème"/>
  <item id="2522273153" name="Whispoplasme"/>
  <item id="3780240663" name="Crème fraîche"/>
  <item id="2019079341" name="Ectoplasme fouetté"/>
  <item id="257918011" name="Crème brûlée"/>
  <item id="2682296746" name="Plasma sinistre"/>
  <item id="3907496252" name="Masque théatral"/>
  <item id="3122020955" name="Lanterne"/>
  <item id="3440472781" name="Grand masque"/>
  <item id="1410868087" name="Grande lanterne"/>
  <item id="589239265" name="Sac d'Extrabuki"/>
  <item id="3178989122" name="Pipe d'Extrabuki"/>
  <item id="3397170900" name="Bassin de Bogos"/>
  <item id="1400235886" name="Dent de Bogos"/>
  <item id="611506168" name="Colonne de Bogos"/>
  <item id="3033385577" name="Côte de Bogos"/>
  <item id="3284859647" name="Crâne de Bogos"/>
  <item id="2735567642" name="Cœur de Bogos"/>
  <item id="3557442444" name="Duvet de Lady"/>
  <item id="1292046902" name="Cœur de Lady"/>
  <item id="973349536" name="Duvet gris de Lady"/>
  <item id="2757801731" name="Cœur gris de Lady"/>
  <item id="3546777493" name="Duvet doux de Lady"/>
  <item id="1248777775" name="Cœur doux de Lady"/>
  <item id="1030350521" name="Corne Orqanos"/>
  <item id="2916547368" name="Pointe Orqanos"/>
  <item id="3671182270" name="Corne Orqanos S"/>
  <item id="613773269" name="Pointe Orqanos S"/>
  <item id="1402101571" name="Corne Orqanos U"/>
  <item id="3399159545" name="Pointe Orqanos U"/>
  <item id="3181133423" name="Plan"/>
  <item id="603499468" name="Vassal"/>
  <item id="1426037594" name="Plan secret"/>
  <item id="3455503072" name="Serviteur"/>
  <item id="3136420470" name="Super plan"/>
  <item id="709814247" name="Acolyte"/>
  <item id="1565120369" name="Griffe d'Omai"/>
  <item id="1032740500" name="Orbe d'Omai"/>
  <item id="1250520578" name="Collier d'Omai"/>
  <item id="3548397496" name="Orbe noir d'Omai"/>
  <item id="2760314670" name="Canine d'Omai"/>
  <item id="987994765" name="Orbe doré d'Omai"/>
  <item id="1306831387" name="Griffe rouge"/>
  <item id="3572366241" name="Bronze rouge"/>
  <item id="2750073655" name="Collier rouge"/>
  <item id="861263526" name="Argent rouge"/>
  <item id="1146283568" name="Moustache rouge"/>
  <item id="3993656196" name="Or rouge"/>
  <item id="2567793426" name="Griffe Z."/>
  <item id="277160" name="Corne Z."/>
  <item id="1996687934" name="Griffe Z. perfide"/>
  <item id="3915882397" name="Corne Z. perfide"/>
  <item id="2657136395" name="Griffe Z. fatale"/>
  <item id="124386993" name="Corne Z. divine"/>
  <item id="1886309927" name="Casque stellaire"/>
  <item id="3771847606" name="Fusée"/>
  <item id="2547442464" name="Visière cosmique"/>
  <item id="4145113797" name="Fusée éclair"/>
  <item id="2148948563" name="Casque Big Bang"/>
  <item id="421465065" name="Fusée Big Bang"/>
  <item id="1847081855" name="Lune du Roi"/>
  <item id="4034703068" name="Gants du Roi"/>
  <item id="2273025610" name="Lune rusée du Roi"/>
  <item id="510840816" name="Gants rusés du Roi"/>
  <item id="1769340774" name="Lune cruelle du Roi"/>
  <item id="4190823159" name="Gants cruels du Roi"/>
  <item id="326094650" name="Lune rousse du Roi"/>
  <item id="2366331545" name="Gants rouges du Roi"/>
  <item id="2395853409" name="Couronne 2.0"/>
  <item id="3694934278" name="Subalterne 2.0"/>
  <item id="2872773008" name="Diadème 2.0"/>
  <item id="842160170" name="Associé 2.0"/>
  <item id="1161128124" name="Halo 2.0"/>
  <item id="3679583519" name="Carte de visite 2.0"/>
  <item id="2891369865" name="Moteur 3000"/>
  <item id="895458355" name="Batterie 3000"/>
  <item id="1113107621" name="Super moteur 3000"/>
  <item id="3538399540" name="Super batterie 3000"/>
  <item id="2782953890" name="Antenne 3000"/>
  <item id="3307669575" name="Toupie 3000"/>
  <item id="2988456145" name="Canine Or 18k"/>
  <item id="724134251" name="Orbe Or chanceux"/>
  <item id="1546541565" name="Canine Or 24k"/>
  <item id="3259681886" name="Orbe Or béni"/>
  <item id="3041787080" name="Griffe Or Tourb."/>
  <item id="742698354" name="Orbe Or marin"/>
  <item id="1531157988" name="Corde dorée"/>
  <item id="3422322805" name="Pièce chance dorée"/>
  <item id="3170611427" name="Corde succès dorée"/>
  <item id="2321981056" name="Amulette dorée"/>
  <item id="4251037206" name="Corde trésor dorée"/>
  <item id="1684602796" name="Pièce fortune dorée"/>
  <item id="4195117583" name="Pierre de lune"/>
</items>
