<?xml version='1.0' encoding='utf-8'?>
<items>
  <item id="1332445335" name="Trophée de débutant"/>
  <item id="3596800301" name="Trophée de gratitude"/>
  <item id="2707808699" name="Trophée grandiose"/>
  <item id="1057059864" name="Prix Pattes et Griffes"/>
  <item id="1208370318" name="Prix Komandant"/>
  <item id="3507426612" name="Autographe du PDG"/>
  <item id="2785551778" name="Morceaux d'amour"/>
  <item id="917977139" name="Ceinture de champion"/>
  <item id="1102055589" name="Blaster ultime"/>
  <item id="561480000" name="Orbe oni en or pur"/>
  <item id="1450226134" name="Note de remerciement"/>
  <item id="3480871020" name="Devise du coach"/>
  <item id="3095318778" name="Statue du coach"/>
  <item id="639255897" name="Éventail d'or"/>
  <item id="1360885199" name="Statue d'Orqanos"/>
  <item id="3356763253" name="Statue de Filomène"/>
  <item id="3205698787" name="Statue de Komak"/>
  <item id="799803762" name="Statue de Jiganyan"/>
  <item id="1487616484" name="Statue de Domniscian"/>
  <item id="173724291" name="Statue de Marmonneur"/>
  <item id="2103304725" name="Statue de Tata"/>
  <item id="3830756271" name="Statue de Potofeu"/>
  <item id="496659440" name="Parchemin défi rouge"/>
  <item id="1788697446" name="Parchemin défi blanc"/>
  <item id="2471723833" name="Beignet farceur"/>
  <item id="221714074" name="Beignet bouffi"/>
  <item id="2049975820" name="Beignet psychique"/>
  <item id="4196550391" name="Combi de Jibanyan B"/>
  <item id="2368042593" name="Combi de Komasan B"/>
  <item id="75586225" name="Équipement de football"/>
  <item id="1938188839" name="Équipement de plongée"/>
  <item id="323085250" name="Équipement militaire"/>
  <item id="1682363220" name="Équipement de course"/>
  <item id="3812194230" name="Grelot magique"/>
  <item id="2487109408" name="Grelot du chevalier"/>
  <item id="4249846510" name="Drapeau 1re place"/>
  <item id="2320020088" name="Boulette pour chien"/>
  <item id="338438107" name="Boulette pour singe"/>
  <item id="1663768397" name="Boulette pour faisan"/>
  <item id="1543533829" name="Coffre du Roi Dragon"/>
  <item id="721896851" name="Bonbon de Kintaronyan"/>
  <item id="2987267113" name="Combi d'Usapyon B"/>
  <item id="3305710783" name="Médaille Enma"/>
  <item id="1533915420" name="Rouleau de l'empereur"/>
  <item id="3261391014" name="LES VAILLANTS"/>
  <item id="745177482" name="LES MYSTÉRIEUX"/>
  <item id="3043217456" name="LES COSTAUDS"/>
  <item id="1390148919" name="LES MIGNONS"/>
  <item id="635227553" name="LES BIENVEILLANTS"/>
  <item id="1159414852" name="LES SOMBRES"/>
  <item id="840725714" name="LES SINISTRES"/>
  <item id="2870289768" name="LES INSAISISSABLES"/>
  <item id="3692172798" name="LES LÉGENDAIRES"/>
  <item id="1115062365" name="ENMA"/>
  <item id="896643275" name="Neatles"/>
  <item id="2893603185" name="Pinto Crusaders"/>
  <item id="3682587111" name="The Water Boyz"/>
  <item id="1270926454" name="Disque mystère"/>
  <item id="1019739360" name="Nomnom Brothers"/>
  <item id="1849038727" name="Red Hot Oni Backers"/>
  <item id="422651665" name="Kintaronyan Trio (A)"/>
  <item id="2046209780" name="Kintaronyan Trio (B)"/>
  <item id="4148119101" name="Disque : Coach Antonic"/>
  <item id="1767625630" name="Disque : Hovernyan"/>
  <item id="2270540466" name="Disque : Brumaïs"/>
  <item id="4031939108" name="Disque : Loubarbare"/>
  <item id="1626185653" name="Disque : Jibanyan"/>
  <item id="401256227" name="Disque : Komasan"/>
  <item id="2758224" name="Disque : Chauvekipeut"/>
  <item id="2569226218" name="Disque : Lulugubre"/>
  <item id="1883300575" name="Disque : Usapyon"/>
  <item id="122147401" name="Disque : Shogunyan"/>
  <item id="2655945715" name="Disque joyeux"/>
  <item id="4038408713" name="Pass star VIP"/>
</items>
