<?xml version='1.0' encoding='utf-8'?>
<items>
  <item id="2415208695" name="Amitié"/>
  <item id="385644877" name="1er prix"/>
  <item id="1643858395" name="Explosion"/>
  <item id="4288666744" name="Mode ninja"/>
  <item id="2291723502" name="Portion XXL d'orbes"/>
  <item id="294763860" name="Popularité"/>
  <item id="1721142722" name="Avalanche d'objets"/>
  <item id="4129919059" name="Portion XL d'orbes"/>
  <item id="2385986240" name="Démophage"/>
  <item id="389944186" name="Super Démophage"/>
  <item id="1614357484" name="Ultra Démophage"/>
  <item id="4267554383" name="Potofeu"/>
  <item id="2304411353" name="Super Potofeu"/>
  <item id="273930083" name="Ultra Potofeu"/>
  <item id="1733617653" name="McKraken"/>
  <item id="4159437412" name="Super McKraken"/>
  <item id="2163002098" name="Ultra McKraken"/>
  <item id="3760931607" name="Bogos"/>
  <item id="2536272769" name="Super Bogos"/>
  <item id="237314619" name="Ultra Bogos"/>
  <item id="2032276141" name="Filomène"/>
  <item id="3880158990" name="Super Filomène"/>
  <item id="2420225944" name="Ultra Filomène"/>
  <item id="155772450" name="Lady Perpétua"/>
  <item id="2119161524" name="Lady Perpétua S"/>
  <item id="4008758053" name="Lady Perpétua U"/>
  <item id="2583165875" name="Extrabuki"/>
  <item id="3406172372" name="Super Extrabuki"/>
  <item id="3154190402" name="Ultra Extrabuki"/>
  <item id="621310456" name="Jiganyan"/>
  <item id="1376731502" name="Super Jiganyan"/>
  <item id="3429618893" name="Ultra Jiganyan"/>
  <item id="3144475739" name="Komak"/>
  <item id="577091041" name="Super Komak"/>
  <item id="1432520055" name="Ultra Komak"/>
  <item id="3319634150" name="Marmonneur en série"/>
  <item id="3000674416" name="Marmonneur en série S"/>
  <item id="3525124501" name="Marmonneur en série U"/>
  <item id="2769948931" name="Tata la Terreur"/>
  <item id="1007894713" name="Tata la Terreur S"/>
  <item id="1259630639" name="Tata la Terreur U"/>
  <item id="3580945804" name="Crème Chantiwhisp"/>
  <item id="2725762330" name="Crème Chantiwhisp S"/>
  <item id="998147232" name="Crème Chantiwhisp U"/>
  <item id="1283044406" name="Robonyan 28"/>
  <item id="3704007079" name="Robonyan 28 S"/>
  <item id="2881591601" name="Robonyan 28 U"/>
  <item id="2640099154" name="Domniscian"/>
  <item id="3931867076" name="Super Domniscian"/>
  <item id="1934808702" name="Ultra Domniscian"/>
  <item id="72738536" name="Omai Tourbillonnant"/>
  <item id="2586932043" name="Omai Tourbillonnant S"/>
  <item id="3979756509" name="Omai Tourbillonnant U"/>
  <item id="1950290535" name="Pattes Rouges"/>
  <item id="54010609" name="Pattes Rouges S"/>
  <item id="2475114336" name="Pattes Rouges U"/>
  <item id="3833597942" name="Orqanos"/>
  <item id="2219279891" name="Super Orqanos"/>
  <item id="4081104517" name="Ultra Orqanos"/>
  <item id="1783228223" name="Capitaine Tonnerre"/>
  <item id="491706281" name="Capitaine Tonnerre S"/>
  <item id="2200584714" name="Capitaine Tonnerre U"/>
  <item id="4096619164" name="Robonyan 3000"/>
  <item id="1831084838" name="Robonyan 3000 S"/>
  <item id="438506416" name="Robonyan 3000 U"/>
  <item id="2325483041" name="Griffes Dorées"/>
  <item id="4254809783" name="Griffes Dorées S"/>
  <item id="2943014352" name="Griffes Dorées U"/>
  <item id="3631080774" name="Or Tourbillonnant"/>
  <item id="1097118972" name="Or Tourbillonnant S"/>
  <item id="912491626" name="Or Tourbillonnant U"/>
  <item id="2819035593" name="Domniscian 2.0"/>
  <item id="3741327711" name="Domniscian 2.0 S"/>
  <item id="1175023845" name="Domniscian 2.0 U"/>
  <item id="823017587" name="Zazel"/>
  <item id="2712755682" name="Super Zazel"/>
  <item id="3602279796" name="Ultra Zazel"/>
  <item id="3060917393" name="Roi Shogun"/>
  <item id="3245790215" name="Super Roi Shogun"/>
  <item id="1484752317" name="Ultra Roi Shogun"/>
</items>
