<?xml version='1.0' encoding='utf-8'?>
<items>
  <item id="3379315793" name="Barre de chocolat"/>
  <item id="1421573352" name="Riz à la prune"/>
  <item id="1909465908" name="Riz à la crevette"/>
  <item id="1667599578" name="Riz supérieur"/>
  <item id="4273124451" name="Staminum"/>
  <item id="3688491967" name="Staminum Alpha"/>
  <item id="2210069481" name="Staminum Omega"/>
  <item id="990289036" name="Talisman de force"/>
  <item id="2070870710" name="Super talisman for."/>
  <item id="3285360083" name="Ultra talisman for."/>
  <item id="3513201213" name="Talisman d'esprit"/>
  <item id="1775981912" name="Super talism. d'esp."/>
  <item id="4094455265" name="Ultra talisman d'esp."/>
  <item id="1286605444" name="Talisman de déf."/>
  <item id="1577428330" name="Super talisman déf."/>
  <item id="3870933519" name="Ultra talisman déf."/>
  <item id="3202011737" name="Poupée de fuite"/>
  <item id="107394364" name="Peluche de fuite"/>
  <item id="1020166246" name="Daruma de fuite"/>
  <item id="2879873373" name="Piège de Padrézo"/>
  <item id="2222122755" name="Piège d'Émettor"/>
  <item id="2529642733" name="Piège de Dynamo"/>
  <item id="3105017523" name="Bombe de feu"/>
  <item id="779825032" name="Sup. bombe de feu"/>
  <item id="3014399793" name="Ultra bombe de feu"/>
  <item id="185626708" name="Blaster de force"/>
  <item id="430301114" name="Blaster de force G"/>
  <item id="2702817503" name="Blaster de force GX"/>
  <item id="320538168" name="Poing-robot"/>
  <item id="4185565321" name="Poing-robot F"/>
  <item id="1103548396" name="Poing en or"/>
  <item id="2395750017" name="Champ Marcognito"/>
  <item id="913332708" name="Champ Ninjamévu"/>
  <item id="616953354" name="Champ Nihilo"/>
</items>
