<?xml version='1.0' encoding='utf-8'?>
<items>
  <item id="1797004116" name="999 lames"/>
  <item id="540287545" name="Aaabsorption"/>
  <item id="3456392274" name="Abracadabrak"/>
  <item id="1427340886" name="Abracaries"/>
  <item id="4062400118" name="Absorbâme"/>
  <item id="2210800816" name="Abîme arctique"/>
  <item id="3900884221" name="Acte de disparition"/>
  <item id="2240487044" name="Adieu flamboyant"/>
  <item id="3676911067" name="Air de gangster"/>
  <item id="988546042" name="Air entraînant"/>
  <item id="3295043168" name="Alpha Oméga"/>
  <item id="1332487214" name="Amour brûlant"/>
  <item id="2980386753" name="Amour maudit"/>
  <item id="2417179491" name="Amour vache"/>
  <item id="1481911944" name="Amphibeigne"/>
  <item id="1530618426" name="Amstramgram"/>
  <item id="280240364" name="Aplanissement"/>
  <item id="4089646681" name="Appel du Styx"/>
  <item id="56704831" name="Aquattaque (1)"/>
  <item id="1403825804" name="Aquattaque (2)"/>
  <item id="399645813" name="Arachaille"/>
  <item id="3420586676" name="Armure"/>
  <item id="3539547125" name="Armure de fer"/>
  <item id="3001767417" name="Armure miroir"/>
  <item id="3257623636" name="Armure platine"/>
  <item id="3189901912" name="Arrachement rocket"/>
  <item id="1232457561" name="Arrêt du clavier"/>
  <item id="3617654518" name="Aspimmortalité"/>
  <item id="2687779341" name="Aspiritisme"/>
  <item id="1679753621" name="Assommité"/>
  <item id="384511245" name="Attact"/>
  <item id="3348238141" name="Attaque (1)"/>
  <item id="3733536380" name="Attaque (2)"/>
  <item id="4121193919" name="Attaque (3)"/>
  <item id="3971964158" name="Attaque (4)"/>
  <item id="2751384121" name="Attaque (5)"/>
  <item id="3473029345" name="Attaque (6)"/>
  <item id="1928887416" name="Attaque (7)"/>
  <item id="1516726045" name="Attaque (8)"/>
  <item id="2088676438" name="Attaque (9)"/>
  <item id="911751596" name="Attaque Mini Whisp (1)"/>
  <item id="3245261724" name="Attaque Mini Whisp (2)"/>
  <item id="2813729738" name="Attaque blasée"/>
  <item id="1706391112" name="Attaque blitz"/>
  <item id="1866818728" name="Attaque chargée (1)"/>
  <item id="1985893865" name="Attaque chargée (2)"/>
  <item id="707857166" name="Attaque de feu"/>
  <item id="1922282251" name="Attaque de repli"/>
  <item id="2759732419" name="Attaque planante"/>
  <item id="4194082609" name="Attaque précipitée"/>
  <item id="1058858371" name="Attaque puissante"/>
  <item id="71572803" name="Attaque sismique"/>
  <item id="3888666509" name="Atterrissage forcé (1)"/>
  <item id="2126579255" name="Atterrissage forcé (2)"/>
  <item id="3164639686" name="Atterrissage forcé (3)"/>
  <item id="3272305401" name="Atterrissage forcé (4)"/>
  <item id="2917006271" name="Atterrissage forcé (5)"/>
  <item id="2274681542" name="Atterrissage forcé (6)"/>
  <item id="338042967" name="Atterrissage forcé (7)"/>
  <item id="4249643406" name="Aura Hourra"/>
  <item id="1887127221" name="Aura banale"/>
  <item id="1683758960" name="Aura hostile"/>
  <item id="3945321661" name="Aurascope"/>
  <item id="3102422836" name="Autodestruction (1)"/>
  <item id="378203020" name="Autodestruction (2)"/>
  <item id="1584808927" name="Autodestruction (3)"/>
  <item id="4167966472" name="Averse du dragon"/>
  <item id="992174089" name="Baffe élastique"/>
  <item id="3081450256" name="Baiser de la vie"/>
  <item id="3379782344" name="Baisse de vitesse"/>
  <item id="3496498057" name="Baisse de vitesse +"/>
  <item id="3139285069" name="Baisse défensive"/>
  <item id="2718335244" name="Baisse défensive +"/>
  <item id="2169493659" name="Baisse offensive"/>
  <item id="2555701722" name="Baisse offensive +"/>
  <item id="4098846002" name="Balayage crèmeux (1)"/>
  <item id="3282995873" name="Balayage crèmeux (2)"/>
  <item id="3051124795" name="Balle Enma suprême"/>
  <item id="2139843560" name="Balle Zazel directe"/>
  <item id="2357705898" name="Balle premium"/>
  <item id="2579070664" name="Banane Splash"/>
  <item id="296494965" name="Barrière de fleurs (1)"/>
  <item id="1105288293" name="Barrière de fleurs (2)"/>
  <item id="1522777177" name="Barrière mystère"/>
  <item id="2716427963" name="Batte de brute"/>
  <item id="478183076" name="Bedaine bouillie !"/>
  <item id="2281461167" name="Bel cannto"/>
  <item id="616748332" name="Bicoque de passeur (1)"/>
  <item id="3184231574" name="Bicoque de passeur (2)"/>
  <item id="3027317708" name="Bide du siècle"/>
  <item id="1073427910" name="Bido-blasters"/>
  <item id="1881354151" name="Bingo-kai raté"/>
  <item id="1967608077" name="Bingo-kai réussi"/>
  <item id="492047241" name="Bisou bleu"/>
  <item id="2570695530" name="Bla-bla"/>
  <item id="2299599484" name="Blague pourrie"/>
  <item id="3618844963" name="Blocus"/>
  <item id="885268374" name="Blues du départ"/>
  <item id="3154518593" name="Bobardement"/>
  <item id="417553727" name="Bombardement"/>
  <item id="641337064" name="Bombe de basses"/>
  <item id="3964150863" name="Bombe oni (1)"/>
  <item id="2614556351" name="Bombe oni (2)"/>
  <item id="7584464" name="Bombe oni (3)"/>
  <item id="2989375021" name="Bombe à pic"/>
  <item id="3595366585" name="Bombes en folie"/>
  <item id="3976130873" name="Bonne chance (1)"/>
  <item id="1979162755" name="Bonne chance (2)"/>
  <item id="49319957" name="Bonne chance (3)"/>
  <item id="1946298703" name="Bonne douche"/>
  <item id="772671872" name="Bonne passe (1)"/>
  <item id="2126747699" name="Bonne passe (2)"/>
  <item id="395379344" name="Bonnet de nuit"/>
  <item id="3234788809" name="Boost d'attaque"/>
  <item id="3654665352" name="Boost d'attaque +"/>
  <item id="4204567839" name="Boost de défense"/>
  <item id="3817319518" name="Boost de défense +"/>
  <item id="2297581466" name="Boost de vitesse"/>
  <item id="2447998683" name="Boost de vitesse +"/>
  <item id="611089186" name="Bouche"/>
  <item id="3066243928" name="Bouhc émissaire (1)"/>
  <item id="3859725035" name="Bouhc émissaire (2)"/>
  <item id="388165829" name="Boule de choc"/>
  <item id="1617325679" name="Boulette hachée"/>
  <item id="1713730369" name="Boum fragmenté"/>
  <item id="879829864" name="Bourre-pif"/>
  <item id="4217600958" name="Brasse de l'air"/>
  <item id="1497118400" name="Brise revigorante"/>
  <item id="1112270727" name="Broyeur d'esprit"/>
  <item id="3320655044" name="Broyeur doré"/>
  <item id="2685870419" name="Bubulle (1)"/>
  <item id="958296297" name="Bubulle (2)"/>
  <item id="2409105386" name="Bulles en folie (1)"/>
  <item id="378623568" name="Bulles en folie (2)"/>
  <item id="807996131" name="Bâille bâille"/>
  <item id="3217954120" name="C'est moi le chef !"/>
  <item id="3089523601" name="Calabrûleur"/>
  <item id="3320549870" name="Calaclysme (1)"/>
  <item id="1222065332" name="Calaclysme (2)"/>
  <item id="3372803652" name="Calamidoscope"/>
  <item id="1172401292" name="Calamissile guidé"/>
  <item id="3906111766" name="Calamité"/>
  <item id="2690752399" name="Calanon laser"/>
  <item id="1817867640" name="Calapocalypse"/>
  <item id="720658487" name="Cane futile"/>
  <item id="243340378" name="Canicule"/>
  <item id="4000354141" name="Canon d'Omai"/>
  <item id="1770522826" name="Canon ultime"/>
  <item id="2443393529" name="Capsule brûlante (1)"/>
  <item id="3869509999" name="Capsule brûlante (2)"/>
  <item id="2142066901" name="Capsule brûlante (3)"/>
  <item id="3799219427" name="Capsule ténébreuse (1)"/>
  <item id="2071604569" name="Capsule ténébreuse (2)"/>
  <item id="209526223" name="Capsule ténébreuse (3)"/>
  <item id="2451146860" name="Capsule ténébreuse (4)"/>
  <item id="1538802313" name="Capsule verdâtre"/>
  <item id="297431186" name="Carnage au pistolet"/>
  <item id="535171869" name="Carnavalgue"/>
  <item id="970554680" name="Cascade (1)"/>
  <item id="3336972501" name="Cascade (2)"/>
  <item id="1779671472" name="Cascade (3)"/>
  <item id="2540788387" name="Cascade (4)"/>
  <item id="463426096" name="Cascade (5)"/>
  <item id="3084594369" name="Cascade du crapaud"/>
  <item id="44981452" name="Casse du siècle"/>
  <item id="3488692575" name="Casse-seau"/>
  <item id="406206695" name="Cataclysme"/>
  <item id="3143638744" name="Cauchematraque (1)"/>
  <item id="4065209846" name="Cauchematraque (2)"/>
  <item id="1504898533" name="Cauchematraque (3)"/>
  <item id="2170211590" name="Centre Antonic"/>
  <item id="2549475254" name="Centrer"/>
  <item id="329533060" name="Cercle de guérison"/>
  <item id="3771017416" name="Cercle de maladie"/>
  <item id="3116243912" name="Cercle guérisseur"/>
  <item id="2462769812" name="Cercle parfait"/>
  <item id="3981676097" name="Cercle vicieux"/>
  <item id="1139042195" name="Chaleur radiante"/>
  <item id="964671710" name="Champ de force"/>
  <item id="543459743" name="Champ de force +"/>
  <item id="1437861357" name="Changuille"/>
  <item id="161756710" name="Chant du coucou"/>
  <item id="4263716156" name="Charge neutre"/>
  <item id="1668889868" name="Charge odieuse"/>
  <item id="131019951" name="Charme naturel"/>
  <item id="2649952262" name="Charpie"/>
  <item id="676398177" name="Chatana"/>
  <item id="3422750888" name="Chauv'complainte"/>
  <item id="1172976594" name="Chicane"/>
  <item id="2542149173" name="Choc de bombes"/>
  <item id="2103328367" name="Choc nimprévu"/>
  <item id="3350075897" name="Choc onigirique"/>
  <item id="3047974890" name="Choc électrique"/>
  <item id="3566822306" name="Choc étincelant"/>
  <item id="209334871" name="Chute démoniaque (1)"/>
  <item id="4051402331" name="Chute démoniaque (2)"/>
  <item id="868425729" name="Chute démoniaque (3)"/>
  <item id="3665974525" name="Chute démoniaque (4)"/>
  <item id="196392928" name="Chute explosive"/>
  <item id="3841656063" name="Clan pimpant"/>
  <item id="3564832298" name="Claque d'amour"/>
  <item id="3402206809" name="Clin d'œil reposant"/>
  <item id="3969907068" name="Clou de Zazel (1)"/>
  <item id="3653790684" name="Clou de Zazel (2)"/>
  <item id="644558808" name="Clé de bras"/>
  <item id="763507430" name="Cochon ailé (1)"/>
  <item id="3029033820" name="Cochon ailé (2)"/>
  <item id="1658855193" name="Colis surprise"/>
  <item id="2386671797" name="Combat impérial"/>
  <item id="2063676302" name="Congère luisante"/>
  <item id="1384091802" name="Contre"/>
  <item id="2627405902" name="Corde sensible"/>
  <item id="513555584" name="Corne explosive"/>
  <item id="303304621" name="Corne rageuse"/>
  <item id="603723056" name="Corne-à-corps"/>
  <item id="1668894108" name="Cou du dragon"/>
  <item id="1059721250" name="Cou tordu (1)"/>
  <item id="1877442961" name="Cou tordu (2)"/>
  <item id="2211231552" name="Couché"/>
  <item id="3652691242" name="Coup corporel (1)"/>
  <item id="2764350322" name="Coup corporel (2)"/>
  <item id="2035448567" name="Coup corporel (3)"/>
  <item id="3199998830" name="Coup d'enfer"/>
  <item id="3037404241" name="Coup de bol"/>
  <item id="750522644" name="Coup de bâton"/>
  <item id="3113293993" name="Coup de chaud"/>
  <item id="3574799970" name="Coup de griffe"/>
  <item id="4182055333" name="Coup de grisou"/>
  <item id="3890501532" name="Coup de hache"/>
  <item id="559692401" name="Coup de langue (1)"/>
  <item id="1905372098" name="Coup de langue (2)"/>
  <item id="2098141023" name="Coup de poix (1)"/>
  <item id="2119801867" name="Coup de poix (2)"/>
  <item id="2911723406" name="Coup de poix (3)"/>
  <item id="60486652" name="Coup de poix (4)"/>
  <item id="3900222942" name="Coup de quarterback"/>
  <item id="1871787744" name="Coup de seau"/>
  <item id="2843848125" name="Coup du capitaine"/>
  <item id="1243681919" name="Coup du prisonnier"/>
  <item id="1345390800" name="Coup du sort"/>
  <item id="487725099" name="Coup fouetté"/>
  <item id="1053050160" name="Coup frêle du démon"/>
  <item id="1697361187" name="Coup impérial"/>
  <item id="1240097613" name="Coup puissant (1)"/>
  <item id="1357992460" name="Coup puissant (2)"/>
  <item id="3585369561" name="Coupe de cigale"/>
  <item id="1855526505" name="Coupe nette"/>
  <item id="177726339" name="Couvercle"/>
  <item id="1941139900" name="Couverture"/>
  <item id="3802401054" name="Cri de Kyryn"/>
  <item id="86770955" name="Crise de nerfs"/>
  <item id="11077686" name="Cristal sismique"/>
  <item id="420237970" name="Critique mordante"/>
  <item id="341390745" name="Crochet du gorille"/>
  <item id="876669517" name="Crâneur"/>
  <item id="1076633610" name="Cul-de-sac"/>
  <item id="1263949105" name="Cure thermale"/>
  <item id="1645290820" name="Cure-dents aiguisé"/>
  <item id="1408843737" name="Cure-dents fou"/>
  <item id="2713206555" name="Cœur de cible"/>
  <item id="1685042970" name="Cœur et âme (1)"/>
  <item id="325617548" name="Cœur et âme (2)"/>
  <item id="3398132003" name="Danse du jackpot (1)"/>
  <item id="3686620939" name="Danse du jackpot (2)"/>
  <item id="3905321916" name="Danse furtive"/>
  <item id="1913392542" name="De tout mon cœur"/>
  <item id="450472114" name="Derviche dévorant"/>
  <item id="1942187629" name="Destruction totale"/>
  <item id="68823126" name="Destructosphères (1)"/>
  <item id="109717787" name="Destructosphères (2)"/>
  <item id="586109871" name="Destructosphères (3)"/>
  <item id="3496078750" name="Destructosphères (4)"/>
  <item id="2277748198" name="Destructosphères (5)"/>
  <item id="1070495100" name="Dette éternelle"/>
  <item id="1972227684" name="Diaboloni (1)"/>
  <item id="3968114654" name="Diaboloni (2)"/>
  <item id="4015396270" name="Diampattes"/>
  <item id="2985574129" name="Dispute familiale"/>
  <item id="2051773861" name="Donne-moi ça ! (1)"/>
  <item id="2509042713" name="Donne-moi ça ! (2)"/>
  <item id="210085283" name="Donne-moi ça ! (3)"/>
  <item id="2072155445" name="Donne-moi ça ! (4)"/>
  <item id="3857055894" name="Donne-moi ça ! (5)"/>
  <item id="2464231424" name="Donne-moi ça ! (6)"/>
  <item id="3754172590" name="Dop-corne"/>
  <item id="3466799081" name="Double caninvore"/>
  <item id="2561517195" name="Double révolution (1)"/>
  <item id="3068372023" name="Double révolution (2)"/>
  <item id="520842696" name="Double révolution (3)"/>
  <item id="826634100" name="Double révolution (4)"/>
  <item id="3224125502" name="Douce folie"/>
  <item id="618215244" name="Dragombre"/>
  <item id="2721257207" name="Droit en enfer"/>
  <item id="2887417787" name="Droite de taulard"/>
  <item id="894786703" name="Droite obscure"/>
  <item id="3586423304" name="Dunami"/>
  <item id="3889762062" name="Déblindage"/>
  <item id="4274142799" name="Déblindage +"/>
  <item id="366299279" name="Débouche trouble"/>
  <item id="1275386674" name="Décharge"/>
  <item id="3927831267" name="Décision du PDG"/>
  <item id="366643021" name="Découpe-lune (1)"/>
  <item id="416431253" name="Découpe-lune (2)"/>
  <item id="2897553758" name="Découpe-lune (3)"/>
  <item id="4161088964" name="Découpe-lune (4)"/>
  <item id="488223549" name="Découpe-lune (5)"/>
  <item id="3716900824" name="Découragement"/>
  <item id="3297793689" name="Découragement +"/>
  <item id="3604687211" name="Défensueur"/>
  <item id="247597759" name="Déferlante (1)"/>
  <item id="1578081036" name="Déferlante (2)"/>
  <item id="2476216975" name="Dégoûte au nez"/>
  <item id="1320251400" name="Déluge"/>
  <item id="2392665972" name="Démolibombe"/>
  <item id="1649560369" name="Déraisin"/>
  <item id="3692961906" name="Dérouillée en or"/>
  <item id="2407883851" name="Désosseur"/>
  <item id="1890329311" name="Détonnerre"/>
  <item id="2702651012" name="Eau chaude"/>
  <item id="2118742928" name="Eaux troubles"/>
  <item id="4203556524" name="Edsorcisme"/>
  <item id="4207816777" name="En-cas de besoin"/>
  <item id="2476651065" name="Enchanteur"/>
  <item id="2211760043" name="Enchevêtrement"/>
  <item id="3885257382" name="Encore !"/>
  <item id="3301004619" name="Ensablement"/>
  <item id="710161084" name="Entaille dorée"/>
  <item id="2673033031" name="Entaille du Bushi (1)"/>
  <item id="1178778072" name="Entaille du Bushi (2)"/>
  <item id="1559889358" name="Entaille du chat (1)"/>
  <item id="1368213547" name="Entaille du chat (2)"/>
  <item id="2337926699" name="Entaille du chat (3)"/>
  <item id="485092306" name="Entaille du chat (4)"/>
  <item id="147598958" name="Entaille du démon (1)"/>
  <item id="506331161" name="Entaille du démon (2)"/>
  <item id="1375628067" name="Entaille mythique"/>
  <item id="1822311059" name="Entaille sacrée (1)"/>
  <item id="4156746553" name="Entaille sacrée (2)"/>
  <item id="2026439815" name="Entourloupe"/>
  <item id="538407034" name="Envoût guérisseur"/>
  <item id="957104443" name="Envoût guérisseur +"/>
  <item id="2306712555" name="Envoût. multi-baisse"/>
  <item id="3371994809" name="Envoût. multi-boost"/>
  <item id="2772452049" name="Envoût. poison"/>
  <item id="3160109968" name="Envoût. poison +"/>
  <item id="3523087127" name="Esprit confus"/>
  <item id="580128120" name="Esprit miroir"/>
  <item id="3969786535" name="Esprit trompé (1)"/>
  <item id="865812806" name="Esprit trompé (2)"/>
  <item id="62282581" name="Excalimiaou"/>
  <item id="326899685" name="Excuse interminable"/>
  <item id="2573015958" name="Expire du pire"/>
  <item id="557236387" name="Explose zon-zon (1)"/>
  <item id="1374721924" name="Explose zon-zon (2)"/>
  <item id="2212138747" name="Explosion du sol (1)"/>
  <item id="3493909887" name="Explosion du sol (2)"/>
  <item id="1561620490" name="Explosion infernale (1)"/>
  <item id="1729795830" name="Explosion infernale (2)"/>
  <item id="3557652220" name="Explosion infernale (3)"/>
  <item id="1450980068" name="FUSIL B3-NK1"/>
  <item id="3546162262" name="Faim sans fin (1)"/>
  <item id="3468333513" name="Faim sans fin (2)"/>
  <item id="3680704193" name="Faim sans fin (3)"/>
  <item id="3670618938" name="Faire un tabac"/>
  <item id="1082874801" name="Faut qu’ça baffe !"/>
  <item id="3875409895" name="Feu"/>
  <item id="4280435232" name="Feu félin"/>
  <item id="1647158102" name="Feu félin doré"/>
  <item id="4084229273" name="Fin retentissante"/>
  <item id="3281859222" name="Finale (1)"/>
  <item id="720448288" name="Flamentation"/>
  <item id="4127075260" name="Flamme féline"/>
  <item id="3493306446" name="Flash fléau"/>
  <item id="3992337135" name="Floraison"/>
  <item id="3662597980" name="Flèche de Cupidon"/>
  <item id="1878068769" name="Folie furieuse"/>
  <item id="333147230" name="Foudr'invocation"/>
  <item id="3112382332" name="Foudrage"/>
  <item id="1428154995" name="Foudre"/>
  <item id="3486203809" name="Foudre divine"/>
  <item id="4098542660" name="Fouler les planches"/>
  <item id="3672038229" name="Fourrière"/>
  <item id="698524426" name="Frappe de fer (1)"/>
  <item id="2964058800" name="Frappe de fer (2)"/>
  <item id="1924294437" name="Frappe de fer (3)"/>
  <item id="1909332683" name="Frappe de fer (4)"/>
  <item id="254566317" name="Frappe explosive (1)"/>
  <item id="3552463117" name="Frappe explosive (2)"/>
  <item id="1615954933" name="Frappe gravité"/>
  <item id="3746698145" name="Frappe monstre"/>
  <item id="2906106067" name="Frappe tournante (1)"/>
  <item id="3331433540" name="Frappe tournante (2)"/>
  <item id="4057594259" name="Frappe tremblante"/>
  <item id="3584446988" name="Frayeur furtive"/>
  <item id="1907631430" name="French canne-canne"/>
  <item id="174850351" name="Fringance"/>
  <item id="1943099832" name="Frisson de glace"/>
  <item id="870399466" name="Froid polaire"/>
  <item id="612257015" name="Fulguration (1)"/>
  <item id="57744703" name="Fulguration (2)"/>
  <item id="4215426399" name="Fulguropattes"/>
  <item id="2026468375" name="Fulminator"/>
  <item id="454635965" name="Fureur du chaton (1)"/>
  <item id="1008099445" name="Fureur du chaton (2)"/>
  <item id="1597116945" name="Fureur du valet"/>
  <item id="1368290546" name="Furie du chiot"/>
  <item id="1040258703" name="Furivière"/>
  <item id="3755349883" name="Furiz"/>
  <item id="3497170721" name="Gagariguette"/>
  <item id="1792601233" name="Galet"/>
  <item id="1319323613" name="Garde de l'océan"/>
  <item id="4283125220" name="Garde raffinée"/>
  <item id="302397560" name="Gaz toxique"/>
  <item id="1100236275" name="Gel"/>
  <item id="719527157" name="Gentille tata"/>
  <item id="3715512378" name="Giboulée glacée"/>
  <item id="3939702931" name="Gifle de fer"/>
  <item id="388091184" name="Gifle tremblante"/>
  <item id="784025070" name="Giga recharge"/>
  <item id="3953735438" name="Gigue"/>
  <item id="2003889239" name="Glacier de dieu (1)"/>
  <item id="3465230271" name="Glacier de dieu (2)"/>
  <item id="105073081" name="Goutte au nez"/>
  <item id="2542887588" name="Grand caninvore"/>
  <item id="1026376920" name="Grand déballet"/>
  <item id="339084947" name="Grand succès"/>
  <item id="371577907" name="Gratte-gratte"/>
  <item id="2027631442" name="Grattocalypse"/>
  <item id="2463249959" name="Griffe impitoyable"/>
  <item id="2182836374" name="Gros dur"/>
  <item id="1966807095" name="Grosse fatigue"/>
  <item id="3530892027" name="Grosse légume"/>
  <item id="1485796530" name="Grêle"/>
  <item id="3230350213" name="Grêle céleste"/>
  <item id="3069106868" name="Guerre ouverte (1)"/>
  <item id="1026072423" name="Guerre ouverte (2)"/>
  <item id="2777999056" name="Guerriers maudits"/>
  <item id="1737762937" name="Guillotine"/>
  <item id="2843533688" name="Guérison poisson"/>
  <item id="2298686889" name="Haka du soir"/>
  <item id="2769695883" name="Haut débit"/>
  <item id="517939813" name="Ha ha ha"/>
  <item id="574843154" name="Hop Blaster"/>
  <item id="1544485452" name="Hurlement doré"/>
  <item id="4066798557" name="Hurlement sacré"/>
  <item id="2381199580" name="Héca-trombe"/>
  <item id="1023990135" name="Hérisse (1)"/>
  <item id="129396217" name="Hérisse (2)"/>
  <item id="1183116671" name="Illumination"/>
  <item id="4293213862" name="Incendie"/>
  <item id="3281293943" name="Incinérer (1)"/>
  <item id="1520288717" name="Incinérer (2)"/>
  <item id="3120401042" name="Incinérer (3)"/>
  <item id="3198553344" name="Inferno (2)"/>
  <item id="2206546517" name="Infracou"/>
  <item id="1364791448" name="Inondation"/>
  <item id="1828481687" name="Intrigue sinistre"/>
  <item id="2989342463" name="Invocation Komaous"/>
  <item id="3284081393" name="Invocation Robonyan"/>
  <item id="2850215712" name="Invocation Sam"/>
  <item id="106571024" name="Invocation Yo-kai (1)"/>
  <item id="1767001389" name="Invocation Yo-kai (2)"/>
  <item id="4032502935" name="Invocation Yo-kai (3)"/>
  <item id="2270964737" name="Invocation Yo-kai (4)"/>
  <item id="92054238" name="Invocation d'élite"/>
  <item id="858722995" name="Invocation d'œil (1)"/>
  <item id="1127846771" name="Invocation d'œil (2)"/>
  <item id="3157803653" name="Invocation d'œil (3)"/>
  <item id="4119737453" name="Invocoation"/>
  <item id="2805545753" name="Jet de plongée"/>
  <item id="1653648209" name="Jiga-grondement"/>
  <item id="2981984016" name="Karaté chat"/>
  <item id="3591130369" name="Kit premier secours"/>
  <item id="458242900" name="Krochet"/>
  <item id="3446345952" name="Lame Zerberker"/>
  <item id="2181646147" name="Lame de fond"/>
  <item id="2040601807" name="Lame du fauve"/>
  <item id="3412407345" name="Lamentourloupe"/>
  <item id="1298968097" name="Lames du regret (1)"/>
  <item id="3235471778" name="Lames du regret (2)"/>
  <item id="1199549153" name="Lames du regret (3)"/>
  <item id="3985272922" name="Lames du regret (4)"/>
  <item id="3090169829" name="Lance-bombes"/>
  <item id="2028610211" name="Lancer de seau"/>
  <item id="2499685910" name="Langue d'amour"/>
  <item id="3661704595" name="Langue de vie"/>
  <item id="2059292588" name="Lard d'assaut"/>
  <item id="936120608" name="Lard fumé (1)"/>
  <item id="2932162714" name="Lard fumé (2)"/>
  <item id="3648997393" name="Lassocisse"/>
  <item id="3626306940" name="Liaison aléatoire"/>
  <item id="394474821" name="Liens familiaux"/>
  <item id="2882626391" name="Ligne de feu"/>
  <item id="1286677891" name="Lèche"/>
  <item id="1697908536" name="Lézards martiaux"/>
  <item id="3098028497" name="M'as-tu-vu"/>
  <item id="1077811167" name="Machizz"/>
  <item id="562781723" name="Magmassacre"/>
  <item id="4251379360" name="Main consciente"/>
  <item id="2324169797" name="Main de fer"/>
  <item id="1785987868" name="Main envieuse"/>
  <item id="2252548493" name="Mange-mémoire"/>
  <item id="3518830066" name="Mange ! (1)"/>
  <item id="3958888048" name="Mange ! (2)"/>
  <item id="3878892534" name="Manque de bol"/>
  <item id="3818731622" name="Maracasserole"/>
  <item id="3877366265" name="Marshmallow (1)"/>
  <item id="2339910264" name="Marshmallow (2)"/>
  <item id="50630080" name="Marshmallow (3)"/>
  <item id="1349654069" name="Marée"/>
  <item id="971023553" name="Marée noire (1)"/>
  <item id="3258191775" name="Marée noire (2)"/>
  <item id="3147189331" name="Matamor"/>
  <item id="1475366898" name="Maudit chaos"/>
  <item id="2407780125" name="Mauvais bouillon"/>
  <item id="2152533340" name="Mauvais poil"/>
  <item id="1446980609" name="Maximax"/>
  <item id="971197530" name="Maxirayon tonnerre"/>
  <item id="3031513379" name="Maître mangeur (1)"/>
  <item id="3234487385" name="Maître mangeur (2)"/>
  <item id="731460456" name="Mea culpa"/>
  <item id="1649297057" name="Miam miam miam (1)"/>
  <item id="215265154" name="Miam miam miam (2)"/>
  <item id="1435296215" name="Miam miam miam (3)"/>
  <item id="237470098" name="Miam miam miam (4)"/>
  <item id="132514015" name="Miam miam miam (5)"/>
  <item id="1246646952" name="Miamnésie"/>
  <item id="2485734012" name="Miaou Blaster"/>
  <item id="2877109762" name="Miaous costaud"/>
  <item id="3736997683" name="Miaude défense"/>
  <item id="443623925" name="Mimartyr"/>
  <item id="1962671849" name="Mine (1)"/>
  <item id="1100176424" name="Mission top secrète"/>
  <item id="501303271" name="Mitraille"/>
  <item id="1859782796" name="Moi moi moi"/>
  <item id="2298155161" name="Moment crucial"/>
  <item id="426670742" name="Moment gênant"/>
  <item id="2909999827" name="Mon petit cœur"/>
  <item id="2005467299" name="Monde sinistre"/>
  <item id="3546123416" name="Mont Mangeverest"/>
  <item id="536316934" name="Mont Miam-more"/>
  <item id="1908685463" name="Moral d'acier"/>
  <item id="218774966" name="Morphéline"/>
  <item id="3336941579" name="Morsure bénie"/>
  <item id="1620229055" name="Morsure dorée"/>
  <item id="1116475211" name="Moulinet déchaîné"/>
  <item id="1773941781" name="Mur défensif"/>
  <item id="3864734654" name="Muraille"/>
  <item id="3544978307" name="Mutuelle santé"/>
  <item id="1017199054" name="Mèches effilées"/>
  <item id="1226907162" name="Méga cascade"/>
  <item id="2954746507" name="Méga frappe"/>
  <item id="504566515" name="Méga recharge ! (1)"/>
  <item id="3827052432" name="Méga recharge ! (2)"/>
  <item id="2468028166" name="Méga recharge ! (3)"/>
  <item id="4031260597" name="Mégamax"/>
  <item id="1843449768" name="Mégamine"/>
  <item id="636629473" name="Mélondrame"/>
  <item id="3457175302" name="Météore (1)"/>
  <item id="1236943053" name="Météore (2)"/>
  <item id="2461209634" name="Nanananère"/>
  <item id="3036796775" name="Ne pas déranger"/>
  <item id="4131783524" name="Nez faste"/>
  <item id="203504411" name="Noirsort"/>
  <item id="431562492" name="Octoreptile"/>
  <item id="3261598241" name="Octuerie"/>
  <item id="274941062" name="Oh !"/>
  <item id="716322245" name="Omnipattence"/>
  <item id="3042752157" name="Onde de choc"/>
  <item id="2241407313" name="Ondes cauchemar"/>
  <item id="184818023" name="Ondes jojoviales (1)"/>
  <item id="2326100189" name="Ondes jojoviales (2)"/>
  <item id="2071308993" name="Oniffensive (1)"/>
  <item id="3799841659" name="Oniffensive (2)"/>
  <item id="4012375494" name="Oniffensive (3)"/>
  <item id="1982770300" name="Oniffensive (4)"/>
  <item id="19504362" name="Oniffensive (5)"/>
  <item id="1052848030" name="Opération Ω"/>
  <item id="522192700" name="Orbe Enma"/>
  <item id="1933307546" name="Os qui roule"/>
  <item id="2780909793" name="Ouaf Blaster"/>
  <item id="2654676751" name="Ouragan lugubre"/>
  <item id="3704177688" name="Panjaï !"/>
  <item id="3978387077" name="Panjitsu (2)"/>
  <item id="1021454123" name="Para-pluie"/>
  <item id="3109509109" name="Parade de blocage"/>
  <item id="586292122" name="Parade de carnaval"/>
  <item id="1841587895" name="Paradis"/>
  <item id="847848866" name="Parafale (1)"/>
  <item id="1648669713" name="Parafale (2)"/>
  <item id="4152975511" name="Passe ou casse"/>
  <item id="1989796358" name="Patachou (1)"/>
  <item id="4019237820" name="Patachou (2)"/>
  <item id="365711796" name="Patachou (3)"/>
  <item id="2361720846" name="Patachou (4)"/>
  <item id="4223807640" name="Patachou (5)"/>
  <item id="1705420091" name="Patachou (6)"/>
  <item id="248997891" name="Patte-tatra"/>
  <item id="3478763459" name="Patte-tatra dorée"/>
  <item id="1401495560" name="Pattes de Rouminet"/>
  <item id="1470708186" name="Pattes de la terreur"/>
  <item id="4057870958" name="Pattes dorées"/>
  <item id="2932586452" name="Pause (1)"/>
  <item id="665151088" name="Pause (2)"/>
  <item id="934962013" name="Pause compacte"/>
  <item id="4108725285" name="Peau de requin"/>
  <item id="3054881644" name="Peinture de guerre"/>
  <item id="1169890018" name="Pense à mal"/>
  <item id="3678077454" name="Perce-muraille"/>
  <item id="3821801814" name="Pessimicrobes"/>
  <item id="377192576" name="Petit minou"/>
  <item id="4189711294" name="Petit minou doré"/>
  <item id="2404259741" name="Picoti Picota"/>
  <item id="2765707128" name="Pif Paf"/>
  <item id="546527618" name="Pillage vital"/>
  <item id="4236446333" name="Pince néfaste"/>
  <item id="2830434571" name="Pince-mi"/>
  <item id="1559897368" name="Pince-moi"/>
  <item id="1525940681" name="Pinces infernales"/>
  <item id="1969893639" name="Pipelette"/>
  <item id="3178117641" name="Piquador"/>
  <item id="1460939436" name="Pique-assiette"/>
  <item id="3525577675" name="Pique-vie"/>
  <item id="4269284268" name="Pistolet de Vulcain"/>
  <item id="870733528" name="Pistolet de platine"/>
  <item id="2735121536" name="Piège"/>
  <item id="4047701541" name="Piège Bingo-kai"/>
  <item id="3122501057" name="Piège zappeur"/>
  <item id="3764825000" name="Plasmo-vomi"/>
  <item id="837183760" name="Plein la panse"/>
  <item id="141252053" name="Plein la vue"/>
  <item id="453707368" name="Plein le dos"/>
  <item id="1930732377" name="Pleine inspiration (1)"/>
  <item id="68391887" name="Pleine inspiration (2)"/>
  <item id="966920505" name="Plouf !"/>
  <item id="4057037261" name="Pluie de bombes (1)"/>
  <item id="199115950" name="Pluie de bombes (2)"/>
  <item id="2094625848" name="Pluie de bombes (3)"/>
  <item id="845038024" name="Plumes volantes"/>
  <item id="1834033504" name="Poids du destin"/>
  <item id="754913265" name="Poigne de fer (1)"/>
  <item id="2976148529" name="Poigne de fer (2)"/>
  <item id="3812261349" name="Poigne de fer (3)"/>
  <item id="1597137537" name="Poilissade"/>
  <item id="4052173894" name="Poing d'orgue"/>
  <item id="958674163" name="Poing de feu"/>
  <item id="3210561736" name="Poing de pêcheur (1)"/>
  <item id="643045746" name="Poing de pêcheur (2)"/>
  <item id="3206115618" name="Poing fermé"/>
  <item id="2963023545" name="Poing final"/>
  <item id="2650857215" name="Poing fouetté (1)"/>
  <item id="1622720939" name="Poing fouetté (2)"/>
  <item id="2872977639" name="Poing minochi"/>
  <item id="2522743127" name="Poing mochi"/>
  <item id="3277192733" name="Poing rocket (1)"/>
  <item id="3864773918" name="Poing rocket (2)"/>
  <item id="3719730789" name="Politique de peur"/>
  <item id="2240360222" name="Porc-au-feu"/>
  <item id="1315518827" name="Position de maître"/>
  <item id="241694792" name="Position de rapidité"/>
  <item id="2080975565" name="Position défensive"/>
  <item id="3796497363" name="Position invincible"/>
  <item id="1180385819" name="Position offensive"/>
  <item id="1113287457" name="Poulperce"/>
  <item id="459877996" name="Poulpique"/>
  <item id="2841334809" name="Pouvoir du 3e type"/>
  <item id="4194262033" name="Powerpatte"/>
  <item id="3741449603" name="Pression du corps"/>
  <item id="4220131544" name="Pression infernale"/>
  <item id="3535136953" name="Prise du jour"/>
  <item id="3013755707" name="Prise légendaire (1)"/>
  <item id="2741247599" name="Prise légendaire (2)"/>
  <item id="980242389" name="Prise légendaire (3)"/>
  <item id="2114089961" name="Prise quarterback"/>
  <item id="471546701" name="Prix de consolation"/>
  <item id="3833381052" name="Propre porc"/>
  <item id="2369337286" name="Provoquer"/>
  <item id="1563772651" name="Punisson"/>
  <item id="645735384" name="Purification !"/>
  <item id="3875295237" name="Pvrisateur"/>
  <item id="1306410170" name="Pébloque"/>
  <item id="3977428625" name="Pépinade"/>
  <item id="2604338908" name="Qu'en sortira-t'il ? (1)"/>
  <item id="3376454404" name="Qu'en sortira-t'il ? (2)"/>
  <item id="724397286" name="Qu'en sortira-t'il ? (3)"/>
  <item id="2577368929" name="Qu'en sortira-t'il ? (4)"/>
  <item id="1665837322" name="Raclée véreuse (1)"/>
  <item id="980177405" name="Raclée véreuse (2)"/>
  <item id="275325661" name="Raclée véreuse (3)"/>
  <item id="34154359" name="Rafale d'esprits"/>
  <item id="3838085871" name="Rafale de poings"/>
  <item id="4179624274" name="Rapides"/>
  <item id="2887453339" name="Rayeunnement"/>
  <item id="2610334987" name="Rayon blockbuster (1)"/>
  <item id="156573683" name="Rayon blockbuster (2)"/>
  <item id="2421968457" name="Rayon blockbuster (3)"/>
  <item id="3881533151" name="Rayon blockbuster (4)"/>
  <item id="2034232188" name="Rayon blockbuster (5)"/>
  <item id="238607338" name="Rayon blockbuster (6)"/>
  <item id="2536606288" name="Rayon blockbuster (7)"/>
  <item id="1775908422" name="Rayon d'eau"/>
  <item id="3938529094" name="Rayon de beauté"/>
  <item id="3868685517" name="Rayon de gratitude (1)"/>
  <item id="2141070711" name="Rayon de gratitude (2)"/>
  <item id="144250337" name="Rayon de gratitude (3)"/>
  <item id="2533195842" name="Rayon de gratitude (4)"/>
  <item id="3791302868" name="Rayon de gratitude (5)"/>
  <item id="2029248878" name="Rayon de gratitude (6)"/>
  <item id="1227206650" name="Rayon de l'employé (1)"/>
  <item id="59552779" name="Rayon de l'employé (2)"/>
  <item id="1527528796" name="Rayon de l'employé (3)"/>
  <item id="3489596286" name="Rayon destructeur"/>
  <item id="2009734726" name="Rayon koma"/>
  <item id="1130519129" name="Rayon lapin"/>
  <item id="4049837215" name="Rayon laser (1)"/>
  <item id="2656226410" name="Rayon laser (2)"/>
  <item id="814432518" name="Rayon oculaire"/>
  <item id="2722496565" name="Rayon éclair doré"/>
  <item id="2949856658" name="Razzia"/>
  <item id="3682082027" name="Rebrousse-poils (1)"/>
  <item id="2343931224" name="Rebrousse-poils (2)"/>
  <item id="30164622" name="Recharge lanceur"/>
  <item id="3403289056" name="Regard brûlant"/>
  <item id="2440766251" name="Regard lumineux"/>
  <item id="4283121012" name="Remise en forme"/>
  <item id="1140595683" name="Remonte-cascade"/>
  <item id="2522771911" name="Remue-monde"/>
  <item id="3257603268" name="Remède miracle"/>
  <item id="1960794102" name="Restauration"/>
  <item id="2358515521" name="Retourne-table"/>
  <item id="1228089807" name="Rien que pour toi"/>
  <item id="1049433248" name="Riz"/>
  <item id="1962056633" name="Robo-queue"/>
  <item id="3306043064" name="Rocher dragon"/>
  <item id="3665096672" name="Ronron disco"/>
  <item id="1835435151" name="Rot brûlant (1)"/>
  <item id="4076998956" name="Rot brûlant (2)"/>
  <item id="463724078" name="Rot brûlant (3)"/>
  <item id="4072700699" name="Rot brûlant (4)"/>
  <item id="518834347" name="Rot brûlant (5)"/>
  <item id="1777072189" name="Rot brûlant (6)"/>
  <item id="3806571583" name="Rot brûlant (7)"/>
  <item id="2514787497" name="Rot brûlant (8)"/>
  <item id="192940298" name="Rot brûlant (9)"/>
  <item id="3886856890" name="Rot brûlant (10)"/>
  <item id="2427161132" name="Rot brûlant (11)"/>
  <item id="248455055" name="Rot brûlant (12)"/>
  <item id="3728863160" name="Rot brûlant (13)"/>
  <item id="2839994158" name="Rot brûlant (14)"/>
  <item id="924994189" name="Rot brûlant (15)"/>
  <item id="3670840074" name="Rot brûlant (16)"/>
  <item id="2915804060" name="Rot brûlant (17)"/>
  <item id="867120703" name="Rot brûlant (18)"/>
  <item id="1818309544" name="Rot brûlant (19)"/>
  <item id="459670334" name="Rot brûlant (20)"/>
  <item id="2231539357" name="Rot brûlant (21)"/>
  <item id="1839421855" name="Rot brûlant (22)"/>
  <item id="446982409" name="Rot brûlant (23)"/>
  <item id="2227240106" name="Rot brûlant (24)"/>
  <item id="3465029604" name="Rot brûlant (25)"/>
  <item id="1357689415" name="Rot brûlant (26)"/>
  <item id="3389348694" name="Rot brûlant (27)"/>
  <item id="3171052480" name="Rot brûlant (28)"/>
  <item id="3092086085" name="Rot brûlant (29)"/>
  <item id="1362024560" name="Rot brûlant (30)"/>
  <item id="724914159" name="Rot brûlant (31)"/>
  <item id="1546813305" name="Rot brûlant (32)"/>
  <item id="3260476122" name="Rot brûlant (33)"/>
  <item id="779770218" name="Rot brûlant (34)"/>
  <item id="1501391356" name="Rot brûlant (35)"/>
  <item id="3340368991" name="Rot brûlant (36)"/>
  <item id="2780287096" name="Rot brûlant (37)"/>
  <item id="3534807278" name="Rot brûlant (38)"/>
  <item id="1288992077" name="Rot brûlant (39)"/>
  <item id="2759178831" name="Rot brûlant (40)"/>
  <item id="3547499225" name="Rot brûlant (41)"/>
  <item id="1293295482" name="Rot brûlant (42)"/>
  <item id="395775080" name="Rot brûlant (43)"/>
  <item id="1620065534" name="Rot brûlant (44)"/>
  <item id="4277447005" name="Rot brûlant (45)"/>
  <item id="320499930" name="Rot brûlant (46)"/>
  <item id="1679638604" name="Rot brûlant (47)"/>
  <item id="4202288623" name="Rot brûlant (48)"/>
  <item id="1829912453" name="Rouleau"/>
  <item id="3092814631" name="Roulette sinistre"/>
  <item id="2834722686" name="Rubipattes"/>
  <item id="1226056532" name="Rush d'envahisseur"/>
  <item id="29429886" name="Ruée forcée"/>
  <item id="3534843707" name="Ruée impériale"/>
  <item id="1648788707" name="Ruée vers l'or"/>
  <item id="2774819825" name="Récréation impériale"/>
  <item id="149288073" name="Régal du démon"/>
  <item id="2316803957" name="Réunion ! (1)"/>
  <item id="1952493390" name="Réunion ! (2)"/>
  <item id="822689653" name="Réunion ! (3)"/>
  <item id="2818600655" name="Réunion ! (4)"/>
  <item id="3741802073" name="Réunion ! (5)"/>
  <item id="3304226078" name="Réunion ! (6)"/>
  <item id="871122077" name="Réunion d'urgence (1)"/>
  <item id="3954846928" name="Réunion d'urgence (2)"/>
  <item id="3730540948" name="Réunion d'urgence (3)"/>
  <item id="1196611630" name="Réunion d'urgence (4)"/>
  <item id="810936504" name="Réunion d'urgence (5)"/>
  <item id="1948024433" name="Rêve doré"/>
  <item id="2122596019" name="Rêve éveillé"/>
  <item id="553180760" name="Rôti de Jiganyan (1)"/>
  <item id="3119615970" name="Rôti de Jiganyan (2)"/>
  <item id="3472277364" name="Rôti de Jiganyan (3)"/>
  <item id="2131248037" name="Rôti de porc (1)"/>
  <item id="3931818149" name="Rôti de porc (2)"/>
  <item id="1934858527" name="Rôti de porc (3)"/>
  <item id="3450270639" name="Sabre de l'employé (1)"/>
  <item id="2830851587" name="Sabre de l'employé (2)"/>
  <item id="1461603545" name="Sac grappin"/>
  <item id="4027267408" name="Sales gamins"/>
  <item id="1076646042" name="Salsa vivifiante"/>
  <item id="3935307382" name="Sangsue"/>
  <item id="3526769694" name="Saphipattes"/>
  <item id="1474447260" name="Saut mystère"/>
  <item id="2267754949" name="Scarizfication"/>
  <item id="2593467551" name="Service soigné"/>
  <item id="2384859093" name="Shurafale de feu"/>
  <item id="2704678507" name="Sieste de chat (1)"/>
  <item id="1758578653" name="Sieste de chat (2)"/>
  <item id="1838948085" name="Sieste dorée (1)"/>
  <item id="4124976811" name="Sieste dorée (2)"/>
  <item id="392124380" name="Sieste éclair"/>
  <item id="679895051" name="Silence gênant"/>
  <item id="4160323398" name="Singerie"/>
  <item id="826348203" name="Sinistre avarice"/>
  <item id="500681559" name="Sinistre balayeur"/>
  <item id="1536956801" name="Sinistrose"/>
  <item id="3506841543" name="Siphon (1)"/>
  <item id="1176634587" name="Skalppel"/>
  <item id="3334865329" name="Somnifère"/>
  <item id="1139021571" name="Soporifumée"/>
  <item id="908537394" name="Sort cruel"/>
  <item id="2302686028" name="Sort d'ici"/>
  <item id="2000440525" name="Soufflet"/>
  <item id="2993496264" name="Sourire béat"/>
  <item id="2536904991" name="Sourire de Noko"/>
  <item id="2857775279" name="Sourire de panda"/>
  <item id="1266757979" name="Sourire de star"/>
  <item id="2799567746" name="Sourire fétiche"/>
  <item id="79831177" name="Soutien aérien"/>
  <item id="4146993964" name="Sprint"/>
  <item id="3910872986" name="Squelébaffe"/>
  <item id="2509649502" name="Stalacattaque"/>
  <item id="2921094753" name="Stimollet"/>
  <item id="126626378" name="Sublime Samba"/>
  <item id="1951596671" name="Suivez-moi !"/>
  <item id="222896979" name="Super bâille bâille"/>
  <item id="1717259146" name="Super hotte"/>
  <item id="3493420792" name="Super missiles"/>
  <item id="1345419328" name="Super spleen"/>
  <item id="4182605285" name="Superfide"/>
  <item id="691608617" name="Surcharge"/>
  <item id="1290210754" name="Surmenage"/>
  <item id="299645092" name="Sushiyamattaque"/>
  <item id="343117738" name="Tata-baffe (1)"/>
  <item id="3251552992" name="Tata-baffe (2)"/>
  <item id="1843191073" name="Tata-hache"/>
  <item id="4164362914" name="Tata-marteau"/>
  <item id="2033600285" name="Tata-volée (1)"/>
  <item id="2167270637" name="Tata-volée (2)"/>
  <item id="2407143705" name="Tatapulte"/>
  <item id="3828113557" name="Tectorpille"/>
  <item id="2083923495" name="Tempête de stable"/>
  <item id="1153419231" name="Tentacule de Zazel"/>
  <item id="2510951981" name="Tentacule rocket"/>
  <item id="1987909428" name="Tentacule turbo"/>
  <item id="769602409" name="Tentaperçeuse"/>
  <item id="3098583872" name="Terre calabrûlée (1)"/>
  <item id="565834490" name="Terre calabrûlée (2)"/>
  <item id="1455342188" name="Terre calabrûlée (3)"/>
  <item id="3369752527" name="Terre calabrûlée (4)"/>
  <item id="3218958169" name="Terre calabrûlée (5)"/>
  <item id="651441891" name="Terre calabrûlée (6)"/>
  <item id="1287005426" name="Terribles rides"/>
  <item id="31967988" name="Tir No. 3"/>
  <item id="1725168548" name="Tir No. 360"/>
  <item id="2133278953" name="Tir No. 9"/>
  <item id="815668391" name="Tir de Zazel ancien"/>
  <item id="4046349840" name="Tir de charge"/>
  <item id="2588051099" name="Tir impérial No. 3"/>
  <item id="3743948876" name="Tir impérial No. 360"/>
  <item id="3833728134" name="Tir impérial No. 9"/>
  <item id="912837239" name="Tire la bobinette"/>
  <item id="3054784306" name="Tombé"/>
  <item id="406020924" name="Tonnerre crépitant"/>
  <item id="450278254" name="Topapattes"/>
  <item id="601928762" name="Tornade"/>
  <item id="3493949376" name="Tornade de fer"/>
  <item id="2740653759" name="Tornade infernale"/>
  <item id="3963181340" name="Tornadine (1)"/>
  <item id="3170158767" name="Tornadine (2)"/>
  <item id="3761975315" name="Torrent (1)"/>
  <item id="3211357939" name="Torrentaille"/>
  <item id="792148216" name="Tortillon"/>
  <item id="1568548852" name="Toupie sinistre"/>
  <item id="989562235" name="Tourbillon"/>
  <item id="1256794387" name="Tourne-miroir"/>
  <item id="2568881523" name="Tourneboulement"/>
  <item id="3609360564" name="Tout à moi !"/>
  <item id="2289631796" name="Tranche de rire (1)"/>
  <item id="3635712903" name="Tranche de rire (2)"/>
  <item id="3822986883" name="Transmiaoutation"/>
  <item id="1942216144" name="Trembler"/>
  <item id="1373003745" name="Triple attaque (1)"/>
  <item id="1221422752" name="Triple attaque (2)"/>
  <item id="1675640163" name="Triple attaque (3)"/>
  <item id="2063272994" name="Triple attaque (4)"/>
  <item id="901421797" name="Triple attaque (5)"/>
  <item id="3511371641" name="Triple peine (1)"/>
  <item id="2357772852" name="Triple peine (2)"/>
  <item id="2483339372" name="Triple peine (3)"/>
  <item id="2844981557" name="Triple peine (4)"/>
  <item id="2639555517" name="Troisième œil"/>
  <item id="4260041269" name="Trombes célestes"/>
  <item id="3408276180" name="Trompe-la-mort"/>
  <item id="512625493" name="Tu m'as vu ?"/>
  <item id="1555643389" name="Typhon embrasé"/>
  <item id="860095386" name="Tâches d'encre (1)"/>
  <item id="1708177260" name="Tâches d'encre (2)"/>
  <item id="654522256" name="Télécommando"/>
  <item id="416351924" name="Tête la première"/>
  <item id="2931500506" name="Ultimatheaume"/>
  <item id="3026387993" name="Ultra haka"/>
  <item id="216099614" name="Un Yo-kai apparait"/>
  <item id="1094989890" name="Un pot fêlé"/>
  <item id="3997044198" name="Une bouchée (1)"/>
  <item id="321669196" name="Une bouchée (2)"/>
  <item id="451791105" name="Une bouchée (3)"/>
  <item id="2320809054" name="Une bouchée (4)"/>
  <item id="2192456952" name="Vague de venin"/>
  <item id="3172869592" name="Vague à lame"/>
  <item id="421422407" name="Valse des esprits (1)"/>
  <item id="1041314959" name="Valse des esprits (2)"/>
  <item id="1154679466" name="Vatonguerre"/>
  <item id="1385244561" name="Vengeance (1)"/>
  <item id="303333181" name="Veninconda"/>
  <item id="1116504027" name="Vent contraire"/>
  <item id="1212745298" name="Vent du Nord"/>
  <item id="795218376" name="Vent mauvais"/>
  <item id="4014219899" name="Ventre-à-terre"/>
  <item id="3139633213" name="Vide-vite"/>
  <item id="337259388" name="Vie de chien"/>
  <item id="2171878436" name="Vie volée"/>
  <item id="1752389606" name="Vil sortilège"/>
  <item id="3068329113" name="Violence routière"/>
  <item id="412227665" name="Vitamiaoune"/>
  <item id="2984642852" name="Vitesse du ninja"/>
  <item id="2357600404" name="Vitesse éclair"/>
  <item id="1622215173" name="Volte-face"/>
  <item id="3851623607" name="Volume à fond !"/>
  <item id="3381003669" name="Voracité forcenée"/>
  <item id="3357349510" name="Vortex"/>
  <item id="3366781752" name="Yes We Pelican !"/>
  <item id="1758735453" name="Zygordonnance"/>
  <item id="2263110198" name="À l'ouest"/>
  <item id="998513586" name="À poing"/>
  <item id="3306047016" name="Âme amère"/>
  <item id="3333564659" name="Âmunisé"/>
  <item id="2149327980" name="Écras'épaule"/>
  <item id="2229470924" name="Électrochoc"/>
  <item id="2509653710" name="Émeraupattes"/>
  <item id="2725251090" name="Épérégrination"/>
  <item id="4154826323" name="Évadé"/>
  <item id="1661969162" name="Évasion de prison"/>
  <item id="3103326433" name="Éveil éternel"/>
  <item id="1641615949" name="Éventail tornade"/>
  <item id="944516283" name="Œil suspicieux"/>
  <item id="3748752576" name="☆ Belle Ombrelle"/>
  <item id="1180768830" name="☆ Chaos éclatant"/>
  <item id="3792782704" name="☆ Pluie diluvienne"/>
  <item id="2030462836" name="☆ Surin pimpant"/>
</items>
