<?xml version='1.0' encoding='utf-8'?>
<items>
  <item id="1993296984" name="Lehrlingsschwert"/>
  <item id="4022738402" name="Streberschwert"/>
  <item id="2562796916" name="Meisterschwert"/>
  <item id="111524055" name="Gauner-Krummsäb."/>
  <item id="1906477121" name="Hexerschwert"/>
  <item id="3903576571" name="Klinge d. Piratenkö."/>
  <item id="2678909293" name="Dämonenkö.-Schw."/>
  <item id="252966140" name="Donnerklinge"/>
  <item id="2014626922" name="Halbmond-Klinge"/>
  <item id="416501135" name="Karmesinklinge"/>
  <item id="1876196633" name="Götterklinge"/>
  <item id="4141690019" name="Trixcalibur"/>
  <item id="3463654205" name="Katzenkratzstab"/>
  <item id="1467644551" name="Metallmuskete"/>
  <item id="545081873" name="Weltraumohren"/>
  <item id="3189366706" name="Schlangenspeer"/>
  <item id="3374247716" name="Wächterrute"/>
  <item id="1343733406" name="Glücksglobus"/>
  <item id="655396360" name="Katzenkralle"/>
  <item id="3081737113" name="Fuchsfedern"/>
  <item id="3232277263" name="Wächterkodex"/>
  <item id="2691640042" name="Katzentatze"/>
  <item id="3613923964" name="Butlerbogen"/>
  <item id="1314999238" name="Schneestab"/>
  <item id="963017552" name="Brillenbuch"/>
  <item id="3703997651" name="Treasure Watch"/>
  <item id="197592018" name="Karmesinklinge"/>
  <item id="2462995048" name="Karmesinklinge"/>
  <item id="3855180542" name="Karmesinklinge"/>
  <item id="2574200442" name="Rundschild"/>
  <item id="6717376" name="Eisenschild"/>
  <item id="2002866006" name="Silberschild"/>
  <item id="3909475061" name="Soldatenschild"/>
  <item id="2650991203" name="Paladinschild"/>
  <item id="118209497" name="Kristallschild"/>
  <item id="1879870287" name="Schild der Wahrheit"/>
  <item id="3769865950" name="Legendärer Schild"/>
  <item id="2545198664" name="Heldenschild"/>
  <item id="4151521197" name="Neptuns Schild"/>
  <item id="2155093819" name="Schild der Ewigkeit"/>
  <item id="427642497" name="Diabolischer Schild"/>
  <item id="567494943" name="Legendenschild"/>
  <item id="3831980528" name="Heldenschild"/>
  <item id="2104373322" name="Heldenschild"/>
  <item id="174653660" name="Heldenschild"/>
</items>
