<?xml version='1.0' encoding='utf-8'?>
<items>
  <item id="3493734398" name="Grüne Zikade"/>
  <item id="1753366683" name="Grüne Zikade★"/>
  <item id="1228371524" name="Braune Zikade"/>
  <item id="4052422945" name="Braune Zikade★"/>
  <item id="1702355358" name="Große Zikade"/>
  <item id="3721103099" name="Große Zikade★"/>
  <item id="4236161060" name="Afrikanische Zikade"/>
  <item id="1153619777" name="Afrikani. Zikade★"/>
  <item id="1043351250" name="Abendzikade"/>
  <item id="2257330615" name="Abendzikade★"/>
  <item id="2339995826" name="Asiatische Zikade"/>
  <item id="868607959" name="Asiatische Zikade★"/>
  <item id="1314566749" name="Sägz.-Hir.käfer"/>
  <item id="4142323000" name="Sägz.-Hir.käfer★"/>
  <item id="858605080" name="Großer Hirschkäfer"/>
  <item id="2341544317" name="Gr. Hirschkäfer★"/>
  <item id="354227473" name="Miyama-Hirschkäfer"/>
  <item id="2913038964" name="Miyama-Hirschkä.★"/>
  <item id="3612599271" name="Dorcus-Hirschkäfer"/>
  <item id="1877968002" name="Dorcus-H.käfer★"/>
  <item id="2689913713" name="Nashornkäfer"/>
  <item id="417903636" name="Nashornkäfer★"/>
  <item id="2350138539" name="Kohlweißling"/>
  <item id="883434446" name="Kohlweißling★"/>
  <item id="3374651071" name="Schw.schwanz"/>
  <item id="1905881562" name="Schw.schwanz★"/>
  <item id="2063668422" name="Pfauenauge"/>
  <item id="3283973027" name="Pfauenauge★"/>
  <item id="541504394" name="Purpurschmetterl."/>
  <item id="2566575343" name="Purpurschmetter.★"/>
  <item id="3662603053" name="Silberlibelle"/>
  <item id="1660060744" name="Silberlibelle★"/>
  <item id="2907296699" name="Königslibelle"/>
  <item id="368424158" name="Königslibelle★"/>
  <item id="2969153051" name="Riesenlibelle"/>
  <item id="138791294" name="Riesenlibelle★"/>
  <item id="3189909033" name="Leuchtkäfer"/>
  <item id="111034700" name="Leuchtkäfer★"/>
  <item id="3109020208" name="Marienkäfer"/>
  <item id="32736597" name="Marienkäfer★"/>
  <item id="962429643" name="Heuschrecke"/>
  <item id="2179065262" name="Heuschrecke★"/>
  <item id="1463911196" name="Heuschrecke"/>
  <item id="4026393721" name="Heuschrecke★"/>
  <item id="3739594700" name="Wanderheus."/>
  <item id="1717160105" name="Wanderheus.★"/>
  <item id="2455941619" name="Grille"/>
  <item id="719246998" name="Grille★"/>
  <item id="2087506143" name="Glöckchenzikade"/>
  <item id="3302012858" name="Glöckchenzikade★"/>
  <item id="201729104" name="Langhorn-Grashüp."/>
  <item id="3032105781" name="Langh.-Grashüpf.★"/>
  <item id="1563510735" name="Fangheuschrecke"/>
  <item id="3851231402" name="Fangheuschreck.★"/>
  <item id="2850201434" name="Gottesanbeterin"/>
  <item id="291436607" name="Gottesanbeterin★"/>
  <item id="1345079045" name="Scheckenbock"/>
  <item id="3901759584" name="Scheckenbock★"/>
  <item id="3448658526" name="Stabheuschrecke"/>
  <item id="1966226747" name="Stabheuschrecke★"/>
  <item id="3710068532" name="Maulwurfsgrille"/>
  <item id="1704935505" name="Maulwurfsgrille★"/>
  <item id="2614427096" name="Kellerassel"/>
  <item id="594057917" name="Kellerassel★"/>
  <item id="657160083" name="Rosenkäfer"/>
  <item id="2677477622" name="Rosenkäfer★"/>
  <item id="3848634725" name="Schimmerkäfer"/>
  <item id="1574561280" name="Schimmerkäfer★"/>
  <item id="2500818410" name="Kanabun-Käfer"/>
  <item id="766710415" name="Kanabun-Käfer★"/>
  <item id="3792192892" name="Baumwanze"/>
  <item id="1521754649" name="Baumwanze★"/>
  <item id="4123589647" name="Schwimmkäfer"/>
  <item id="1299487594" name="Schwimmkäfer★"/>
  <item id="3025330938" name="Gr. Wasserkäfer"/>
  <item id="216958367" name="Gr. Wasserkäfer★"/>
  <item id="191619145" name="Prachtkäfer"/>
  <item id="3017246508" name="Prachtkäfer★"/>
  <item id="3973303630" name="Japani. Eidechse"/>
  <item id="1416604203" name="Japani. Eidechse★"/>
  <item id="2854492066" name="Eidechse"/>
  <item id="311980231" name="Eidechse★"/>
  <item id="2194656409" name="Feuerbauchmolch"/>
  <item id="980659196" name="Feuerbauchmolch★"/>
  <item id="1516012502" name="Schildgarnele"/>
  <item id="3806389427" name="Schildgarnele★"/>
  <item id="708212569" name="Teichschnecke"/>
  <item id="2458521660" name="Teichschnecke★"/>
  <item id="1143633550" name="Gr. Teichschnecke"/>
  <item id="4237693419" name="Gr. Teichschne.★"/>
  <item id="3355352717" name="Schnecke"/>
  <item id="2135095784" name="Schnecke★"/>
  <item id="3460879014" name="Laubfrosch"/>
  <item id="1995748803" name="Laubfrosch★"/>
  <item id="4212356157" name="Kröte"/>
  <item id="1135547224" name="Kröte★"/>
  <item id="3566562079" name="Rote Libelle"/>
  <item id="1814629498" name="Rote Libelle★"/>
  <item id="2744277897" name="Wasserläufer"/>
  <item id="456015084" name="Wasserläufer★"/>
  <item id="4049842414" name="Rüsselkäfer"/>
  <item id="1239406475" name="Rüsselkäfer★"/>
  <item id="2254733432" name="Taumelkäfer"/>
  <item id="1054402333" name="Taumelkäfer★"/>
  <item id="527290818" name="Libellenlarve"/>
  <item id="2815538855" name="Libellenlarve★"/>
  <item id="1751834964" name="Wasserskorpion"/>
  <item id="3503719985" name="Wasserskorpion★"/>
  <item id="4128142583" name="Tigerkäfer"/>
  <item id="1320293266" name="Tigerkäfer★"/>
  <item id="2164868193" name="Schwärmer"/>
  <item id="968172292" name="Schwärmer★"/>
  <item id="402658779" name="Schlanklibelle"/>
  <item id="2696704702" name="Schlanklibelle★"/>
  <item id="1862739277" name="Schnellkäfer"/>
  <item id="3619373608" name="Schnellkäfer★"/>
  <item id="3522973129" name="Schildkröte"/>
  <item id="1765812908" name="Schildkröte★"/>
  <item id="3325883578" name="Weichschildkröte"/>
  <item id="2122355679" name="Weichschildkröte★"/>
  <item id="230968935" name="Flusskrabbe"/>
  <item id="3044550914" name="Flusskrabbe★"/>
  <item id="2496471005" name="Flusskrebs"/>
  <item id="745633976" name="Flusskrebs★"/>
  <item id="2108603112" name="Languste"/>
  <item id="3306347917" name="Languste★"/>
  <item id="3321527362" name="Heuschr.krebs"/>
  <item id="2101746471" name="Heuschr.krebs★"/>
  <item id="3002944724" name="Seestern"/>
  <item id="172043185" name="Seestern★"/>
  <item id="350191398" name="Seepferdchen"/>
  <item id="2892175427" name="Seepferdchen★"/>
  <item id="2711009606" name="Karpfen"/>
  <item id="422239779" name="Karpfen★"/>
  <item id="3599862224" name="Ayu"/>
  <item id="1848503989" name="Ayu★"/>
  <item id="748280183" name="Meeräsche"/>
  <item id="2485501458" name="Meeräsche★"/>
  <item id="2476792772" name="Yamame-Forelle"/>
  <item id="723303585" name="Yamame-Forelle★"/>
  <item id="2973484076" name="Koi"/>
  <item id="159884105" name="Koi★"/>
  <item id="1224023155" name="Schwarzbarsch"/>
  <item id="4031347478" name="Schwarzbarsch★"/>
  <item id="2059632369" name="Lachs"/>
  <item id="3263109524" name="Lachs★"/>
  <item id="1072835813" name="Huchen"/>
  <item id="2270055296" name="Huchen★"/>
  <item id="178883198" name="Sardine"/>
  <item id="2987781403" name="Sardine★"/>
  <item id="950003964" name="Makrele"/>
  <item id="2149814169" name="Makrele★"/>
  <item id="4208008714" name="Blaumakrele"/>
  <item id="1114470767" name="Blaumakrele★"/>
  <item id="2379624092" name="Weißfisch"/>
  <item id="896158201" name="Weißfisch★"/>
  <item id="3683420442" name="Barrakuda"/>
  <item id="1664151167" name="Barrakuda★"/>
  <item id="2327571077" name="Fliegender Fisch"/>
  <item id="839355872" name="Fliegender Fisch★"/>
  <item id="1335416938" name="Schl.kopffisch"/>
  <item id="4146380559" name="Schl.kopffisch★"/>
  <item id="3481974929" name="Skorpionfisch"/>
  <item id="2000084980" name="Skorpionfisch★"/>
  <item id="1537141217" name="Grunzer"/>
  <item id="3810692740" name="Grunzer★"/>
  <item id="1559440888" name="Meerbrasse"/>
  <item id="3830401693" name="Meerbrasse★"/>
  <item id="2884009365" name="Schwarzfisch"/>
  <item id="324672240" name="Schwarzfisch★"/>
  <item id="3977357177" name="Feilenfisch"/>
  <item id="1437450268" name="Feilenfisch★"/>
  <item id="1689619369" name="Heilbutt"/>
  <item id="3691637964" name="Heilbutt★"/>
  <item id="3264723035" name="Scholle"/>
  <item id="2049695550" name="Scholle★"/>
  <item id="2820732269" name="Roter Schnapper"/>
  <item id="278696456" name="Roter Schnapper★"/>
  <item id="1451485483" name="Papageienfisch"/>
  <item id="3997142606" name="Papageienfisch★"/>
  <item id="3705752835" name="Dunkle Meerbrasse"/>
  <item id="1683827302" name="Dunkle Meerbra.★"/>
  <item id="330480447" name="Glbschw.makrele"/>
  <item id="2869877850" name="Glbschw.makrele★"/>
  <item id="4257012243" name="Igelfisch"/>
  <item id="1157676406" name="Igelfisch★"/>
  <item id="562354621" name="Schmerle"/>
  <item id="2570632920" name="Schmerle★"/>
  <item id="737418606" name="Degenfisch"/>
  <item id="2471000587" name="Degenfisch★"/>
  <item id="3836210002" name="Meeraal"/>
  <item id="1545309239" name="Meeraal★"/>
  <item id="3821678411" name="Aal"/>
  <item id="1534478382" name="Aal★"/>
  <item id="3096283143" name="Wels"/>
  <item id="3272546" name="Wels★"/>
  <item id="3370613896" name="Qualle"/>
  <item id="1885019117" name="Qualle★"/>
  <item id="1675120560" name="Oktopus"/>
  <item id="3680774357" name="Oktopus★"/>
  <item id="2894838156" name="Riffkalmar"/>
  <item id="339205865" name="Riffkalmar★"/>
  <item id="4094334520" name="Tintenfisch"/>
  <item id="1287057757" name="Tintenfisch★"/>
  <item id="1374563634" name="Leuchtkalmar"/>
  <item id="3914484311" name="Leuchtkalmar★"/>
  <item id="3046148301" name="Kalmar"/>
  <item id="221048744" name="Kalmar★"/>
  <item id="897771574" name="Lanzenkalmar"/>
  <item id="2369687379" name="Lanzenkalmar★"/>
  <item id="1116068000" name="Seeteufel"/>
  <item id="4198088645" name="Seeteufel★"/>
  <item id="2585171951" name="Rochen"/>
  <item id="581628042" name="Rochen★"/>
  <item id="3219147806" name="Marlin"/>
  <item id="123480955" name="Marlin★"/>
  <item id="2198709934" name="Thunfisch"/>
  <item id="1001505227" name="Thunfisch★"/>
  <item id="854535215" name="Kuhfisch"/>
  <item id="2320714570" name="Kuhfisch★"/>
  <item id="1172839609" name="Hechtmuräne"/>
  <item id="4250172380" name="Hechtmuräne★"/>
  <item id="3579248936" name="Körbchenmuschel"/>
  <item id="1844143693" name="Körbchenmusch.★"/>
  <item id="2723164606" name="Moschusschildkr."/>
  <item id="451696347" name="Moschusschildkr.★"/>
  <item id="4037139161" name="Königslachs"/>
  <item id="1209908668" name="Königslachs★"/>
  <item id="2275863119" name="Flusswels"/>
  <item id="1058704682" name="Flusswels★"/>
  <item id="514833397" name="Alligatorhecht"/>
  <item id="2786319504" name="Alligatorhecht★"/>
  <item id="1772653411" name="Weißbarsch"/>
  <item id="3507809286" name="Weißbarsch★"/>
  <item id="4157349568" name="Bla. Sonn.barsch"/>
  <item id="1332771237" name="Bla. Sonn.barsch★"/>
  <item id="2160799318" name="Gem. Son.barsch"/>
  <item id="947341619" name="Gem. Son.barsch★"/>
  <item id="432177132" name="Schmuckschildkr."/>
  <item id="2709395593" name="Schmuckschildkr.★"/>
  <item id="1858424698" name="Bachsaibling"/>
  <item id="3598264351" name="Bachsaibling★"/>
</items>
