<?xml version='1.0' encoding='utf-8'?>
<items>
  <item id="1158785574" name="Einfacher Armreif"/>
  <item id="3681894277" name="Billiger Armreif"/>
  <item id="3692624796" name="Nietenarmband"/>
  <item id="2893156115" name="Power-Armreif"/>
  <item id="2870987530" name="Abd. d. Rohlings"/>
  <item id="1020072578" name="Prächtiger Armreif"/>
  <item id="897277609" name="Armreif der Sonne"/>
  <item id="1271538196" name="Kometen-Armreif"/>
  <item id="1115450943" name="Arf. d. Unholds"/>
  <item id="722316273" name="Legendär. Armreif"/>
  <item id="1544199015" name="Mythischer Armreif"/>
  <item id="1154727953" name="Rostiger Ring"/>
  <item id="3669448114" name="Hässlicher Ring"/>
  <item id="3722088875" name="Hübscher Ring"/>
  <item id="2914018596" name="Regenbogenring"/>
  <item id="2866651453" name="Ring der Illusion"/>
  <item id="1024424117" name="Feenring"/>
  <item id="884552862" name="Ring d. Mondl."/>
  <item id="1242056739" name="Ring des Schicksals"/>
  <item id="1136526344" name="Ring des Unholds"/>
  <item id="718258630" name="Legendärer Ring"/>
  <item id="1573450064" name="Mythischer Ring"/>
  <item id="1184202312" name="Altes Amulett"/>
  <item id="3639733227" name="Abgenutzt. Amulett"/>
  <item id="3751555058" name="Runenamulett"/>
  <item id="2952190845" name="Schutzamulett"/>
  <item id="2828738404" name="Rüstungsamulett"/>
  <item id="1061799660" name="Glücksamulett"/>
  <item id="922716871" name="Amulett der Galaxie"/>
  <item id="1213134458" name="Erdamulett"/>
  <item id="1106819665" name="Amu. d. Unholds"/>
  <item id="680099743" name="Legendär. Amulett"/>
  <item id="1603161865" name="Mythisches Amulett"/>
  <item id="1196889215" name="Einfaches Emblem"/>
  <item id="3644031452" name="Schwarzes Emblem"/>
  <item id="3730720197" name="Glänz. Emblem"/>
  <item id="2922688842" name="Niedliches Emblem"/>
  <item id="2841212243" name="Hermes-Emblem"/>
  <item id="1049341147" name="Aurora-Emblem"/>
  <item id="926802160" name="Sterns.-Emblem"/>
  <item id="1233951821" name="Blitz-Emblem"/>
  <item id="1077596262" name="Embl. d. Unholds"/>
  <item id="692786600" name="Legendär. Emblem"/>
  <item id="1582048574" name="Mythisch. Emblem"/>
  <item id="3671275895" name="Fungi-Fest-Abd."/>
  <item id="1100797588" name="Affendiadem"/>
  <item id="1108869882" name="Zikadenschwert"/>
  <item id="3675345728" name="Stärkungsglocke"/>
  <item id="2887148502" name="Geistesglocke"/>
  <item id="846394997" name="Schutzglocke"/>
  <item id="1165346531" name="Geschw.glocke"/>
  <item id="3699152729" name="Immervolle Flasche"/>
  <item id="2877007823" name="Tengu-Fächer"/>
  <item id="1002748510" name="Muntermantel"/>
  <item id="1287883464" name="Nagelkeule"/>
  <item id="1550776226" name="Trommelschlägel"/>
  <item id="3311904280" name="Robo-Vitamin E"/>
  <item id="2992674446" name="Schleifers Abd."/>
  <item id="585075487" name="Glocke d. Erinneru."/>
  <item id="738460461" name="Umgeschwert"/>
  <item id="1526936507" name="Wandelstein"/>
  <item id="3255460353" name="Reflektor"/>
  <item id="1440267145" name="Paradieskugel"/>
  <item id="120148206" name="Dädalus-Schwing."/>
  <item id="1882087544" name="Patrioten-T-Shirt"/>
  <item id="3911659970" name="Ahnenschärpe"/>
  <item id="2652897620" name="Siegel d. Imperator."/>
  <item id="4494583" name="Ehrenabzeichen"/>
  <item id="2000921697" name="Kaninchenwerfer"/>
  <item id="3997890011" name="Zier-Strohhalm"/>
  <item id="2572010829" name="Spiralenbündel"/>
  <item id="2130045002" name="Kriegsh.-Standarte"/>
  <item id="506618287" name="Stumpfes Schwert"/>
  <item id="1765101881" name="Imperialer Chip"/>
  <item id="4030464131" name="Sternenb.-Schwert"/>
  <item id="2268803093" name="Sternenb.-Stab"/>
  <item id="425698742" name="Sternenb.-Schild"/>
  <item id="166910172" name="Enma-Klinge"/>
  <item id="283765149" name="Erhab. Krummjuwel"/>
  <item id="1851299104" name="Stab d. Vorsitzend."/>
  <item id="4149331098" name="Verzauberte Flöte"/>
  <item id="2153182220" name="Demolier-Modul"/>
  <item id="1743706379" name="Gold. Henkelkreuz"/>
</items>
