<?xml version='1.0' encoding='utf-8'?>
<items>
  <item id="508414116" name="Schokoriegel"/>
  <item id="2150194439" name="Pflaumen-Reisball"/>
  <item id="1766520882" name="Shrimp-Reisball"/>
  <item id="4030966152" name="Luxus-Reisball"/>
  <item id="1848065067" name="Maratonikum"/>
  <item id="2269419806" name="Maratonikum+"/>
  <item id="402359439" name="Maratonik.-Omega"/>
  <item id="1627173913" name="Stärketalisman"/>
  <item id="3882492" name="S-Stärketalisman"/>
  <item id="2000424298" name="Ultrastärketalisman"/>
  <item id="3996474576" name="Geistestalisman"/>
  <item id="2570218566" name="S-Geistestalisman"/>
  <item id="123140581" name="U-Geistestalisman"/>
  <item id="1884408179" name="Abwehrtalisman"/>
  <item id="3914897609" name="S-Abwehrtalisman"/>
  <item id="2657069151" name="U-Abwehrtalisman"/>
  <item id="249607630" name="Fluchthelferlein"/>
  <item id="2045216088" name="Fluchtpuppe"/>
  <item id="722890303" name="Fluchtdaruma"/>
  <item id="3691200082" name="Spannsel-Falle"/>
  <item id="1544642217" name="Signalabim-Falle"/>
  <item id="3306688275" name="Dynamon-Falle"/>
  <item id="1158311912" name="Loderbombe"/>
  <item id="2988392325" name="S-Loderbombe"/>
  <item id="746301990" name="U-Loderbombe"/>
  <item id="1534892720" name="Energiewerfer"/>
  <item id="3262499594" name="Energiewerfer-G"/>
  <item id="3044211612" name="Energiewerfer-GX"/>
  <item id="2869169860" name="Robofaust"/>
  <item id="634250765" name="Robofaust-F"/>
  <item id="1389024923" name="Goldfaust"/>
  <item id="895523687" name="Simpel-Feld"/>
  <item id="1114090481" name="Huschemen-Feld"/>
  <item id="3681483339" name="Nihilo-Feld"/>
  <item id="2102184377" name="Umfangreiche Karte"/>
  <item id="1683486968" name="Fallenflakon"/>
  <item id="1333439291" name="Charmantes Aroma"/>
  <item id="947755949" name="Reizendes Aroma"/>
  <item id="2708785687" name="Betörendes Aroma"/>
  <item id="1449237114" name="Kleinhacker-Kugel"/>
  <item id="3522791093" name="Knoch.-harte Kugel"/>
  <item id="2005085351" name="Kalorienknacker"/>
  <item id="4002053405" name="Kalorienknacker L"/>
  <item id="2576174475" name="Kalorienknacker XL"/>
  <item id="132765736" name="Muskeltrank"/>
  <item id="1894705342" name="Zusatztasche"/>
  <item id="3924277508" name="Zermatscher-Gew."/>
  <item id="2665515410" name="Verstärk. Schutzpl."/>
  <item id="241144835" name="Maratonikum"/>
  <item id="2035852437" name="Fluchthelferlein"/>
  <item id="1983989392" name="Desodorierer"/>
  <item id="4014479146" name="Schleichstiefel"/>
  <item id="2555324348" name="Sargsimpel-Sensor"/>
  <item id="103526943" name="Schutzhelm"/>
  <item id="1898742409" name="Schnüffelsensor"/>
  <item id="3894793011" name="Zeitdehner"/>
  <item id="176907053" name="Debug-Item 1"/>
  <item id="2474783383" name="Debug-Item 2"/>
  <item id="3833922049" name="Debug-Item 3"/>
</items>
