<?xml version='1.0' encoding='utf-8'?>
<items>
  <item id="1332445335" name="Yo-kai Watch"/>
  <item id="1208370318" name="UFO-kai Watch"/>
  <item id="3596800301" name="Yo-kai Watch M. U"/>
  <item id="2707808699" name="Yo-kai Watch M. U2"/>
  <item id="1057059864" name="Yo-kai Watch Dream"/>
  <item id="896643275" name="Yo-kai Watch Dream"/>
  <item id="3507426612" name="Yo-kai-Medaillium"/>
  <item id="2893603185" name="Yo-kai-Medaillium"/>
  <item id="3480871020" name="Yo-kai-Strahlenkan."/>
  <item id="3095318778" name="Yo-kai-Bohrer"/>
  <item id="639255897" name="Yo-kai-Staubsauger"/>
  <item id="1115062365" name="Mamas Brille"/>
  <item id="1543533829" name="Wegbeschreibung"/>
  <item id="2785551778" name="Insektenfangnetz"/>
  <item id="917977139" name="Angelrute"/>
  <item id="635227553" name="Zomb.-Zermatscher"/>
  <item id="1159414852" name="Schutzweste"/>
  <item id="840725714" name="Rucksack"/>
  <item id="1360885199" name="Sendeempfänger"/>
  <item id="1102055589" name="Lagerschlüssel"/>
  <item id="561480000" name="Klebestellen-Karte"/>
  <item id="3812194230" name="„Yo-kai W.“-Schl."/>
  <item id="721896851" name="Fackel"/>
  <item id="1450226134" name="Mech-Modellbausa."/>
  <item id="2987267113" name="Yopple-Einladung"/>
  <item id="3305710783" name="Yopple-Einladung"/>
  <item id="3356763253" name="Untergr.-Schlüss. ◇"/>
  <item id="3205698787" name="Untergr.-Schlüss. ○"/>
  <item id="799803762" name="Untergr.-Schlüss. ▽"/>
  <item id="1487616484" name="Foyerschlüss. (Ost)"/>
  <item id="173724291" name="Foyerschlüs. (West)"/>
  <item id="1533915420" name="Eingangsschl. (Ost)"/>
  <item id="745177482" name="Eing.-schlüs. (West)"/>
  <item id="2103304725" name="Schlafzi.schlü. (Ost)"/>
  <item id="3830756271" name="Schlafzi.schl. (West)"/>
  <item id="1574842233" name="Fancy That! (Nr. 1)"/>
  <item id="3302457027" name="Fancy That! (Nr. 2)"/>
  <item id="3016773205" name="Fancy That! (Nr. 3)"/>
  <item id="766827510" name="Fancy That! (Nr. 4)"/>
  <item id="1521740640" name="Fancy That! (Nr. 5)"/>
  <item id="3283794650" name="Fancy That! (Nr. 6)"/>
  <item id="3032320588" name="Fancy That! (Nr. 7)"/>
  <item id="604149725" name="Fancy That! (Nr. 8)"/>
  <item id="1392879435" name="Fancy That! (Nr. 9)"/>
  <item id="868363950" name="Fancy That! (Nr. 10)"/>
  <item id="1153769016" name="Fancy That! (Nr. 11)"/>
  <item id="3721154434" name="Fancy That! (Nr. 12)"/>
  <item id="2865463060" name="Fancy That! (Nr. 13)"/>
  <item id="883944119" name="Fancy That!(Nr. 14)"/>
  <item id="1135139361" name="Fancy That! (Nr. 15)"/>
  <item id="3668020123" name="Fancy That! (Nr. 16)"/>
  <item id="2913385229" name="Fancy That! (Nr. 17)"/>
  <item id="1025091228" name="Fancy That! (Nr. 18)"/>
  <item id="1243518474" name="Fancy That! (Nr. 19)"/>
  <item id="418348397" name="Fancy That! (Nr. 20)"/>
  <item id="2179345623" name="Fancy That! (Nr. 23)"/>
  <item id="2025156773" name="Entwurf"/>
  <item id="3787202847" name="Leere Nudelschüss."/>
  <item id="2528842121" name="Seelenf.-Party-Einl."/>
  <item id="148866090" name="Helikopter-Zahnr. 1"/>
  <item id="2144908476" name="Helikopter-Zahnr. 2"/>
  <item id="3872515334" name="Helikopter-Zahnr. 3"/>
  <item id="2446775696" name="Beruhigungsbonb."/>
  <item id="23709697" name="Verdächtiges Paket"/>
  <item id="1986984087" name="Y9-Prozessor"/>
  <item id="380203378" name="Schulschlüs. Lenzh."/>
  <item id="1638810084" name="Schl. (Anwesen)"/>
  <item id="4171698270" name="Schl. (Verla. Tunnel)"/>
  <item id="2409636040" name="Standschlüssel 1"/>
  <item id="298104171" name="Standschlüssel 2"/>
  <item id="1724089853" name="Sa-martphone"/>
  <item id="4291482695" name="Schimmlisch. Steak"/>
  <item id="2295194833" name="Fabelfungus"/>
  <item id="410188096" name="Träumer-Ei"/>
  <item id="1869990358" name="Goldene Bohnen"/>
  <item id="1032069809" name="Büchse d. Gr. Aura"/>
  <item id="1250103847" name="Kellerraum-Notiz"/>
  <item id="2049975820" name="Freifahrkarte"/>
  <item id="2487109408" name="Tageskarte"/>
  <item id="3261391014" name="Portabler Portalex"/>
  <item id="1390148919" name="Untoten-Unterbuxe"/>
  <item id="2870289768" name="Robotto-Sensor"/>
  <item id="3692172798" name="Peyn-Öl"/>
  <item id="1682363220" name="Schlüs. (Apt. A-104)"/>
  <item id="4249846510" name="Schlüs. (Apt. A-201)"/>
  <item id="2320020088" name="Schlüs. (Apt. A-303)"/>
  <item id="338438107" name="Schlüs. (Apt. B-204)"/>
  <item id="1663768397" name="Schlüs. (Apt. B-301)"/>
  <item id="4196550391" name="Schlüs. (Apt. C-104)"/>
  <item id="2368042593" name="Schlüs. (Apt. C-201)"/>
  <item id="496659440" name="Schlüs. (Apt. C-204)"/>
  <item id="1788697446" name="Schlüs. (Apt. C-301)"/>
  <item id="3984554921" name="Sushi-Kissen"/>
  <item id="2591574847" name="Tempura-Täschchen"/>
  <item id="180836014" name="Tofukissen"/>
  <item id="69000860" name="Gespensterglocke"/>
  <item id="1931210250" name="Seelensack"/>
  <item id="3927097264" name="Geistersack"/>
  <item id="2635435814" name="Rotkatz.kom.-Ausw."/>
  <item id="57744005" name="Weißhundbrig.-Aus."/>
  <item id="1953901075" name="Gelübdekrapfen"/>
  <item id="1778442059" name="Wab-Wob"/>
  <item id="4077489905" name="Inferno-Bericht"/>
  <item id="443165636" name="Spielkarte: König"/>
  <item id="1835866962" name="Spielkarte: Dame"/>
  <item id="4100213480" name="Spielkarte: Bube"/>
  <item id="2204334718" name="Spielkarte: Ass"/>
  <item id="333211631" name="Spielkarte: 10"/>
  <item id="1692096377" name="Spielkarte: Joker"/>
  <item id="2109761080" name="Studio-Pass"/>
  <item id="791776607" name="Express-Pass"/>
  <item id="1479982537" name="Kuponuss"/>
  <item id="3242191987" name="Gizar-Kraut"/>
  <item id="3057179877" name="Teigtaschen-Trio"/>
  <item id="677136710" name="Milchdeckel d. Held."/>
  <item id="1599830480" name="Blasters T-Abzeich."/>
  <item id="3327273066" name="Wabbeliges Ei"/>
  <item id="2975144188" name="∞ St. des Stahldäm."/>
  <item id="568984941" name="∞ S-Stein"/>
  <item id="1458386427" name="∞ St. d. Stahlfuchs."/>
  <item id="908770334" name="∞ St. d. Stahldrach."/>
  <item id="1093504136" name="∞ St. d. Vergessens"/>
  <item id="3626294578" name="∞ Hinixstein"/>
  <item id="2938367396" name="∞ Habgierstein"/>
  <item id="826767367" name="∞ Alberner Stein"/>
  <item id="1178618001" name="∞ Goldfieberstein"/>
  <item id="2823694781" name="∞ St. der Unterwelt"/>
  <item id="955331628" name="∞ St. der Legenden"/>
  <item id="4158121970" name="Rad: Easy Peasy"/>
  <item id="1860089416" name="Rad: Rock 'n' Roller"/>
  <item id="433686238" name="Rad: Blue Bolt"/>
  <item id="2277315453" name="Rad: Bubblegum"/>
  <item id="4038730731" name="Rad: Neo Racer"/>
  <item id="1773367889" name="Rad: Night Rider"/>
  <item id="515130055" name="Rad: Wild Stallion"/>
  <item id="2383109974" name="Rad: Funky Fresh"/>
  <item id="4178341824" name="Rad: Hot Rod"/>
  <item id="2580276773" name="Rad: Vortex"/>
  <item id="4006401715" name="Rad: Wonderland"/>
  <item id="2009433865" name="Rad: Very Berry"/>
  <item id="12760991" name="Rad: Cool Breeze"/>
  <item id="2661687868" name="Rad: Or. Overdrive"/>
  <item id="3919647402" name="Rad: Bonbon"/>
  <item id="1890075408" name="Rad: Fresh Lime"/>
  <item id="128938886" name="Rad: Lemon Squash"/>
  <item id="2534436375" name="Rad: Premium Plum"/>
  <item id="3759627905" name="Rad: Black Coffee"/>
  <item id="3001464294" name="Rad: Shooting Star"/>
  <item id="3535583278" name="Sprungfed.-Katapult"/>
  <item id="1270213012" name="Ham.hai-Rammspo."/>
  <item id="1018353922" name="Hölzer. Floßkörper"/>
  <item id="2731953313" name="Walza-Floßkörper"/>
  <item id="3587275831" name="Blecher. Floßkörper"/>
  <item id="1289235853" name="Piraten-Floßkörper"/>
  <item id="1004477723" name="Wellenreit.-Floßkör."/>
  <item id="2875195530" name="Holzpaddel"/>
  <item id="3697750044" name="Plattla-Paddel"/>
  <item id="3164649977" name="Rostiges Paddel"/>
  <item id="3416754543" name="Dreizack-Paddel"/>
  <item id="1387190485" name="Well.schneid.-Padd."/>
  <item id="631892035" name="Meine erste Flagge"/>
  <item id="3150806496" name="Tschatscha-Segel"/>
  <item id="3435810166" name="Schrottpropeller"/>
  <item id="1438850252" name="Piratenflagge"/>
  <item id="583281754" name="Himmelblau. Segel"/>
  <item id="3313238365" name="Schönwet.-Talisman"/>
  <item id="2542660154" name="Fliegend.-Fisch-Flü."/>
  <item id="3767196332" name="Regenbog.-Dämpf."/>
  <item id="3221821376" name="Poster Süße Sailors"/>
  <item id="1493190266" name="Maximumm-Maske"/>
  <item id="772241132" name="Ferngesteuert. Auto"/>
  <item id="2959336271" name="Ronya-Aufsteller"/>
  <item id="3345273817" name="Cosplay-Perücke"/>
  <item id="1584235107" name="Stoffpuppe"/>
  <item id="694858485" name="Kugelhelm"/>
  <item id="3117789028" name="Modellrakete"/>
  <item id="3469910002" name="Gettoblaster"/>
  <item id="2920617495" name="Arcade-Automat"/>
  <item id="2982536637" name="Goldenes Ticket 1"/>
  <item id="3334657323" name="Goldenes Ticket 2"/>
  <item id="1607173265" name="Goldenes Ticket 3"/>
  <item id="684504071" name="Goldenes Ticket 4"/>
  <item id="3064471972" name="Goldenes Ticket 5"/>
  <item id="3249475890" name="Goldenes Ticket 6"/>
  <item id="836207942" name="Goldenes Ticket 7"/>
  <item id="2947748069" name="Goldenes Ticket 8"/>
  <item id="1487290504" name="Graustrickser-Stat."/>
  <item id="799109150" name="Mattenfänger-Stat."/>
  <item id="3206442383" name="Dr.-Kling-Statue"/>
  <item id="3357105433" name="Yopple-Bot-Statue"/>
  <item id="2833175804" name="Weiabetti-Statue"/>
  <item id="3755598954" name="Buddy-Blitz-Statue"/>
  <item id="1188083152" name="Der-Exekutor-Statue"/>
</items>
