<?xml version='1.0' encoding='utf-8'?>
<items>
  <item id="1744197840" name="Leodrio-Seele"/>
  <item id="4278126954" name="Klaus-Brüller-Seele"/>
  <item id="2314746364" name="Seismo-Seele"/>
  <item id="396143711" name="Stimmuleo-Seele"/>
  <item id="1620810953" name="Komasura-Seele"/>
  <item id="4187147635" name="Benkei-Seele"/>
  <item id="2392194533" name="Jibanyan-Seele"/>
  <item id="506126452" name="Rosti-Seele"/>
  <item id="1764610274" name="Mani-Panikau-S."/>
  <item id="166353159" name="B3-NK1-Seele"/>
  <item id="2129488273" name="Butzemon-Seele"/>
  <item id="3890493483" name="Arachnius-Seele"/>
  <item id="2430798013" name="Arachnia-Seele"/>
  <item id="243768606" name="Jibalzebub-Seele"/>
  <item id="2038476168" name="Schleifer-Seele"/>
  <item id="3767139378" name="DON-CHAN-Seele"/>
  <item id="2542718116" name="Samba-Seele"/>
  <item id="120705333" name="Bison-Schleifer-S."/>
  <item id="1882644899" name="Sing-Kong-Seele"/>
  <item id="583469764" name="Säuseline-Seele"/>
  <item id="2261248938" name="KOMA-J-Seele"/>
  <item id="1438661202" name="Eulusionist-Seele"/>
  <item id="3435752424" name="Uhudini-Seele"/>
  <item id="3150863230" name="Vagabuhu-Seele"/>
  <item id="631951069" name="Ismir-Übel-Seele"/>
  <item id="3196145147" name="Kongming-Whis.-S."/>
  <item id="1387134539" name="Glitzelle-Seele"/>
  <item id="3416567793" name="Klapperika-Seele"/>
  <item id="3164839783" name="Admiral-Achtbar-S."/>
  <item id="740066038" name="Grete-Petete-S."/>
  <item id="315865818" name="Eloquentia-Seele"/>
  <item id="4055948092" name="Zimbeline-Seele"/>
  <item id="1528541792" name="Möter-Seele"/>
  <item id="1004288901" name="Dobbelmann-S."/>
  <item id="1289423635" name="Sir-Berus-Seele"/>
  <item id="3587332777" name="Gegenschirm-S."/>
  <item id="2731895359" name="Stolzstelz-Seele"/>
  <item id="1018298268" name="Kolumbuskatz-S."/>
  <item id="1270271754" name="Sauersohle-Seele"/>
  <item id="2511085112" name="Plustarfalta-Seele"/>
  <item id="3535773360" name="Wettaran-Seele"/>
  <item id="2780343846" name="Freudenhans-S."/>
  <item id="889697207" name="Schimma-Seele"/>
  <item id="1107329825" name="Glitza-Seele"/>
  <item id="1956490562" name="Kolossokoma-S."/>
  <item id="60464596" name="Dämaskior-Seele"/>
  <item id="2593377390" name="Vlad-Vorpresch-S."/>
  <item id="3985964280" name="Sukkubinchen-S."/>
  <item id="1945135451" name="Stumpfohreule-S."/>
  <item id="83319245" name="Wändewackler-S."/>
  <item id="2650671223" name="Kolorknochen-S."/>
  <item id="3942201569" name="Dunkelfeder-Seele"/>
  <item id="2051417456" name="Verplempelch-S."/>
  <item id="222369254" name="Trumpfohreule-S."/>
  <item id="1837538307" name="Drego-Seele"/>
  <item id="1656311381" name="Sasel-Seele"/>
  <item id="444705941" name="Helmchen-Seele"/>
  <item id="2206793007" name="Nixda-Seele"/>
  <item id="4103065017" name="Panza-Seele"/>
  <item id="1793808410" name="Aalbernd-Seele"/>
  <item id="502032524" name="Laalaalaal-Seele"/>
  <item id="2229614902" name="Urnakonda-Seele"/>
  <item id="4091677088" name="Hybritter-Seele"/>
  <item id="1667044401" name="Sperrich-Seele"/>
  <item id="341451943" name="Wallter-Seele"/>
  <item id="1185664960" name="Galagarnele-Seele"/>
  <item id="833421142" name="Orcanos-Seele"/>
  <item id="1873039007" name="Brumm-Seele"/>
  <item id="2829430508" name="Renné-Seele"/>
  <item id="3751976570" name="Amilikan-Seele"/>
  <item id="1103498201" name="Renni-Ratlos-S."/>
  <item id="918633295" name="Aeronyan-Seele"/>
  <item id="2949147381" name="Shurikenny-Seele"/>
  <item id="3637467747" name="Wirbelwiesel-Seele"/>
  <item id="1215318002" name="Ruckizucki-Seele"/>
  <item id="1064793956" name="Überschalla-Seele"/>
  <item id="683134487" name="Eugen-Lob-Seele"/>
  <item id="2982059949" name="Waswohlaby-Seele"/>
  <item id="4140397536" name="Kauderwels-Seele"/>
  <item id="3334057787" name="Diamanyan-Seele"/>
  <item id="1490893464" name="Saphinyan-Seele"/>
  <item id="802818574" name="Smaranyan-Seele"/>
  <item id="3067304884" name="Rubinyan-Seele"/>
  <item id="3251923746" name="Topanyan-Seele"/>
  <item id="1365997235" name="Trauerhans-Seele"/>
  <item id="644630053" name="Mochismo-Seele"/>
  <item id="3626558030" name="Dösuma-Seele"/>
  <item id="2939146968" name="Stibitza-Seele"/>
  <item id="908493666" name="Wampsel-Seele"/>
  <item id="1092727796" name="Mimikini-Seele"/>
  <item id="1049832704" name="Solotus-Seele"/>
  <item id="3745850967" name="Darumacho-Seele"/>
  <item id="2822903489" name="Goruma-Seele"/>
  <item id="827017083" name="Filzfink-Seele"/>
  <item id="1179416557" name="Wabbelwutz-Seele"/>
  <item id="3606276732" name="Buchinyan-Seele"/>
  <item id="2717145834" name="Kompurasan-Seele"/>
  <item id="3241399055" name="Wabbelnyan-Seele"/>
  <item id="3056919449" name="Schnuckiwatz-S."/>
  <item id="792572451" name="Tristine-Seele"/>
  <item id="1480229557" name="Wirzbald-Seele"/>
  <item id="3328055062" name="Kahnslocker-Seele"/>
  <item id="2975410048" name="Unfrobergino-S."/>
  <item id="676361786" name="Zar-Knirscht-Seele"/>
  <item id="3499969580" name="Stagnatius-Seele"/>
  <item id="1599555244" name="Fiesa-Seele"/>
  <item id="3488111421" name="Dämona-Seele"/>
  <item id="3102698411" name="Schandmähre-S."/>
  <item id="288555633" name="Maximalefiz-Seele"/>
  <item id="1714696935" name="Miserika-Seele"/>
  <item id="973007129" name="J. Ne-Sais-Quoi-S."/>
  <item id="4282213213" name="Kolliver-Seele"/>
  <item id="2285523915" name="Samureis-Seele"/>
  <item id="375309928" name="Serberker-Seele"/>
  <item id="1633285886" name="Drachenfürst-S."/>
  <item id="4166035268" name="Azurdrache-Seele"/>
  <item id="2404882386" name="Flammureis-Seele"/>
  <item id="535333443" name="Robonyan-F-Seele"/>
  <item id="1760541397" name="Krötiger-Dämon-S."/>
  <item id="136852272" name="Spinnübel-Seele"/>
  <item id="2133787558" name="Sun-Ce-Komasa.-S."/>
  <item id="3861271068" name="Hotei-Seele"/>
  <item id="413367817" name="Brüll-Seele"/>
  <item id="2917841001" name="Torturtraba-Seele"/>
  <item id="2434884234" name="Fr.-Langhals-Seele"/>
  <item id="256243497" name="Rattus-I.-Seele"/>
  <item id="2017642431" name="Afronaut-Seele"/>
  <item id="3779827205" name="Corptain-Seele"/>
  <item id="2521605779" name="Fr.-Fanghals-Seele"/>
  <item id="116636418" name="Prof.-Knackvog.-S."/>
  <item id="1911851924" name="Heißluftbaron-S."/>
  <item id="587555059" name="König-Jibanyan-S."/>
  <item id="459667185" name="Viptobot-Seele"/>
  <item id="1818412647" name="Kyubot-Seele"/>
  <item id="1409437797" name="Wunderwilli-Seele"/>
  <item id="3440050655" name="U.-L.-O.-Seele"/>
  <item id="3121361225" name="Baro.-Blitzblank-S."/>
  <item id="610837738" name="Glibbamanda-S."/>
  <item id="1399821436" name="Zaudrak-Seele"/>
  <item id="3395732934" name="Robokapp-Seele"/>
  <item id="3177313616" name="Robokoma-Seele"/>
  <item id="769583297" name="Robopa-Seele"/>
  <item id="1524226135" name="Roböter-Seele"/>
  <item id="975065522" name="Robonoko-Seele"/>
  <item id="1293508900" name="Robodracki-Seele"/>
  <item id="3557830814" name="Herr G.-Nerös-S."/>
  <item id="2736193544" name="Wobbelkoma-S."/>
  <item id="1030985131" name="Misskunz-Seele"/>
  <item id="1249158461" name="Wiederwanne-S."/>
  <item id="3548247175" name="Slax-Seele"/>
  <item id="885381504" name="Oridschinnal-Seele"/>
  <item id="1136847126" name="Horridschinnal-S."/>
  <item id="2873431623" name="T-Nyachthundert-S."/>
  <item id="2360815481" name="Koalanyan-Seele"/>
  <item id="1969211253" name="Knuffiwuffi-Seele"/>
  <item id="39385059" name="Schnuckiputz-S."/>
  <item id="2605819481" name="Konfusius-Seele"/>
  <item id="3965097679" name="Darwin-Seele"/>
  <item id="1915880300" name="Mogry-Nyan-Seele"/>
  <item id="87372794" name="Kabuking-Seele"/>
  <item id="3946533590" name="Tomnyan-Seele"/>
  <item id="2072268615" name="Komadenbrüder-S."/>
  <item id="209944529" name="Schlotterrier-Seele"/>
  <item id="1816458804" name="Bogenraus-Brü.-S."/>
  <item id="457426594" name="Sonda-Ling-Seele"/>
  <item id="2185926424" name="Kalteser-Seele"/>
  <item id="4115507086" name="Nuabbazu-Seele"/>
  <item id="1797861933" name="B-Quem-Seele"/>
  <item id="472777403" name="D.-Let.-Nyamurai-S."/>
  <item id="2346380128" name="Metropolyglossa-S."/>
  <item id="2233946881" name="Pochtopf-Seele"/>
  <item id="4062208919" name="Timmitus-Seele"/>
  <item id="1654619654" name="Machduma-Seele"/>
  <item id="362303120" name="Leolingo-Seele"/>
  <item id="1198106103" name="Krachmed-Seele"/>
  <item id="812553569" name="Schlabbräumer-S."/>
  <item id="2842150107" name="Flosso-Furioso-S."/>
  <item id="3730895949" name="El-Riffador-Seele"/>
  <item id="3802869422" name="Börsenblokka-S."/>
  <item id="3471554932" name="Urnersättlich-Seele"/>
  <item id="922964344" name="Motzääär-Seele"/>
  <item id="2919891138" name="El-Gibales-Seele"/>
  <item id="3641520212" name="Karni-Seele"/>
  <item id="1236413893" name="Obermotzääär-S."/>
  <item id="1052056915" name="El-Gibal.-Grande-S."/>
  <item id="1584567478" name="Krassimir-Krust.-S."/>
  <item id="695575584" name="Wahnwürzi-Seele"/>
  <item id="2960979354" name="Liu-Bei-Jibanyan-S."/>
  <item id="887351763" name="Kwalku-Seele"/>
  <item id="3346777356" name="Farni-Seele"/>
  <item id="1495224495" name="Toilettina-Seele"/>
  <item id="773349433" name="Wirrma-Seele"/>
  <item id="3071357315" name="Bohris-Seele"/>
  <item id="3222667541" name="Rabähsball-Seele"/>
  <item id="1353260164" name="Spitzelspross-S."/>
  <item id="665725970" name="Schmutzurai-Seele"/>
  <item id="415699660" name="Watspappel-Seele"/>
  <item id="3119286754" name="Prokrastinocch.-S."/>
  <item id="3656026233" name="Maledixi-Seele"/>
  <item id="2934814959" name="Plappapappel-S."/>
  <item id="937748821" name="Chillchilla-Seele"/>
  <item id="1088674243" name="Dr.-Van Nichter-S."/>
  <item id="3733408864" name="Dr.-Mondhof-Seele"/>
  <item id="197692315" name="Jibanyan T-Seele"/>
  <item id="3906726525" name="Deadkool-Seele"/>
  <item id="2843770102" name="Vervisage-Seele"/>
  <item id="814296396" name="Nein-nein-Seele"/>
  <item id="1200496090" name="Durchnässa-Seele"/>
  <item id="3610312779" name="Skunksnob-Seele"/>
  <item id="2687906013" name="Wehporter-Seele"/>
  <item id="3237067064" name="Komplimochi-Seele"/>
  <item id="3086387630" name="Gilbi-Seele"/>
  <item id="788518932" name="Jammalia-Seele"/>
  <item id="1509484674" name="Kloklau-Seele"/>
  <item id="3348921633" name="Lob-Hud-Lah-S."/>
  <item id="2962967991" name="Faulheld-Seele"/>
  <item id="697441293" name="Maujor-Seele"/>
  <item id="1586834587" name="Zornzwicker-Seele"/>
  <item id="3458871562" name="Panja-Seele"/>
  <item id="3106734492" name="Takoyakid-Seele"/>
  <item id="326482984" name="Gähneral-Seele"/>
  <item id="1685228734" name="Grobianyan-Seele"/>
  <item id="4252753156" name="Grobro-Seele"/>
  <item id="2323443090" name="Meermassler-S."/>
  <item id="337147953" name="Furorwurm-Seele"/>
  <item id="1662994599" name="Panja-Pro-Seele"/>
  <item id="4195752221" name="Takoyaking-Seele"/>
  <item id="1970927398" name="Supernyan-Seele"/>
  <item id="2811919546" name="Nachtschrat-Seele"/>
  <item id="286601762" name="Prinz Luni-Seele"/>
  <item id="2366712203" name="Portalex-Seele"/>
  <item id="497955866" name="Sohlitärna-Seele"/>
  <item id="1789461644" name="Spekulump-Seele"/>
  <item id="175017321" name="Temportalex-Seele"/>
  <item id="2104081919" name="Meister-Nyada-S."/>
  <item id="663231553" name="Batsan-Seele"/>
  <item id="3831557189" name="Hustanie-Seele"/>
  <item id="2473057491" name="Wehigel-Seele"/>
  <item id="218319216" name="Schirmschelm-S."/>
  <item id="2047113702" name="Schirmschäm-S."/>
  <item id="3809290332" name="Doofkolb-Seele"/>
  <item id="2483689674" name="Peinlager-Seele"/>
  <item id="78972251" name="Dornyan-Seele"/>
  <item id="1941059021" name="Paragroll-Seele"/>
  <item id="2700589219" name="Pandora-Seele"/>
  <item id="558096042" name="Argwoni-Seele"/>
  <item id="1447358012" name="Renitoni-Seele"/>
  <item id="3477979014" name="Schlammampf-S."/>
  <item id="3091894032" name="Grapschmampf-S."/>
  <item id="640555699" name="Qnack-Seele"/>
  <item id="1361652261" name="Zippa-Seele"/>
  <item id="3357571999" name="Zea-Fezza-Seele"/>
  <item id="3207023369" name="Schmöka-Seele"/>
  <item id="798512792" name="Onimich-Seele"/>
  <item id="1486841358" name="Barbargus-Seele"/>
  <item id="945352683" name="Glitzglotz-Seele"/>
  <item id="2561744626" name="Miefiger Mullrich-S."/>
  <item id="1139071301" name="Schrecklicht-Seele"/>
  <item id="1331683197" name="Robotto-Y-Seele"/>
  <item id="3595996871" name="Willheim-Winds.-S."/>
  <item id="2706488913" name="Krakolerik-Seele"/>
  <item id="1060449266" name="Asura-Seele"/>
  <item id="1211243364" name="Armonit-Seele"/>
  <item id="3510323934" name="Locktopus-Seele"/>
  <item id="2788981320" name="Robonyan-Seele"/>
  <item id="914581465" name="Feschfrosch-Seele"/>
  <item id="1099192143" name="Sir-Nyancelot-S."/>
  <item id="1998158124" name="Überkochtopf-S."/>
  <item id="1984954" name="Captain-Cumulus-S."/>
  <item id="4021694052" name="Schockschatz-S."/>
  <item id="2568427520" name="Pistoleros-Seele"/>
  <item id="3994036374" name="Nietell-Seele"/>
  <item id="1886698805" name="Strumpfbacke-S."/>
  <item id="125013411" name="Jibanyan-B-Seele"/>
  <item id="2658851865" name="Komasan-B-Seele"/>
  <item id="3917343887" name="Usapyon-B-Seele"/>
  <item id="2042818846" name="Nunchacky-Seele"/>
  <item id="247841160" name="Usapyon-Seele"/>
  <item id="1845643373" name="Zynikonda-Seele"/>
  <item id="1909636039" name="Komanubis-Seele"/>
  <item id="419789051" name="Petzmeralda-Seele"/>
  <item id="2148280641" name="Omakabra-Seele"/>
  <item id="4144699863" name="Stereoma-Seele"/>
  <item id="1768918132" name="Frohland-Seele"/>
  <item id="510180578" name="Trickolaus-Seele"/>
  <item id="2271341912" name="Mama-Aura-Seele"/>
  <item id="4033273294" name="Tante-Herzi-Seele"/>
  <item id="1624883295" name="Heita-Seele"/>
  <item id="400486601" name="Vipolux-Seele"/>
  <item id="1160715182" name="Vati-Blum-Seele"/>
  <item id="841493304" name="Onkel-Oden-Seele"/>
  <item id="2871097986" name="James-Seele"/>
  <item id="3693496852" name="Süßspross-Seele"/>
  <item id="1111678903" name="Jubelstielchen-S."/>
  <item id="893775649" name="Kühler-Kuhkao-S."/>
  <item id="2890710683" name="Kuhrmet-Seele"/>
  <item id="3679161869" name="Regiena-Seele"/>
  <item id="1274319772" name="Sing-Sang-Seele"/>
  <item id="1022599946" name="Rosa-Zukunft-S."/>
  <item id="1546922735" name="Chocobo-nyan-S."/>
  <item id="724769401" name="Dame-Usapyon-S."/>
  <item id="4242398198" name="Gentlemöter-Seele"/>
  <item id="1234443670" name="Raffaela-Seele"/>
  <item id="2990164931" name="Miesmücke-Seele"/>
  <item id="3309140821" name="Schlimskito-Seele"/>
  <item id="1532620534" name="Nascha-Seele"/>
  <item id="744414816" name="Fledalein-Seele"/>
  <item id="3042414554" name="Juckmuck-Seele"/>
  <item id="3260071756" name="Flederhaus-Seele"/>
  <item id="1391436509" name="Flederemit-Seele"/>
  <item id="635998795" name="Komasan-Seele"/>
  <item id="3685496352" name="Komajiro-Seele"/>
  <item id="2896889526" name="Fixi-Fox-Seele"/>
  <item id="899831564" name="Komähne-Seele"/>
  <item id="1118136218" name="Komatigga-Seele"/>
  <item id="3703697977" name="Viptor-Seele"/>
  <item id="2881929903" name="Schattenato-Seele"/>
  <item id="852464405" name="Maginyan-Seele"/>
  <item id="1170776963" name="Statikid-Seele"/>
  <item id="3855018679" name="Jurojin-Seele"/>
  <item id="3581394450" name="Willnich-Seele"/>
  <item id="2725285508" name="Genuk-Seele"/>
  <item id="3266774881" name="Habssat-Seele"/>
  <item id="3048224759" name="Wandakappa-Seele"/>
  <item id="750347853" name="Opa-Gusto-Seele"/>
  <item id="1539200731" name="Schnattalie-Seele"/>
  <item id="3319448440" name="Nörgelika-Seele"/>
  <item id="3000890350" name="Lungerhai-Seele"/>
  <item id="735355476" name="Labernase-Seele"/>
  <item id="1557369538" name="Tschulligung-Seele"/>
  <item id="3429666643" name="Samuraal-Seele"/>
  <item id="3144400837" name="Sir-Schrillington-S."/>
  <item id="3381034349" name="Zahnettchen-Seele"/>
  <item id="314037791" name="Nomakappa-Seele"/>
  <item id="1706092169" name="Nimmersatt-Seele"/>
  <item id="4240029491" name="Schämon-Seele"/>
  <item id="2344519589" name="Bananase-Seele"/>
  <item id="366612998" name="Sündenblock-S."/>
  <item id="1658659472" name="Generaal-Seele"/>
  <item id="1712456372" name="Alpina-Seele"/>
  <item id="4225004330" name="Willichauch-Seele"/>
  <item id="2362655676" name="Dilemmonadja-S."/>
  <item id="2177778550" name="Auspelli-Seele"/>
  <item id="476864045" name="Brausch-Seele"/>
  <item id="1802202811" name="Reisgreis-Seele"/>
  <item id="195880798" name="Kantalupnyan-S."/>
  <item id="2091636680" name="Oranyan-Seele"/>
  <item id="3852633714" name="Kiwinyan-Seele"/>
  <item id="2460333796" name="Traubnyan-Seele"/>
  <item id="213984071" name="Erdbeernyan-S."/>
  <item id="2076578769" name="Melonyan-Seele"/>
  <item id="3805233771" name="Schokobananas.-S."/>
  <item id="1756227139" name="Momonyan-Seele"/>
  <item id="531289813" name="Welpenyan-Seele"/>
  <item id="2258863983" name="Schimpanyan-S."/>
  <item id="4054104057" name="Fasanyan-Seele"/>
  <item id="2462177825" name="Fukurokuju-Seele"/>
  <item id="1992261598" name="Prinzessin Dotta-S."/>
  <item id="2512941821" name="Wim-Wendig-Seele"/>
  <item id="91713388" name="Grilluminati-Seele"/>
  <item id="1919967226" name="Körnerkaot-Seele"/>
  <item id="545371293" name="Schlotzambain-S."/>
  <item id="1468433419" name="Meidechse-Seele"/>
  <item id="3465532849" name="Kyryn-Seele"/>
  <item id="3112756519" name="Feinhorn-Seele"/>
  <item id="669806724" name="Peter-Petz-Seele"/>
  <item id="3387036072" name="Ööölaf-Seele"/>
  <item id="3202687294" name="Väterch.-Vielfraß-S."/>
  <item id="1474488526" name="Tofupyon-Seele"/>
  <item id="810067250" name="Komödschinn-S."/>
  <item id="1295995255" name="Der Hinix-Seele"/>
  <item id="777665711" name="Aufbleiba-Seele"/>
  <item id="1499270201" name="Fu-Machdu-Seele"/>
  <item id="966428124" name="Zickeria-Seele"/>
  <item id="1318958410" name="Dracunyan-Seele"/>
  <item id="3616859376" name="Durchmacha-Seele"/>
  <item id="2694042726" name="Rosirunde-Seele"/>
  <item id="1056391621" name="Bube-Komasan-S."/>
  <item id="1240494419" name="Zungus-Seele"/>
  <item id="3505987817" name="Möchtebern-Seele"/>
  <item id="2818445439" name="Opa-Öko-Seele"/>
  <item id="212160386" name="Ups-Sorryyy-Seele"/>
  <item id="927010286" name="Verspeiser-Seele"/>
  <item id="1078345080" name="Verschlinger-Seele"/>
  <item id="1994068763" name="Zungustine-Seele"/>
  <item id="31204237" name="König-Halbgar-S."/>
  <item id="2564125239" name="Miss-Teri-Seele"/>
  <item id="4023534241" name="Schabanaki-Seele"/>
  <item id="1907808002" name="Plätzmeralda-S."/>
  <item id="112322452" name="Polyglossa-Seele"/>
  <item id="2679682606" name="Säufel-Seele"/>
  <item id="3904865976" name="Aufmucki-Seele"/>
  <item id="2013305641" name="Rebelzeboy-Seele"/>
  <item id="252160959" name="Daikokuten-Seele"/>
  <item id="1874862682" name="Safto-Seele"/>
  <item id="1629203048" name="Schlaubärga-Seele"/>
  <item id="370973438" name="Imadschinn-Seele"/>
  <item id="1156411801" name="Weiakuchen-Seele"/>
  <item id="870990095" name="Urlaubär-Seele"/>
  <item id="2867007669" name="Blaukäppchen-S."/>
  <item id="3722715171" name="Schlappapa-Seele"/>
  <item id="1132508544" name="Wann-Wonni-Seele"/>
  <item id="3673000191" name="Spatok-Seele"/>
  <item id="881296662" name="Schwammurai-S."/>
  <item id="2911818924" name="Zuberzunge-Seele"/>
  <item id="3666469946" name="Moderzunge-Seele"/>
  <item id="1245116843" name="Waschogun-Seele"/>
  <item id="1026672957" name="Sailornyan-Seele"/>
  <item id="1576419544" name="Könnknochen-S."/>
  <item id="720465998" name="Kamelia-Seele"/>
  <item id="3019383284" name="Prinze.-Perltrud-S."/>
  <item id="3305050466" name="Sushinyan-Seele"/>
  <item id="2093988621" name="Komasan T-Seele"/>
  <item id="2131309557" name="Norma-Seele"/>
  <item id="1520141505" name="Smoggi-Seele"/>
  <item id="765244503" name="Miasmia-Seele"/>
  <item id="3029722605" name="Miefasmia-Seele"/>
  <item id="3281180027" name="Strahlemann-Seele"/>
  <item id="1395509482" name="Egalaya-Seele"/>
  <item id="606795900" name="St-St-Stottfried-S."/>
  <item id="3664665623" name="Wutwammerl-Seele"/>
  <item id="2909367425" name="Kyubi-Seele"/>
  <item id="878722363" name="Komasan-S-Seele"/>
  <item id="1130827181" name="Puhdel-Seele"/>
  <item id="3708000270" name="Sengu-Seele"/>
  <item id="2852432024" name="Amokrele-Seele"/>
  <item id="856553762" name="Kobramotz-Seele"/>
  <item id="1141557684" name="Jibakoma-Seele"/>
  <item id="3568686117" name="Wissuv-Seele"/>
  <item id="2746410163" name="Bishamonten-S."/>
  <item id="3279252822" name="Drotzel-Seele"/>
  <item id="3027393984" name="Tropfi-Seele"/>
  <item id="763038842" name="Ätzardine-Seele"/>
  <item id="1518091500" name="Nieselse-Seele"/>
  <item id="3289950543" name="Katzitän-Kuck-S."/>
  <item id="3005192665" name="Don-Densato-S."/>
  <item id="706136163" name="Makrekel-Seele"/>
  <item id="1561458933" name="Kutterkahn-Seele"/>
  <item id="3450791268" name="Ogralus-Seele"/>
  <item id="3131692530" name="Leitmaulfrosch-S."/>
  <item id="402178202" name="Ebisu-Seele"/>
  <item id="2074246932" name="Tropfsalat-Seele"/>
  <item id="1582605541" name="Wetterwendi-Seele"/>
  <item id="1627385868" name="Spannsel-Seele"/>
  <item id="4193690038" name="Kläffi-Klick-Seele"/>
  <item id="2398196000" name="Signalabim-Seele"/>
  <item id="278201475" name="Schtompf-Seele"/>
  <item id="1737634837" name="Komajiro-S-Seele"/>
  <item id="4271596975" name="Frazzel-Seele"/>
  <item id="2308724025" name="T.-Edison-Seele"/>
  <item id="421742760" name="Komasantastico-S."/>
  <item id="1847883838" name="Wirrwagen-Seele"/>
  <item id="249819611" name="Dankedün-Seele"/>
  <item id="2045034829" name="Gasgeberg-Seele"/>
  <item id="3773665527" name="Axel-Achtlos-S."/>
  <item id="2548736097" name="Patzpanzer-Seele"/>
  <item id="160314818" name="Needankedün-S."/>
  <item id="2122909012" name="Schockermähne-S."/>
  <item id="3883947246" name="Katarrnich-Seele"/>
  <item id="2424792184" name="Zapfi-Seele"/>
  <item id="3701225" name="Wendelin-Seele"/>
  <item id="2000636287" name="Fettnapf-Fido-S."/>
  <item id="634298904" name="Frostina-Seele"/>
  <item id="1388941966" name="Glazia-Seele"/>
  <item id="3418407732" name="Don-Gelato-Seele"/>
  <item id="3167220642" name="Mata-Hasi-Seele"/>
  <item id="581133825" name="Schneeschnüff.-S."/>
  <item id="533641744" name="Glitzi-Seele"/>
  <item id="1436833431" name="Winzikado-Seele"/>
  <item id="3433891629" name="Ninzikado-Seele"/>
  <item id="3148494779" name="Jammsel-Seele"/>
  <item id="722807338" name="Schlabat-Seele"/>
  <item id="1544690364" name="Wirreführer-Seele"/>
  <item id="1020629849" name="Schieba-Seele"/>
  <item id="1272095695" name="Finstengu-Seele"/>
  <item id="3537629813" name="Pümpel-Seele"/>
  <item id="2782708451" name="Tengu-Seele"/>
  <item id="1001936704" name="Sankt-Saugus-S."/>
  <item id="1287612374" name="Tengursula-Seele"/>
  <item id="3585488492" name="Kastellan-II-Seele"/>
  <item id="2729510650" name="Kastellan-III-Seele"/>
  <item id="839785323" name="Kastellan-I-Seele"/>
  <item id="1158228989" name="Goldinyan-Seele"/>
  <item id="1324997007" name="Sarkoplag-Seele"/>
  <item id="1939080606" name="Oberkastellan-S."/>
  <item id="76756232" name="Platinos-Seele"/>
  <item id="2644141234" name="Showbonyan-S."/>
  <item id="3936179236" name="Whisper-Seele"/>
  <item id="1962525063" name="S. Whispocrates-S."/>
  <item id="67039505" name="Pfannes-Seele"/>
  <item id="2599919787" name="Stocher-Seele"/>
  <item id="3991965757" name="Sheriff-Schlotter-S."/>
  <item id="2102365612" name="Rambizambi-Seele"/>
  <item id="172539194" name="Jibanyan-S-Seele"/>
  <item id="1787770079" name="Wassgeht-Seele"/>
  <item id="495453257" name="Knobold-Seele"/>
  <item id="2223068659" name="Pascha-Seele"/>
  <item id="4085671269" name="Labiliese-Seele"/>
  <item id="1843589318" name="Labilotte-Seele"/>
  <item id="451264592" name="Insomnina-Seele"/>
  <item id="2213319146" name="Gierrippe-Seele"/>
  <item id="4109083004" name="Garudrun-Seele"/>
  <item id="1683274989" name="Nyass-Seele"/>
  <item id="4222623727" name="Cao-Cao-Hover.-S."/>
  <item id="324242555" name="Autschi-Seele"/>
  <item id="1101162268" name="Peyn-Seele"/>
  <item id="916805514" name="Agon-Seele"/>
  <item id="2947286576" name="Rebelzebub-Seele"/>
  <item id="3635099302" name="Bandido-Seele"/>
  <item id="1188012805" name="Graf-Karies-Seele"/>
  <item id="835228563" name="Shogunyan-Seele"/>
  <item id="2831270441" name="Gilgaros-Seele"/>
  <item id="3754357439" name="Ganzo-Seele"/>
  <item id="1333391150" name="Dösbacke-Seele"/>
  <item id="947838904" name="Wutwutz-Seele"/>
  <item id="1488541277" name="Kintaronyan-Seele"/>
  <item id="364805827" name="Hovernyan S-S."/>
  <item id="1758038662" name="Maharasa-Seele"/>
  <item id="801007307" name="Zackarias-Seele"/>
  <item id="3065460593" name="Einaugust-Seele"/>
  <item id="3249539047" name="Kryo-Seele"/>
  <item id="1607766596" name="Singzikado-Seele"/>
  <item id="684958418" name="Furzfürst-Seele"/>
  <item id="2983916392" name="Bestball-Seele"/>
  <item id="3336422398" name="Sima-Yi-Usapyo.-S."/>
  <item id="1449320047" name="Benzaiten-Seele"/>
  <item id="2682051307" name="König Wyrum-S."/>
  <item id="864955850" name="Kid Kadaver-Seele"/>
  <item id="560328441" name="Doofkapp-Seele"/>
  <item id="3743500946" name="Tranatol-Seele"/>
  <item id="2821093892" name="Walza-Seele"/>
  <item id="825174974" name="Plattla-Seele"/>
  <item id="1177033512" name="Tschatscha-Seele"/>
  <item id="3628895883" name="Pupsi-Seele"/>
  <item id="2940976669" name="Simpel-Seele"/>
  <item id="910356391" name="Kuhrigella-Seele"/>
  <item id="1095098161" name="Stunkrigella-Seele"/>
  <item id="3522871968" name="Schlitzspatz-Seele"/>
  <item id="2801660470" name="Wackelhandidat-S."/>
  <item id="3325721555" name="Spaßhüpfer-Seele"/>
  <item id="2973584197" name="Wirrtropf-Seele"/>
  <item id="674503423" name="Huschemen-Seele"/>
  <item id="1597188713" name="Nihilo-Seele"/>
  <item id="3243753418" name="Hovernyan-Seele"/>
  <item id="3058732892" name="Nostierdamus-S."/>
  <item id="794418918" name="Sternenoko-Seele"/>
  <item id="114658129" name="Hinovator-Seele"/>
  <item id="135136099" name="Nostralahmus-S."/>
  <item id="2175414195" name="Leichenlerche-S."/>
  <item id="1482616432" name="Dreiseha-Seele"/>
  <item id="3370251233" name="Kicha-Seele"/>
  <item id="3219571575" name="Blabia-Seele"/>
  <item id="372943533" name="Freundsfalta-Seele"/>
  <item id="1631427131" name="Freundspalta-S."/>
  <item id="4164209537" name="Floppo-Seele"/>
  <item id="2402548503" name="Prassa-Seele"/>
  <item id="290942644" name="Untlitz-Seele"/>
  <item id="1716543010" name="Fellix-Seele"/>
  <item id="4284026776" name="Filzix-Seele"/>
  <item id="2287877902" name="Meermaid-Seele"/>
  <item id="417407647" name="Unfairmaid-Seele"/>
  <item id="1877348873" name="Wieich-Willi-Seele"/>
  <item id="253860844" name="Vierseha-Seele"/>
  <item id="2015800186" name="Skelebelle-Seele"/>
  <item id="3778017984" name="Besserling-Seele"/>
  <item id="2519255638" name="Feinschwing-Seele"/>
  <item id="139223029" name="Negasus-Seele"/>
  <item id="2135650147" name="Kalaua-Seele"/>
  <item id="3863101145" name="Zauster-Seele"/>
  <item id="2437221967" name="Haartwig-Seele"/>
  <item id="33166302" name="Meermadonna-S."/>
  <item id="1996301128" name="Meermutter-Seele"/>
  <item id="604817455" name="Streugen-Seele"/>
  <item id="1351560407" name="Ultrobonyan-Seele"/>
  <item id="693343347" name="Positivla-Seele"/>
  <item id="3622864949" name="Fauliger Fürst-S."/>
  <item id="1196397988" name="Bastetnyan-Seele"/>
  <item id="4138540837" name="Dicker Fisch-Seele"/>
  <item id="2861005936" name="Nyanses II.-Seele"/>
  <item id="1393293497" name="Wapir-Seele"/>
  <item id="3389171971" name="Gusstav-Seele"/>
  <item id="3171260821" name="Blanko-Seele"/>
  <item id="593562678" name="Noko-Seele"/>
  <item id="1415986336" name="Wichtel-Seele"/>
  <item id="3446631706" name="Pechtel-Seele"/>
  <item id="3127401868" name="Pandanoko-Seele"/>
  <item id="718749725" name="Florinoko-Seele"/>
  <item id="1573941387" name="Oberwichtel-Seele"/>
  <item id="41863088" name="Eleg. Gesandter-S."/>
  <item id="1024981358" name="Sabba-Seele"/>
  <item id="1242614264" name="Schwupp-Seele"/>
  <item id="3541669954" name="Graf Zappula-Seele"/>
  <item id="2753472724" name="Scharlahahn-Seele"/>
  <item id="981089655" name="Griesgramba-S."/>
  <item id="1300041185" name="Moppsa-Seele"/>
  <item id="3564395611" name="Odyssenyan-Seele"/>
  <item id="1149836636" name="Indiana Jaws-S."/>
  <item id="3716173030" name="Egopatra-Seele"/>
  <item id="2742250701" name="Dracki-Seele"/>
  <item id="869036380" name="Leonidös-Seele"/>
  <item id="1154171338" name="Henry-Laschke-S."/>
  <item id="1918267305" name="Casanovo-Seele"/>
  <item id="89218879" name="Casalusa-Seele"/>
  <item id="2623016581" name="Dandackel-Seele"/>
  <item id="3948887571" name="Leonidas-Seele"/>
  <item id="1966844848" name="Barricardo-Seele"/>
  <item id="37526310" name="Haltan-Seele"/>
  <item id="2603993756" name="Der-Brocken-S."/>
  <item id="3962763786" name="Der-Vulkan-Seele"/>
  <item id="2089674651" name="Zappelfant-Seele"/>
  <item id="193648397" name="Zitterfant-Seele"/>
  <item id="1800232680" name="Mammussnich-S."/>
  <item id="474639998" name="Luchadonyan-S."/>
  <item id="2235776964" name="Sumudon-Seele"/>
  <item id="4064546642" name="Yokozudon-Seele"/>
  <item id="1814076145" name="Seegras-Sensei-S."/>
  <item id="455584359" name="Teekannich-Seele"/>
  <item id="1526720516" name="Urulker-Seele"/>
  <item id="2184117213" name="Amnesimon-Seele"/>
  <item id="4113156939" name="Scheiterschädel-S."/>
  <item id="1704384218" name="Fäter.-Värtippa-S."/>
  <item id="311551564" name="OMGator-Seele"/>
  <item id="1080036651" name="Trampeldino-Seele"/>
  <item id="929512893" name="Ratzekarl-Seele"/>
  <item id="2926472199" name="Sushiyama-Seele"/>
  <item id="3647560849" name="Kapunki-Seele"/>
  <item id="1192085810" name="Rhinfanterist-Seele"/>
  <item id="806025636" name="Rhinoberst-Seele"/>
  <item id="2835589150" name="Rhinozerboss-S."/>
  <item id="3724843144" name="Hausdemsin-Seele"/>
  <item id="1320912153" name="Verheerbert-Seele"/>
  <item id="968668559" name="Gargaros-Seele"/>
  <item id="1501248618" name="Rexterminator-S."/>
  <item id="779881724" name="Klotzilla-Seele"/>
  <item id="3077922118" name="Wirbel-10-Seele"/>
  <item id="3228724688" name="Josper-Seele"/>
  <item id="551934040" name="Lü-Bu-Orcanos-S."/>
  <item id="28856136" name="Kummerknoch.-S."/>
  <item id="976773601" name="El Dorago-Seele"/>
  <item id="1578563699" name="Hornboxa-Seele"/>
  <item id="689031397" name="Kneiferer-Seele"/>
  <item id="2954402143" name="Zangenzar-Seele"/>
  <item id="3340741065" name="Papa-Blitzig-Seele"/>
  <item id="1470149720" name="Onkel-Omni-Seele"/>
  <item id="547849422" name="Muzifer-Seele"/>
  <item id="3739426981" name="Schiriviper-Seele"/>
  <item id="2850295859" name="Japakappa-Seele"/>
  <item id="820855177" name="Tigappa-Seele"/>
  <item id="1206546719" name="Killakappa-Seele"/>
  <item id="3650020540" name="Sanderl-Seele"/>
  <item id="2928268330" name="Herr-Körner-Seele"/>
  <item id="931169680" name="Kain-Wagnis-Seele"/>
  <item id="1082635526" name="Dynamon-Seele"/>
  <item id="3493374103" name="König-Knausa-S."/>
  <item id="2805962753" name="Aventurnyan-S."/>
  <item id="3354923492" name="Fuu-2-Seele"/>
  <item id="2969510258" name="Nan-Sens-Seele"/>
  <item id="704016584" name="Nandhi-Seele"/>
  <item id="1592868958" name="Die Geistwirtin-S."/>
  <item id="3231045117" name="Baku-Seele"/>
  <item id="3079857515" name="Nerdinand-Seele"/>
  <item id="781956305" name="Finsterkyubi-Seele"/>
  <item id="1503429703" name="Dörrte-Seele"/>
  <item id="3374553558" name="Glamourella-Seele"/>
  <item id="3190073664" name="Eternia-Seele"/>
  <item id="343676148" name="Sandy-Seele"/>
  <item id="1669014626" name="Bakulia-Seele"/>
  <item id="4201805272" name="Awokalypso-Seele"/>
  <item id="2373272910" name="Nervo-Seele"/>
  <item id="319934701" name="Hackerkönig-Seele"/>
  <item id="1708427852" name="Triviateddy-Seele"/>
  <item id="1679220859" name="Minimoto-Seele"/>
  <item id="4246712769" name="Nottürmer-Seele"/>
  <item id="2316861783" name="HAMMERBURG.-S."/>
  <item id="447192262" name="Flaumtaumler-S."/>
  <item id="1839246416" name="Zaudernuss-Seele"/>
  <item id="224863669" name="MC-Kappa-Seele"/>
  <item id="2053117219" name="Rumbastilzchen-S."/>
  <item id="3815326873" name="Chymäre-Seele"/>
  <item id="2490266639" name="Prymäre-Seele"/>
  <item id="168485292" name="Blank-Man-Seele"/>
  <item id="2098057530" name="Spoilerina-Seele"/>
  <item id="3825500288" name="Darknyan-Seele"/>
  <item id="2466492438" name="Maximumm-N-S."/>
  <item id="62696839" name="Maximumm-K-S."/>
  <item id="3746185141" name="Stachel-Seele"/>
  <item id="1178824207" name="Schlitzer-Seele"/>
  <item id="826564249" name="Kombo-Seele"/>
  <item id="2938161978" name="Glüh-Seele"/>
  <item id="3626498988" name="Trief-Seele"/>
  <item id="1093577238" name="Zünd-Seele"/>
  <item id="908696192" name="Sternen-Seele"/>
  <item id="2794882833" name="Frost-Seele"/>
  <item id="3515987847" name="Spiral-Seele"/>
  <item id="2975219298" name="Rein-Seele"/>
  <item id="3327201012" name="Clevere Seele"/>
  <item id="1599627086" name="Schutz-Seele"/>
  <item id="3057384059" name="Herausragend-S."/>
  <item id="3241986797" name="Finster-Seele"/>
  <item id="1479908183" name="Auflade-Seele"/>
  <item id="791849921" name="Heimlich-Seele"/>
  <item id="3213735504" name="Besessen-Seele"/>
  <item id="3364521670" name="Superstar-Seele"/>
  <item id="2591780257" name="Federleicht-Seele"/>
  <item id="3984350519" name="Beschwör-Seele"/>
  <item id="1953827981" name="Verwehen-Seele"/>
  <item id="57818139" name="Rotrausch-Seele"/>
</items>
