<?xml version='1.0' encoding='utf-8'?>
<items>
  <item id="2415208695" name="Cerca-amici"/>
  <item id="385644877" name="Jackpot"/>
  <item id="1643858395" name="Esplosione"/>
  <item id="4288666744" name="Ninja"/>
  <item id="2291723502" name="Sfere Oni XXL"/>
  <item id="294763860" name="Popolarità"/>
  <item id="1721142722" name="Oggetti XL"/>
  <item id="4129919059" name="Sfere Oni XL"/>
  <item id="2385986240" name="Mastyk"/>
  <item id="389944186" name="Super Mastyk"/>
  <item id="1614357484" name="Ultra Mastyk"/>
  <item id="4267554383" name="Wokscillo"/>
  <item id="2304411353" name="Super Wokscillo"/>
  <item id="273930083" name="Ultra Wokscillo"/>
  <item id="1733617653" name="Poliministro"/>
  <item id="4159437412" name="Super Poliministro"/>
  <item id="2163002098" name="Ultra Poliministro"/>
  <item id="3760931607" name="Diamantosso"/>
  <item id="2536272769" name="Super Diamantosso"/>
  <item id="237314619" name="Ultra Diamantosso"/>
  <item id="2032276141" name="Gattiva"/>
  <item id="3880158990" name="Super Gattiva"/>
  <item id="2420225944" name="Ultra Gattiva"/>
  <item id="155772450" name="Decadama"/>
  <item id="2119161524" name="Super Decadama"/>
  <item id="4008758053" name="Ultra Decadama"/>
  <item id="2583165875" name="Kabukio"/>
  <item id="3406172372" name="Super Kabukio"/>
  <item id="3154190402" name="Ultra Kabukio"/>
  <item id="621310456" name="Felimonio"/>
  <item id="1376731502" name="Super Felimonio"/>
  <item id="3429618893" name="Ultra Felimonio"/>
  <item id="3144475739" name="Cancan"/>
  <item id="577091041" name="Super Cancan"/>
  <item id="1432520055" name="Ultra Cancan"/>
  <item id="3319634150" name="Brontolante"/>
  <item id="3000674416" name="Super Brontolante"/>
  <item id="3525124501" name="Ultra Brontolante"/>
  <item id="2769948931" name="Ciarlaterrore"/>
  <item id="1007894713" name="Super Ciarlaterrore"/>
  <item id="1259630639" name="Ultra Ciarlaterrore"/>
  <item id="3580945804" name="Panna Soffiata"/>
  <item id="2725762330" name="Super Panna Soff."/>
  <item id="998147232" name="Ultra Panna Soffiata"/>
  <item id="1283044406" name="Robonyan 28"/>
  <item id="3704007079" name="Super Robonyan 28"/>
  <item id="2881591601" name="Ultra Robonyan 28"/>
  <item id="2640099154" name="Imagino"/>
  <item id="3931867076" name="Super Imagino"/>
  <item id="1934808702" name="Ultra Imagino"/>
  <item id="72738536" name="Omai Vorticoso"/>
  <item id="2586932043" name="Super Omai Vortic."/>
  <item id="3979756509" name="Ultra Omai Vorticoso"/>
  <item id="1950290535" name="Zamperosse"/>
  <item id="54010609" name="Super Zamperosse"/>
  <item id="2475114336" name="Ultra Zamperosse"/>
  <item id="3833597942" name="Nerorko"/>
  <item id="2219279891" name="Super Nerorko"/>
  <item id="4081104517" name="Ultra Nerorko"/>
  <item id="1783228223" name="Capitan Tuono"/>
  <item id="491706281" name="Super Capitan Tuono"/>
  <item id="2200584714" name="Ultra Capitan Tuono"/>
  <item id="4096619164" name="Robonyan 3000"/>
  <item id="1831084838" name="Super Robon. 3000"/>
  <item id="438506416" name="Ultra Robonyan 3000"/>
  <item id="2325483041" name="Artigli d'Oro"/>
  <item id="4254809783" name="Super Artigli d'Oro"/>
  <item id="2943014352" name="Ultra Artigli d'Oro"/>
  <item id="3631080774" name="Oro Vorticoso"/>
  <item id="1097118972" name="Super Oro Vorticoso"/>
  <item id="912491626" name="Ultra Oro Vorticoso"/>
  <item id="2819035593" name="Imagino Risvegliato"/>
  <item id="3741327711" name="Super Imagino Risv."/>
  <item id="1175023845" name="Ultra Imagino Risv."/>
  <item id="823017587" name="Zazel"/>
  <item id="2712755682" name="Super Zazel"/>
  <item id="3602279796" name="Ultra Zazel"/>
  <item id="3060917393" name="Re Shogun"/>
  <item id="3245790215" name="Super Re Shogun"/>
  <item id="1484752317" name="Ultra Re Shogun"/>
</items>
