<?xml version='1.0' encoding='utf-8'?>
<items>
  <item id="2592718716" name="Frammento audace"/>
  <item id="1955061328" name="Framm. misterioso"/>
  <item id="2648996709" name="Frammento tosto"/>
  <item id="1944721993" name="Framm. splendido"/>
  <item id="3814000600" name="Framm. generoso"/>
  <item id="3940764659" name="Frammento oscuro"/>
  <item id="82651871" name="Framm. spaventoso"/>
  <item id="58781382" name="Framm. sfuggente"/>
  <item id="2488416078" name="Essenza audace"/>
  <item id="2207419965" name="Essenza misteriosa"/>
  <item id="1839001361" name="Essenza tosta"/>
  <item id="2231323172" name="Essenza splendida"/>
  <item id="502668190" name="Essenza generosa"/>
  <item id="446422919" name="Essenza oscura"/>
  <item id="4093147826" name="Ess. spaventatutti"/>
  <item id="4103454379" name="Essenza sfuggente"/>
  <item id="1794190088" name="Cristallo audace"/>
  <item id="2370373135" name="Cristallo misterioso"/>
  <item id="2831146494" name="Cristallo tosto"/>
  <item id="1186053330" name="Cristallo splendido"/>
  <item id="3637848433" name="Cristallo generoso"/>
  <item id="3753438568" name="Cristallo oscuro"/>
  <item id="834047044" name="Crist. spaventatutti"/>
  <item id="4199429785" name="Cristallo sfuggente"/>
  <item id="2949781991" name="Sfera audace"/>
  <item id="1104967883" name="Sfera misteriosa"/>
  <item id="2791593420" name="Sfera tosta"/>
  <item id="2980375743" name="Sfera splendida"/>
  <item id="682474757" name="Sfera generosa"/>
  <item id="3512952154" name="Sfera oscura"/>
  <item id="3332627497" name="Sfera spaventatutti"/>
  <item id="920340573" name="Sfera sfuggente"/>
  <item id="1605012883" name="Secchio Termaiale"/>
  <item id="3251509296" name="Corda Termaiale"/>
  <item id="3066636454" name="Secchio Term. +"/>
  <item id="801143068" name="Corda Termaiale +"/>
  <item id="1489455498" name="Secchio Term. ++"/>
  <item id="3363329051" name="Corda Termaiale ++"/>
  <item id="3212797069" name="Bacino Tuttosso"/>
  <item id="2313308910" name="Dente Tuttosso"/>
  <item id="4276451960" name="Spina dors. Tuttosso"/>
  <item id="1743530946" name="Costole Tuttosso"/>
  <item id="283843412" name="Teschio Tuttosso"/>
  <item id="2391772919" name="Cuore Tuttosso"/>
  <item id="4186488417" name="Asciugamano Ciarl."/>
  <item id="1619128283" name="Dentiera Ciarl."/>
  <item id="394714957" name="Asciugam. Ciarl. +"/>
  <item id="2268709596" name="Dentiera Ciarl. +"/>
  <item id="4030657098" name="Asciugam. Ciarl. ++"/>
  <item id="2432269231" name="Dentiera Ciarl. ++"/>
  <item id="3892202297" name="Uncino Velanera"/>
  <item id="2130123395" name="Nave Velanera"/>
  <item id="166734357" name="Uncino Velanera +"/>
  <item id="2543108022" name="Nave Velanera +"/>
  <item id="3767766816" name="C. da pesca Velan."/>
  <item id="2040192666" name="Nave Velanera ++"/>
  <item id="245231116" name="Lingua Trisalam."/>
  <item id="2653090717" name="Occhio Trisalam."/>
  <item id="3911566091" name="Lingua Trisalam. +"/>
  <item id="3151243372" name="Megaocchio Trisal."/>
  <item id="3436386554" name="Lingua Trisalam. ++"/>
  <item id="1440368960" name="Occhiocupo Trisal."/>
  <item id="584939990" name="Corno Koross"/>
  <item id="3166301301" name="Punta Koross"/>
  <item id="3418283235" name="Affilacorno Koross"/>
  <item id="1387760985" name="Megapunta Koross"/>
  <item id="632339919" name="Ultracorno Koross"/>
  <item id="3037700190" name="Punta fulgida Koross"/>
  <item id="3255341256" name="Bacino Dorosso"/>
  <item id="2731481389" name="Dente Dorosso"/>
  <item id="3586664891" name="Spina dors. Dorosso"/>
  <item id="1287747585" name="Costole Dorosso"/>
  <item id="1002850455" name="Teschio Dorosso"/>
  <item id="2778914100" name="Cuore Dorosso"/>
  <item id="3534089634" name="Dente Mastyk"/>
  <item id="1269611544" name="Collana Mastyk"/>
  <item id="1017875598" name="Molare Mastyk"/>
  <item id="2887029023" name="Collana Mastyk +"/>
  <item id="3675496841" name="Dente giud. Mastyk"/>
  <item id="626460130" name="Perle Mastyk"/>
  <item id="1380988276" name="Corno Blutus"/>
  <item id="3411633358" name="Punta Blutus"/>
  <item id="3160298584" name="Affilacorno Blutus"/>
  <item id="574276091" name="Punta ferrea Blutus"/>
  <item id="1430122861" name="Ultracorno Blutus"/>
  <item id="3426001111" name="Punta blu Blutus"/>
  <item id="3140718657" name="Panno Brontolante"/>
  <item id="730631632" name="Catena Brontolante"/>
  <item id="1552661830" name="Panno Brontolante +"/>
  <item id="1011627171" name="Catena Brontol. +"/>
  <item id="1263207477" name="Panno Brontol. ++"/>
  <item id="3527562639" name="Catena Brontol. ++"/>
  <item id="2772788505" name="Dente Mangiavita"/>
  <item id="992080058" name="Collana Mangiavita"/>
  <item id="1277607980" name="Molare Mangiavita"/>
  <item id="3576664470" name="Perle Mangiavita +"/>
  <item id="2720571648" name="Dente Mangiavita +"/>
  <item id="848805009" name="Perle Mangiavita ++"/>
  <item id="1167100935" name="Secchio Suimo"/>
  <item id="3964462557" name="Corda Suimo"/>
  <item id="2605438283" name="Secchio Suimo +"/>
  <item id="37913841" name="Corda paglia Suimo"/>
  <item id="1967502439" name="Secchio Suimo ++"/>
  <item id="3944817092" name="Corda scura Suimo"/>
  <item id="2619740498" name="Vaso di Wokscillo"/>
  <item id="86982888" name="Sporco di Wokscillo"/>
  <item id="1915252862" name="Vaso Wokscillo +"/>
  <item id="3801574895" name="Sporco di Wokscillo +"/>
  <item id="2509266297" name="Vaso Wokscillo ++"/>
  <item id="4116173980" name="Sporco di Wokscillo ++"/>
  <item id="2186339338" name="Uncino Kahn-8"/>
  <item id="458864048" name="Nave Kahn-8"/>
  <item id="1818133798" name="Uncino Kahn-8 +"/>
  <item id="4063891589" name="Nave Kahn-8 +"/>
  <item id="2235375635" name="C. da pesca Kahn-8"/>
  <item id="473199017" name="Nave Kahn-8 ++"/>
  <item id="1798521151" name="Lingua Occhiman."/>
  <item id="4220279982" name="Occhio Occhiman."/>
  <item id="2357947448" name="Lingua Occhim. +"/>
  <item id="3732571999" name="Occhio Occhim. +"/>
  <item id="2843588553" name="Lingua Occhim. ++"/>
  <item id="812967539" name="Occhio Occhim. ++"/>
  <item id="1198773989" name="Borsellino Cancan"/>
  <item id="3642180422" name="Bomba Cancan"/>
  <item id="2920313808" name="Borsellino Cancan +"/>
  <item id="924394090" name="Bomba Cancan +"/>
  <item id="1075712764" name="Bors. Cancan ++"/>
  <item id="3500216173" name="Bomba Cancan ++"/>
  <item id="2812690427" name="Zanna Felimonio"/>
  <item id="3345069598" name="Ciondolo Felimonio"/>
  <item id="2959509128" name="Zanna Felimonio +"/>
  <item id="695195442" name="Ciondolo Felim. +"/>
  <item id="1583933348" name="Zanna Felimonio ++"/>
  <item id="3222041095" name="Ciond. Felimonio ++"/>
  <item id="3070968465" name="Motore 28"/>
  <item id="771887915" name="Batteria 28"/>
  <item id="1493509053" name="Motore 28 +"/>
  <item id="3384426028" name="Batteria 28 +"/>
  <item id="3200061114" name="Motore 28 ++"/>
  <item id="2283806937" name="Batteria 28++"/>
  <item id="4280750159" name="Filo Gattiva"/>
  <item id="1714307573" name="Gemma Gattiva"/>
  <item id="287928675" name="Ragnatela Gattiva"/>
  <item id="2404246720" name="Cristallo Gattiva"/>
  <item id="4165653590" name="Oro filato Gattiva"/>
  <item id="1631815148" name="Cristallo Gattiva +"/>
  <item id="373601658" name="Inchiostro Polimin."/>
  <item id="2264639723" name="Tentacolo Polimin."/>
  <item id="4059863165" name="Inchiostro Polimin. +"/>
  <item id="2436567448" name="Tentacolo Polimin. +"/>
  <item id="3862700302" name="Inchiostro Polim. ++"/>
  <item id="2134208692" name="Tentacolo Polim. ++"/>
  <item id="137510946" name="Sbuffo Panna Soff."/>
  <item id="2522273153" name="Soffioplasma"/>
  <item id="3780240663" name="Doppia Panna Soff."/>
  <item id="2019079341" name="Super Soffioplasma"/>
  <item id="257918011" name="Tripla Panna Soff."/>
  <item id="2682296746" name="Ultra Soffioplasma"/>
  <item id="3907496252" name="Maschera Kabukio"/>
  <item id="3122020955" name="Lanterna Kabukio"/>
  <item id="3440472781" name="Maschera Kabukio +"/>
  <item id="1410868087" name="Lanterna Kabukio +"/>
  <item id="589239265" name="Borsa Kabukio"/>
  <item id="3178989122" name="Pipa Kabukio"/>
  <item id="3397170900" name="Bacino Diamantosso"/>
  <item id="1400235886" name="Dente Diamantosso"/>
  <item id="611506168" name="Spina dors. Diam."/>
  <item id="3033385577" name="Costole Diamantosso"/>
  <item id="3284859647" name="Teschio Diamant."/>
  <item id="2735567642" name="Cuore Diamantosso"/>
  <item id="3557442444" name="Piuma funesta"/>
  <item id="1292046902" name="Cuore dama sinistra"/>
  <item id="973349536" name="Piuma lugubre"/>
  <item id="2757801731" name="Cuore dama lugubre"/>
  <item id="3546777493" name="Piuma incantata"/>
  <item id="1248777775" name="Cuore dama innoc."/>
  <item id="1030350521" name="Corno Nerorko"/>
  <item id="2916547368" name="Punta Nerorko"/>
  <item id="3671182270" name="Corno torto Nerorko"/>
  <item id="613773269" name="Punta dura Nerorko"/>
  <item id="1402101571" name="Ultracorno Nerorko"/>
  <item id="3399159545" name="Punta nera Nerorko"/>
  <item id="3181133423" name="Progetto Imagino"/>
  <item id="603499468" name="Tirapiedi di Imagino"/>
  <item id="1426037594" name="Prog. segr. Imagino"/>
  <item id="3455503072" name="Servo di Imagino"/>
  <item id="3136420470" name="Gran progetto"/>
  <item id="709814247" name="Compare di Imagino"/>
  <item id="1565120369" name="Artiglio vorticoso"/>
  <item id="1032740500" name="Sfera vorticosa"/>
  <item id="1250520578" name="Collana vorticosa"/>
  <item id="3548397496" name="Sfera vortice oscuro"/>
  <item id="2760314670" name="Zanna vorticosa"/>
  <item id="987994765" name="Sfera vortice dorato"/>
  <item id="1306831387" name="Artiglio Zamperosse"/>
  <item id="3572366241" name="Moneta di bronzo"/>
  <item id="2750073655" name="Collana Zamperosse"/>
  <item id="861263526" name="Moneta d'argento"/>
  <item id="1146283568" name="Baffi Zamperosse"/>
  <item id="3993656196" name="Mon. Zamperosse"/>
  <item id="2567793426" name="Artiglio Zazelmare"/>
  <item id="277160" name="Corno Zazelmare"/>
  <item id="1996687934" name="Artiglio diabolico"/>
  <item id="3915882397" name="Corno diabolico"/>
  <item id="2657136395" name="Artiglio del disastro"/>
  <item id="124386993" name="Corno prigionia"/>
  <item id="1886309927" name="Elmetto"/>
  <item id="3771847606" name="Razzo"/>
  <item id="2547442464" name="Visiera protettiva"/>
  <item id="4145113797" name="Razzo scintilla"/>
  <item id="2148948563" name="Elmetto mat. oscura"/>
  <item id="421465065" name="Razzo Big Bang"/>
  <item id="1847081855" name="Ornamento lunare"/>
  <item id="4034703068" name="Guanti Re Shogun"/>
  <item id="2273025610" name="Ornam. del rancore"/>
  <item id="510840816" name="Guanti del rancore"/>
  <item id="1769340774" name="Ornam. del male"/>
  <item id="4190823159" name="Guanti del male"/>
  <item id="326094650" name="Ornam. luna Shogun"/>
  <item id="2366331545" name="Guanti luna Shogun"/>
  <item id="2395853409" name="Corona"/>
  <item id="3694934278" name="Tirapiedi"/>
  <item id="2872773008" name="Corona imperatore"/>
  <item id="842160170" name="Aiutante"/>
  <item id="1161128124" name="Corona suprema"/>
  <item id="3679583519" name="Biglietto da visita"/>
  <item id="2891369865" name="Motore 3000"/>
  <item id="895458355" name="Batteria 3000"/>
  <item id="1113107621" name="Super Motore 3000"/>
  <item id="3538399540" name="Super Batteria 3000"/>
  <item id="2782953890" name="Corno robusto"/>
  <item id="3307669575" name="Tornado rotante"/>
  <item id="2988456145" name="Zanna Oro V. 18K"/>
  <item id="724134251" name="Sfera fortuna Oro V."/>
  <item id="1546541565" name="Zanna Oro V. 24K"/>
  <item id="3259681886" name="Sfera sacra Oro V."/>
  <item id="3041787080" name="Tritartiglio Oro V."/>
  <item id="742698354" name="Sfera marina Oro V."/>
  <item id="1531157988" name="Corda salda"/>
  <item id="3422322805" name="Mon. fortunata"/>
  <item id="3170611427" name="Corda vittoriosa"/>
  <item id="2321981056" name="Moneta aurea"/>
  <item id="4251037206" name="Corda del tesoro"/>
  <item id="1684602796" name="Mon. fortunatissima"/>
  <item id="4195117583" name="Pietra di luna"/>
</items>
