<?xml version='1.0' encoding='utf-8'?>
<items>
  <item id="1178824207" name="Essenza Blutus"/>
  <item id="2938161978" name="Ess. Trisalamandra"/>
  <item id="826564249" name="Essenza Nerorko"/>
  <item id="3515987847" name="Essenza Kahn-8"/>
  <item id="3150863230" name="Essenza Scarafante"/>
  <item id="676361786" name="Essenza Malonyan"/>
  <item id="885381504" name="Essenza Banz"/>
  <item id="2919891138" name="Essenza Fratosto"/>
  <item id="2366712203" name="Essenza Draghetto"/>
  <item id="2909367425" name="Essenza Negakan"/>
  <item id="878722363" name="Essenza Ululay"/>
  <item id="631951069" name="Essenza Scaragen"/>
  <item id="1387134539" name="Essenza Scaragone"/>
  <item id="497955866" name="Ess. Drago Reale"/>
  <item id="1789461644" name="Ess. Dragazzurro"/>
  <item id="4077561967" name="Essenza Onirosp"/>
  <item id="1428724637" name="Essenza Ranyoni"/>
  <item id="3410759230" name="Essenza Zazel"/>
  <item id="535333443" name="Essenza Komajiro"/>
  <item id="3861271068" name="Essenza Komagre"/>
  <item id="1136847126" name="Essenza Tanz"/>
  <item id="1599555244" name="Essenza Robonyan"/>
  <item id="136852272" name="Essenza Komajiro S"/>
  <item id="2759509009" name="Essenza Danz"/>
  <item id="697441293" name="Essenza Suspicion"/>
  <item id="3106734492" name="Essenza Trèmone"/>
  <item id="337147953" name="Essenza Noko"/>
  <item id="4195752221" name="Essenza Fortunoko"/>
  <item id="1539200731" name="Ess. Algacabana"/>
  <item id="2404882386" name="Essenza Komasan"/>
  <item id="2133787558" name="Essenza Crinikoma"/>
  <item id="1760541397" name="Essenza Komasan S"/>
  <item id="531289813" name="Essenza Buchinyan"/>
  <item id="610837738" name="Ess. Nonno Fame"/>
  <item id="3395732934" name="Essenza Offam"/>
  <item id="3610312779" name="Ess. Magnalestus"/>
  <item id="2473057491" name="Ess. Squacignolo"/>
  <item id="218319216" name="Ess. Disabilitantis"/>
  <item id="1658659472" name="Essenza Ambizero"/>
  <item id="1056391621" name="Essenza Serena"/>
  <item id="1240494419" name="Essenza Siarena"/>
  <item id="1141557684" name="Essenza Anguirai"/>
  <item id="3568686117" name="Essenza Roninguilla"/>
  <item id="341451943" name="Essenza Kyubi"/>
  <item id="4252753156" name="Essenza Avodus"/>
  <item id="2323443090" name="Essenza Malavo"/>
  <item id="2564125239" name="Essenza Sirterna"/>
  <item id="2788981320" name="Essenza Follfango"/>
  <item id="3581394450" name="Ess. Bovindovino"/>
  <item id="2725285508" name="Ess. Malindovino"/>
  <item id="2177778550" name="Essenza Tiratto"/>
  <item id="914581465" name="Essenza Fangozzo"/>
  <item id="3144400837" name="Ess. Toroveggente"/>
  <item id="1245116843" name="Essenza Nerorko"/>
  <item id="2434884234" name="Essenza Fixi"/>
  <item id="256243497" name="Essenza Konfuxi"/>
  <item id="402178202" name="Essenza Canyan"/>
  <item id="421742760" name="Essenza Usapyon"/>
  <item id="1847883838" name="Essenza Usapyon"/>
  <item id="249819611" name="Essenza Usapyon"/>
  <item id="2045034829" name="Essenza Usapyon"/>
  <item id="3773665527" name="Essenza Usapyon"/>
  <item id="1915880300" name="Essenza Mutevina"/>
  <item id="87372794" name="Essenza Mutevana"/>
  <item id="814296396" name="Essenza Negatina"/>
  <item id="3207023369" name="Essenza Barbonbel"/>
  <item id="724769401" name="Ess. Ragabatrax"/>
  <item id="3458871562" name="Essenza Bastian"/>
  <item id="2042818846" name="Essenza Pupomimo"/>
  <item id="1919967226" name="Essenza Vishido"/>
  <item id="927010286" name="Ess. Indecidrago"/>
  <item id="1778645461" name="Essenza Kabukio"/>
  <item id="3626498988" name="Ess. Occhimandra"/>
  <item id="3271180821" name="Ess. Robonyan 3000"/>
  <item id="2621203008" name="Essenza Tridonio"/>
  <item id="3946533590" name="Essenza Posidonio"/>
  <item id="2658851865" name="Ess. Fumospirito"/>
  <item id="2362655676" name="Essenza Fatù"/>
  <item id="4054104057" name="Ess. Robonyan F"/>
  <item id="1026672957" name="Essenza Robokapp"/>
  <item id="1576419544" name="Essenza Robokoma"/>
  <item id="720465998" name="Essenza Nonnobot"/>
  <item id="3019383284" name="Essenza Canombot"/>
  <item id="3305050466" name="Essenza Robonoko"/>
  <item id="1520141505" name="Ess. Draghettobot"/>
  <item id="3641520212" name="Essenza Negasus"/>
  <item id="3656026233" name="Essenza Nullio"/>
  <item id="2687906013" name="Ess. Dentrostrello"/>
  <item id="3237067064" name="Ess. Casastrello"/>
  <item id="3086387630" name="Ess. Eremistrello"/>
  <item id="476864045" name="Ess. Conte Zapula"/>
  <item id="3091894032" name="Ess. Velenombra"/>
  <item id="1756227139" name="Essenza Darknyan"/>
  <item id="2591780257" name="Essenza Kabukio"/>
  <item id="502032524" name="Essenza Vaguroo"/>
  <item id="1060449266" name="Essenza Leccatino"/>
  <item id="1211243364" name="Ess. Leccaccione"/>
  <item id="2871097986" name="Essenza Carperso"/>
  <item id="893775649" name="Ess. Persarmato"/>
  <item id="2038476168" name="Essenza Aurio"/>
  <item id="3440050655" name="Essenza Tengu"/>
  <item id="3121361225" name="Ess. Tenguflamma"/>
  <item id="3102698411" name="Essenza Diamanyan"/>
  <item id="288555633" name="Essenza Zaffinyan"/>
  <item id="1714696935" name="Ess. Smeranyan"/>
  <item id="4282213213" name="Essenza Rubinyan"/>
  <item id="2285523915" name="Essenza Topanyan"/>
  <item id="841493304" name="Ess. Giavellampo"/>
  <item id="1837538307" name="Essenza Restat"/>
  <item id="457426594" name="Essenza Zio Infinio"/>
  <item id="1022599946" name="Ess. Equilanciere"/>
  <item id="3260071756" name="Ess. Pioggianna"/>
  <item id="3685496352" name="Essenza Falkappa"/>
  <item id="899831564" name="Essenza Fuorkappa"/>
  <item id="1499270201" name="Essenza Skorbia"/>
  <item id="31204237" name="Essenza Lamentia"/>
  <item id="1599627086" name="Essenza Tuttosso"/>
  <item id="918633295" name="Essenza Malagol"/>
  <item id="3334057787" name="Ess. Bloccospino"/>
  <item id="1490893464" name="Essenza Pesospino"/>
  <item id="3917343887" name="Essenza Falskus"/>
  <item id="1768918132" name="Essenza Inchimino"/>
  <item id="827017083" name="Essenza Aqueo"/>
  <item id="735355476" name="Essenza Comparsol"/>
  <item id="3416567793" name="Essenza Benkei"/>
  <item id="3164839783" name="Essenza B3-NK1"/>
  <item id="1274319772" name="Essenza Fashin"/>
  <item id="750347853" name="Essenza Ray Lux"/>
  <item id="1528541792" name="Essenza Homblu"/>
  <item id="2911818924" name="Essenza Koross"/>
  <item id="2308724025" name="Essenza Ross"/>
  <item id="486852931" name="Essenza Felimonio"/>
  <item id="1447358012" name="Ess. Scontroserpe"/>
  <item id="2890710683" name="Essenza Corocchio"/>
  <item id="2344519589" name="Essenza Svejo"/>
  <item id="3852633714" name="Essenza Dormai"/>
  <item id="3722715171" name="Essenza Dinaso"/>
  <item id="3071357315" name="Essenza Insomnia"/>
  <item id="3222667541" name="Essenza Oniria"/>
  <item id="3679161869" name="Ess. Prezocchio"/>
  <item id="1198106103" name="Essenza Uccelladro"/>
  <item id="1200496090" name="Essenza Ovojo"/>
  <item id="2047113702" name="Essenza Sprek"/>
  <item id="3809290332" name="Essenza Tupag"/>
  <item id="545371293" name="Essenza Uccellaso"/>
  <item id="3387036072" name="Essenza Arachnia"/>
  <item id="2679682606" name="Essenza Octaserp"/>
  <item id="3131692530" name="Essenza Momonyan"/>
  <item id="945352683" name="Essenza Leopigro"/>
  <item id="1331683197" name="Essenza Pulishido"/>
  <item id="1099192143" name="Ess. Serg. Kuadro"/>
  <item id="1270271754" name="Essenza Scioccap"/>
  <item id="3535773360" name="Essenza Rubaris"/>
  <item id="91713388" name="Essenza Chiusella"/>
  <item id="1185664960" name="Essenza Gelocoda"/>
  <item id="506126452" name="Ess. Nervimacho"/>
  <item id="1764610274" name="Essenza Miomacho"/>
  <item id="1365997235" name="Essenza Rinofante"/>
  <item id="644630053" name="Essenza Rinorme"/>
  <item id="3626558030" name="Essenza Multicorno"/>
  <item id="4240029491" name="Essenza Sandalio"/>
  <item id="1627385868" name="Essenza Scimyan"/>
  <item id="2271341912" name="Essenza Kimera"/>
  <item id="4033273294" name="Essenza Remera"/>
  <item id="677343192" name="Essenza Dorosso"/>
  <item id="791849921" name="Essenza Cancan"/>
  <item id="2975219298" name="Ess. Poliministro"/>
  <item id="69203970" name="Ess. Zamperosse"/>
  <item id="2493572499" name="Ess. Omai Vorticoso"/>
  <item id="3057384059" name="Ess. Diamantosso"/>
  <item id="4103065017" name="Essenza Illuguroo"/>
  <item id="1179416557" name="Essenza Cicalama"/>
  <item id="3606276732" name="Essenza Cicabile"/>
  <item id="2717145834" name="Essenza Cicanto"/>
  <item id="1480229557" name="Essenza Jibanyan"/>
  <item id="362303120" name="Essenza Favorio"/>
  <item id="1353260164" name="Essenza Annebio"/>
  <item id="665725970" name="Essenza Blando"/>
  <item id="3042414554" name="Essenza Velorapido"/>
  <item id="4140397536" name="Essenza Pericano"/>
  <item id="3328055062" name="Essenza Jibanyan S"/>
  <item id="1361652261" name="Ess. Shogunyan"/>
  <item id="1132508544" name="Ess. Maximus Puro"/>
  <item id="881296662" name="Ess. Maximus Deca"/>
  <item id="3139893937" name="Ess. Noko Stella"/>
  <item id="2794882833" name="Essenza Velanera"/>
  <item id="3587332777" name="Essenza Trespy"/>
  <item id="2731895359" name="Essenza Quadaspy"/>
  <item id="812553569" name="Ess. Voladdome"/>
  <item id="3595996871" name="Essenza Pesterr"/>
  <item id="4225004330" name="Essenza Subitora"/>
  <item id="2512941821" name="Essenza Irritavo"/>
  <item id="2867007669" name="Ess. Wondernyan"/>
  <item id="1249158461" name="Essenza Farfamiglio"/>
  <item id="3548247175" name="Essenza Farfavigo"/>
  <item id="209944529" name="Essenza Zia Cora"/>
  <item id="1662994599" name="Ess. Pandanoko"/>
  <item id="2736193544" name="Essenza Farfanima"/>
  <item id="1030985131" name="Essenza Farfanemi"/>
  <item id="1969211253" name="Essenza Carnino"/>
  <item id="39385059" name="Essenza Amoroseo"/>
  <item id="2605819481" name="Ess. Amoroscuro"/>
  <item id="1118136218" name="Ess. Maestro Miu"/>
  <item id="2013305641" name="Essenza Scortella"/>
  <item id="2215483641" name="Ess. Bison Kuadro"/>
  <item id="1004288901" name="Essenza Grumoko"/>
  <item id="1052056915" name="Essenza Rugada"/>
  <item id="3348921633" name="Ess. Tenguleggon"/>
  <item id="2962967991" name="Ess. Uccelleggon"/>
  <item id="195880798" name="Ess. Elisnobetta"/>
  <item id="777665711" name="Essenza Torcirana"/>
  <item id="1584567478" name="Essenza Perennia"/>
  <item id="669806724" name="Essenza Disturbella"/>
  <item id="3904865976" name="Essenza Pestifero"/>
  <item id="3241986797" name="Essenza Decadama"/>
  <item id="4278126954" name="Essenza Padezoma"/>
  <item id="2314746364" name="Essenza Padesolo"/>
  <item id="2430798013" name="Essenza Zardo"/>
  <item id="587555059" name="Essenza Lanchu"/>
  <item id="1409437797" name="Essenza Dopios"/>
  <item id="1532620534" name="Essenza Ciclopino"/>
  <item id="396143711" name="Essenza Mambo"/>
  <item id="243768606" name="Essenza Lucenio"/>
  <item id="3510323934" name="Essenza Hovernyan"/>
  <item id="3819427077" name="Essenza Usapyon B"/>
  <item id="1835941324" name="Ess. Odisseanyan"/>
  <item id="443092314" name="Ess. Kintaronyan"/>
  <item id="284256326" name="Essenza Whisper"/>
  <item id="1744197840" name="Ess. Whispocrate"/>
  <item id="3159047848" name="Ess. Capitan Tuono"/>
  <item id="625110802" name="Essenza Re Shogun"/>
  <item id="2949147381" name="Essenza Maloriccio"/>
  <item id="2185926424" name="Essenza Ferispalla"/>
  <item id="4115507086" name="Essenza Dolorr"/>
  <item id="1797861933" name="Essenza Agonio"/>
  <item id="2694042726" name="Essenza Sforbiroso"/>
  <item id="2521605779" name="Essenza Kaldokan"/>
  <item id="326482984" name="Ess. Prodemone"/>
  <item id="1486841358" name="Essenza Gilgador"/>
  <item id="1078345080" name="Ess. Sforbifuoco"/>
  <item id="252160959" name="Essenza Kattivik"/>
  <item id="3965097679" name="Essenza Felicio"/>
  <item id="2072268615" name="Ess. Mamma Aura"/>
  <item id="4144699863" name="Ess. Mastro Kuoko"/>
  <item id="744414816" name="Essenza Ingambe"/>
  <item id="2258863983" name="Essenza Kumandi"/>
  <item id="4100418678" name="Essenza Woosh 2"/>
  <item id="2635508152" name="Ess. Ciarlaterrore"/>
  <item id="3985964280" name="Essenza Rivela"/>
  <item id="1945135451" name="Ess. Schelevekia"/>
  <item id="83319245" name="Essenza Kia-Kia"/>
  <item id="1509484674" name="Ess. Optimio"/>
  <item id="3266774881" name="Essenza Gnomino"/>
  <item id="3048224759" name="Ess. Gnomalsorty"/>
  <item id="1561458933" name="Essenza Dolgioioso"/>
  <item id="3450791268" name="Essenza Dolceleste"/>
  <item id="640555699" name="Essenza Lumynotto"/>
  <item id="1557369538" name="Ess. Gran Gnomino"/>
  <item id="472777403" name="Essenza Negatibuzz"/>
  <item id="2233946881" name="Essenza Malazanz"/>
  <item id="4062208919" name="Essenza Prudor"/>
  <item id="1088674243" name="Ess. Sanguinasio"/>
  <item id="1941059021" name="Ess. Bosserpente"/>
  <item id="2091636680" name="Essenza Dracunyan"/>
  <item id="3767139378" name="Essenza Quietana"/>
  <item id="1667044401" name="Essenza Neradama"/>
  <item id="1793808410" name="Essenza Eluguroo"/>
  <item id="3177313616" name="Essenza Canom"/>
  <item id="769583297" name="Essenza Bi-Canom"/>
  <item id="125013411" name="Ess. Debombrello"/>
  <item id="1524226135" name="Essenza Herr Bero"/>
  <item id="1620810953" name="Essenza Fregmen"/>
  <item id="4187147635" name="Essenza Basbast"/>
  <item id="2392194533" name="Essenza Unabast"/>
  <item id="2780343846" name="Essenza Blubo"/>
  <item id="788518932" name="Essenza Pocotanto"/>
  <item id="695575584" name="Essenza Eternia"/>
  <item id="3429666643" name="Essenza Povereroe"/>
  <item id="2960979354" name="Essenza Puzzetto"/>
  <item id="3346777356" name="Essenza Fetor"/>
  <item id="175017321" name="Essenza Odiapesce"/>
  <item id="2104081919" name="Ess. Detestorione"/>
  <item id="3994036374" name="Essenza Mastyk"/>
  <item id="1886698805" name="Essenza Mangiavita"/>
  <item id="112322452" name="Ess. Professorso"/>
  <item id="975065522" name="Ess. Anguillahah"/>
  <item id="1293508900" name="Essenza Canguilla"/>
  <item id="3557830814" name="Essenza Urnaconda"/>
  <item id="4193690038" name="Essenza Pavonyan"/>
  <item id="314037791" name="Essenza Kirin"/>
  <item id="1706092169" name="Essenza Unikirin"/>
  <item id="1629203048" name="Essenza Sailornyan"/>
  <item id="3067304884" name="Essenza Ghelo"/>
  <item id="3251923746" name="Essenza Vulcando"/>
  <item id="78972251" name="Essenza Bananaso"/>
  <item id="3805233771" name="Ess. Innasocenti"/>
  <item id="1130827181" name="Ess. Sonnoporco"/>
  <item id="2990164931" name="Ess. Domesgeco"/>
  <item id="3708000270" name="Essenza Torporco"/>
  <item id="2650671223" name="Essenza Baku"/>
  <item id="773349433" name="Essenza Cominon"/>
  <item id="635998795" name="Essenza Anirica"/>
  <item id="833421142" name="Essenza Kyubi Nero"/>
  <item id="1586834587" name="Essenza Collerio"/>
  <item id="1874862682" name="Essenza Confundor"/>
  <item id="2542718116" name="Essenza Adelmo"/>
  <item id="802818574" name="Essenza Korpo"/>
  <item id="120705333" name="Ess. Uniguerriero"/>
  <item id="1882644899" name="Essenza Capitavere"/>
  <item id="2460333796" name="Essenza Wokscillo"/>
  <item id="419789051" name="Essenza Vapornella"/>
  <item id="2148280641" name="Essenza Fetornella"/>
  <item id="1318958410" name="Ess. Tartarcordo"/>
  <item id="1994068763" name="Ess. Aspiricordo"/>
  <item id="1685228734" name="Ess. Conte Cario"/>
  <item id="4023534241" name="Essenza Madrena"/>
  <item id="765244503" name="Essenza Melonyan"/>
  <item id="3029722605" name="Essenza Aranyan"/>
  <item id="3281180027" name="Essenza Kiwinyan"/>
  <item id="1395509482" name="Essenza Uvanyan"/>
  <item id="606795900" name="Essenza Fragonyan"/>
  <item id="3664665623" name="Essenza Angurnyan"/>
  <item id="4271596975" name="Essenza Maginyan"/>
  <item id="1998158124" name="Essenza Pulishogun"/>
  <item id="870990095" name="Essenza Jetnyan"/>
  <item id="2204130528" name="Ess. Enma il Grande"/>
  <item id="3637467747" name="Essenza Teskiant"/>
  <item id="1215318002" name="Essenza Stylossa"/>
  <item id="1064793956" name="Essenza Skelebell"/>
  <item id="3505987817" name="Ess. Lady Collung"/>
  <item id="2818445439" name="Ess. Lady Colcobra"/>
  <item id="3477979014" name="Essenza Velenotto"/>
  <item id="1357594642" name="Essenza Arachnus"/>
  <item id="1907808002" name="Essenza Rovinella"/>
  <item id="3309140821" name="Essenza Voltovuoto"/>
  <item id="213984071" name="Essenza Pelocodo"/>
  <item id="2076578769" name="Ess. Morbocodo"/>
  <item id="3112756519" name="Ess. Pelovunque"/>
  <item id="1479908183" name="Essenza Gattiva"/>
  <item id="583469764" name="Essenza Leofuoco"/>
  <item id="4206683204" name="Essenza Tuttosso"/>
  <item id="573549323" name="Essenza Cancan"/>
  <item id="57818139" name="Ess. Brontolante"/>
  <item id="1380278148" name="Ess. Imagino Risv."/>
  <item id="1956490562" name="Essenza Cupistol"/>
  <item id="60464596" name="Essenza Casanuva"/>
  <item id="3005192665" name="Ess. Moncurante"/>
  <item id="3357571999" name="Ess. Komademone"/>
  <item id="1156411801" name="Essenza Jibakoma"/>
  <item id="706136163" name="Ess. Moncurioso"/>
  <item id="3424766503" name="Essenza Fradicina"/>
  <item id="375309928" name="Ess. Cammikappa"/>
  <item id="2934814959" name="Essenza Umio"/>
  <item id="1633285886" name="Essenza Movikappa"/>
  <item id="4166035268" name="Essenza Tavolama"/>
  <item id="3733408864" name="Essenza Plovio"/>
  <item id="3616859376" name="Essenza Velanera"/>
  <item id="2051417456" name="Essenza Segnam"/>
  <item id="1816458804" name="Ess. Babbo Saetta"/>
  <item id="1624883295" name="Ess. Tensiovaso"/>
  <item id="222369254" name="Ess. Amplicamp"/>
  <item id="1438661202" name="Essenza Leosismo"/>
  <item id="2829430508" name="Ess. Gusciolento"/>
  <item id="3751976570" name="Ess. Muchomacho"/>
  <item id="2822903489" name="Essenza Terrio"/>
  <item id="1170776963" name="Essenza Sabbio"/>
  <item id="3027393984" name="Essenza Gratidun"/>
  <item id="3000890350" name="Ess. Sig. Sabbio"/>
  <item id="763038842" name="Essenza Sabbeno"/>
  <item id="2229614902" name="Essenza Gelina"/>
  <item id="2017642431" name="Essenza Fre-D"/>
  <item id="937748821" name="Essenza Frisco"/>
  <item id="4091677088" name="Essenza Nevaria"/>
  <item id="3779827205" name="Essenza Gelhuahua"/>
  <item id="2843770102" name="Essenza Grandion"/>
  <item id="1289423635" name="Essenza Ocachu"/>
  <item id="3241399055" name="Essenza Buhu"/>
  <item id="3056919449" name="Ess. Sciattandato"/>
  <item id="852464405" name="Essenza Parazol"/>
  <item id="792572451" name="Essenza Disnero"/>
  <item id="2939146968" name="Essenza Castelius I"/>
  <item id="1092727796" name="Essenza Castelius II"/>
  <item id="908493666" name="Ess. Castelius III"/>
  <item id="3745850967" name="Ess. Max Castelius"/>
  <item id="2548736097" name="Essenza Nevina"/>
  <item id="3942201569" name="Essenza Blantapiro"/>
  <item id="1399821436" name="Ess. Nonno Kiko"/>
  <item id="400486601" name="Essenza Risvidiosa"/>
  <item id="1111678903" name="Ess. Fierogambero"/>
  <item id="3703697977" name="Essenza Curaling"/>
  <item id="3319448440" name="Ess. Linguermiera"/>
  <item id="3202687294" name="Ess. Harry Barry"/>
  <item id="798512792" name="Essenza Senilfior"/>
  <item id="1953827981" name="Essenza Mangiavita"/>
  <item id="2842150107" name="Ess. Kiakierenata"/>
  <item id="3730895949" name="Ess. Brontolaura"/>
  <item id="3693496852" name="Essenza Aladron"/>
  <item id="366612998" name="Ess. Prestamme"/>
  <item id="2852432024" name="Ess. Pupillo Panja"/>
  <item id="856553762" name="Essenza Pro Panja"/>
  <item id="2896889526" name="Ess. Foreskappa"/>
  <item id="415699660" name="Essenza Nihilo"/>
  <item id="3666469946" name="Essenza Blutus"/>
  <item id="3435752424" name="Essenza Siro"/>
  <item id="1103498201" name="Essenza Goro-Goro"/>
  <item id="1074029038" name="Essenza Malandro"/>
  <item id="3831557189" name="Ess. Rabbiotonno"/>
  <item id="740066038" name="Essenza Furyo"/>
  <item id="922964344" name="Essenza Bandido"/>
  <item id="2706488913" name="Essenza Guerriso"/>
  <item id="2568427520" name="Essenza Risfiamma"/>
  <item id="1018298268" name="Ess. Dimenticap"/>
  <item id="2593377390" name="Essenza Casanono"/>
  <item id="1654619654" name="Essenza Demanone"/>
  <item id="2483689674" name="Essenza Blablablo"/>
  <item id="247841160" name="Essenza Bugisco"/>
  <item id="1845643373" name="Ess. Dimentigrand"/>
  <item id="1391436509" name="Essenza Mutavisia"/>
  <item id="3488111421" name="Essenza Orobonyan"/>
  <item id="1236413893" name="Essenza Malvallo"/>
  <item id="370973438" name="Ess. Machonyan"/>
  <item id="1737634837" name="Ess. Sir Nyancillotto"/>
  <item id="1605435009" name="Essenza Nono-No"/>
  <item id="683134487" name="Essenza Imposs"/>
  <item id="2982059949" name="Essenza Fuimuro"/>
  <item id="558096042" name="Ess. Rettilarbitro"/>
  <item id="1518091500" name="Essenza Sumbrodo"/>
  <item id="3289950543" name="Ess. Brodozuna"/>
  <item id="1931004052" name="Ess. Panna Soffiata"/>
  <item id="1984954" name="Essenza Leoforte"/>
  <item id="3465532849" name="Essenza Rumbo"/>
  <item id="966428124" name="Essenza Rumorio"/>
  <item id="3927021870" name="Ess. Robonyan 28"/>
  <item id="1160715182" name="Ess. Sudon-Sudon"/>
  <item id="2881929903" name="Essenza Parsolino"/>
  <item id="3984350519" name="Essenza Mastyk"/>
  <item id="1802202811" name="Ess. Trisalamandra"/>
  <item id="1468433419" name="Essenza Termaiale"/>
  <item id="3327201012" name="Essenza Wokscillo"/>
  <item id="1107329825" name="Essenza Kapunkai"/>
  <item id="116636418" name="Ess. Incontifante"/>
  <item id="1911851924" name="Ess. Duroboscide"/>
  <item id="1495224495" name="Essenza Battutristo"/>
  <item id="1546922735" name="Ess. Resistofante"/>
  <item id="2377897170" name="Essenza Sensei"/>
  <item id="166353159" name="Essenza Katanoh"/>
  <item id="2129488273" name="Essenza Katachiom"/>
  <item id="3890493483" name="Essenza Pigrabbio"/>
  <item id="444705941" name="Essenza Traspec"/>
  <item id="2206793007" name="Essenza Scuriflesso"/>
  <item id="2975410048" name="Essenza Spinyan"/>
  <item id="510180578" name="Ess. Trispecchio"/>
  <item id="2746410163" name="Ess. Polpolpetto"/>
  <item id="3279252822" name="Ess. Repolpetto"/>
  <item id="889697207" name="Essenza Nipponon"/>
  <item id="2398196000" name="Ess. Jibanyan B"/>
  <item id="278201475" name="Ess. Komasan B"/>
  <item id="3364521670" name="Essenza Imagino"/>
  <item id="3213735504" name="Essenza Felimonio"/>
  <item id="3746185141" name="Essenza Koross"/>
  <item id="908696192" name="Essenza Suimo"/>
  <item id="1093577238" name="Essenza Termaiale"/>
  <item id="3577412454" name="Ess. Oro Vorticoso"/>
  <item id="3053286019" name="Ess. Artigli d'Oro"/>
  <item id="3456077915" name="Essenza malevola"/>
  <item id="1425457633" name="Essenza placida"/>
  <item id="603058551" name="Essenza soave"/>
  <item id="3180684500" name="Essenza abietta"/>
  <item id="3398587458" name="Essenza superstite"/>
  <item id="1402668536" name="Essenza malsana"/>
  <item id="614217070" name="Essenza abile"/>
  <item id="3022203135" name="Essenza ardente"/>
  <item id="3273922665" name="Essenza fradicia"/>
  <item id="2749600140" name="Essenza turbolenta"/>
  <item id="3571753242" name="Essenza germoglio"/>
  <item id="1307439264" name="Essenza nevosa"/>
  <item id="988463158" name="Essenza urlante"/>
  <item id="3548996867" name="Essenza imbattibile"/>
  <item id="1249916089" name="Essenza d'acciaio"/>
  <item id="1032258607" name="Essenza risoluta"/>
  <item id="2906134974" name="Essenza acuminata"/>
  <item id="3661572392" name="Essenza evocatrice"/>
  <item id="2295251535" name="Essenza altruista"/>
  <item id="4291424985" name="Essenza affabile"/>
</items>
