<?xml version='1.0' encoding='utf-8'?>
<items>
  <item id="1158785574" name="Bracelet usé"/>
  <item id="3681894277" name="Bracelet en toc"/>
  <item id="3692624796" name="Bracelet de rocker"/>
  <item id="2893156115" name="Bracelet de force"/>
  <item id="2870987530" name="Bracelet de brute"/>
  <item id="1020072578" name="Bracelet majest."/>
  <item id="897277609" name="Bracelet solaire"/>
  <item id="1271538196" name="Bracelet comète"/>
  <item id="1115450943" name="Bracelet obscur"/>
  <item id="722316273" name="Bracelet légend."/>
  <item id="1544199015" name="Bracelet mythique"/>
  <item id="1154727953" name="Anneau rouillé"/>
  <item id="3669448114" name="Anneau horrible"/>
  <item id="3722088875" name="Bague mimi"/>
  <item id="2914018596" name="Anneau arc-en-ciel"/>
  <item id="2866651453" name="Anneau d'illusion"/>
  <item id="1024424117" name="Anneau féérique"/>
  <item id="884552862" name="Anneau lunaire"/>
  <item id="1242056739" name="Anneau du destin"/>
  <item id="1136526344" name="Anneau obscur"/>
  <item id="718258630" name="Anneau légendaire"/>
  <item id="1573450064" name="Bague mythique"/>
  <item id="1184202312" name="Amulette vieillotte"/>
  <item id="3639733227" name="Amulette antique"/>
  <item id="3751555058" name="Amulette runique"/>
  <item id="2952190845" name="Amulet. protectrice"/>
  <item id="2828738404" name="Amulette armure"/>
  <item id="1061799660" name="Amul. de chance"/>
  <item id="922716871" name="Amulette céleste"/>
  <item id="1213134458" name="Amulette de terre"/>
  <item id="1106819665" name="Amulette obscure"/>
  <item id="680099743" name="Amul. légendaire"/>
  <item id="1603161865" name="Amulette mythique"/>
  <item id="1196889215" name="Badge simple"/>
  <item id="3644031452" name="Badge noir"/>
  <item id="3730720197" name="Badge brillant"/>
  <item id="2922688842" name="Badge mignon"/>
  <item id="2841212243" name="Badge d'Hermès"/>
  <item id="1049341147" name="Badge de l'aurore"/>
  <item id="926802160" name="Badge étoiles"/>
  <item id="1233951821" name="Badge de foudre"/>
  <item id="1077596262" name="Badge obscur"/>
  <item id="692786600" name="Badge légendaire"/>
  <item id="1582048574" name="Badge mythique"/>
  <item id="3671275895" name="Bandeau du festival"/>
  <item id="1100797588" name="Coiffe de singe"/>
  <item id="1108869882" name="Cigatana"/>
  <item id="3675345728" name="Clochette de force"/>
  <item id="2887148502" name="Cloch. charme"/>
  <item id="846394997" name="Cloch. vigueur"/>
  <item id="1165346531" name="Cloch. vitesse"/>
  <item id="3699152729" name="Gourde sans fond"/>
  <item id="2877007823" name="Éventail de tengu"/>
  <item id="1002748510" name="Manteau d'allégr."/>
  <item id="1287883464" name="Batte cloutée"/>
  <item id="1550776226" name="Baguettes de tamb."/>
  <item id="3311904280" name="Robovitamine E"/>
  <item id="2992674446" name="Poignet d'Antonic"/>
  <item id="585075487" name="Grelot du souvenir"/>
  <item id="738460461" name="Laméliore"/>
  <item id="1526936507" name="Grigrififi"/>
  <item id="3255460353" name="Réflector"/>
  <item id="1440267145" name="Boule du paradis"/>
  <item id="120148206" name="Ailes de Dédale"/>
  <item id="1882087544" name="T-shirt patriotique"/>
  <item id="3911659970" name="Ceinture ancestrale"/>
  <item id="2652897620" name="Sceau Empereur"/>
  <item id="4494583" name="Insigne de bravoure"/>
  <item id="2000921697" name="Blaster lapin"/>
  <item id="3997890011" name="Paille glamour"/>
  <item id="2572010829" name="Sac tourbillonnant"/>
  <item id="2130045002" name="Bannière seigneur"/>
  <item id="506618287" name="Épée émoussée"/>
  <item id="1765101881" name="Puce impériale"/>
  <item id="4030464131" name="Épée américaine"/>
  <item id="2268803093" name="Baguette améric."/>
  <item id="425698742" name="Bouclier américain"/>
  <item id="166910172" name="Épée Enma"/>
  <item id="283765149" name="Perle illustre"/>
  <item id="1851299104" name="Bâton de chef"/>
  <item id="4149331098" name="Flûte enchantée"/>
  <item id="2153182220" name="Bras-massue"/>
  <item id="1743706379" name="Croix ankh dorée"/>
</items>
