<?xml version='1.0' encoding='utf-8'?>
<items>
  <item id="508414116" name="Barre de chocolat"/>
  <item id="2150194439" name="Riz à la prune"/>
  <item id="1766520882" name="Riz à la crevette"/>
  <item id="4030966152" name="Riz supérieur"/>
  <item id="1848065067" name="Staminum"/>
  <item id="2269419806" name="Staminum alpha"/>
  <item id="402359439" name="Staminum oméga"/>
  <item id="1627173913" name="Talisman de force"/>
  <item id="3882492" name="Super talism. force"/>
  <item id="2000424298" name="Ultra talisman force"/>
  <item id="3996474576" name="Talisman d'esprit"/>
  <item id="2570218566" name="Super talis. d'esprit"/>
  <item id="123140581" name="Ultra talism. d'esprit"/>
  <item id="1884408179" name="Talisman défense"/>
  <item id="3914897609" name="Super tali. défense"/>
  <item id="2657069151" name="Ultra talis. défense"/>
  <item id="249607630" name="Poupée de fuite"/>
  <item id="2045216088" name="Peluche de fuite"/>
  <item id="722890303" name="Daruma de fuite"/>
  <item id="3691200082" name="Piège de Padrézo"/>
  <item id="1544642217" name="Piège d'Émettor"/>
  <item id="3306688275" name="Piège de Dynamo"/>
  <item id="1158311912" name="Bombe incendie"/>
  <item id="2988392325" name="Sup. bombe de feu"/>
  <item id="746301990" name="Ultra bombe de feu"/>
  <item id="1534892720" name="Blaster de force"/>
  <item id="3262499594" name="Blaster de force G"/>
  <item id="3044211612" name="Blaster de force GX"/>
  <item id="2869169860" name="Poing-robot"/>
  <item id="634250765" name="Poing-robot F"/>
  <item id="1389024923" name="Poing en or"/>
  <item id="895523687" name="Champ Marcognito"/>
  <item id="1114090481" name="Champ Ninjamévu"/>
  <item id="3681483339" name="Champ Nihilo"/>
  <item id="2102184377" name="Carte détaillée"/>
  <item id="1683486968" name="Fiole à piège"/>
  <item id="1333439291" name="Senteur de charme"/>
  <item id="947755949" name="Senteur séduction"/>
  <item id="2708785687" name="Senteur fascination"/>
  <item id="1449237114" name="Orbe de fureur"/>
  <item id="3522791093" name="Orbe de défense"/>
  <item id="2005085351" name="Encas calorique"/>
  <item id="4002053405" name="Encas calorique L"/>
  <item id="2576174475" name="Encas calorique XL"/>
  <item id="132765736" name="Bocal de protéines"/>
  <item id="1894705342" name="Pochette supplém."/>
  <item id="3924277508" name="Tête écrase-zombie"/>
  <item id="2665515410" name="Plaque de renfort"/>
  <item id="241144835" name="Staminum"/>
  <item id="2035852437" name="Poupée de fuite"/>
  <item id="1983989392" name="Désodorisant"/>
  <item id="4014479146" name="Bottes de furtivité"/>
  <item id="2555324348" name="Capteur Nécrognito"/>
  <item id="103526943" name="Casque de sécurité"/>
  <item id="1898742409" name="Détecteur d'objet"/>
  <item id="3894793011" name="Chrono-retardateur"/>
  <item id="176907053" name="Debug objet 1"/>
  <item id="2474783383" name="Debug objet 2"/>
  <item id="3833922049" name="Debug objet 3"/>
</items>
