<?xml version='1.0' encoding='utf-8'?>
<items>
  <item id="1744197840" name="Âme Feulion"/>
  <item id="4278126954" name="Âme Zozoparleur"/>
  <item id="2314746364" name="Âme Vibrilion"/>
  <item id="396143711" name="Âme Siro"/>
  <item id="1620810953" name="Âme Komashura"/>
  <item id="4187147635" name="Âme Benkei"/>
  <item id="2392194533" name="Âme Jibanyan"/>
  <item id="506126452" name="Âme Rouminet"/>
  <item id="1764610274" name="Âme R. Badboya"/>
  <item id="166353159" name="Âme B3-NK1"/>
  <item id="2129488273" name="Âme Fouétar"/>
  <item id="3890493483" name="Âme Arachnus"/>
  <item id="2430798013" name="Âme Arachnia"/>
  <item id="243768606" name="Âme Jiganyan"/>
  <item id="2038476168" name="Âme Coach Antonic"/>
  <item id="3767139378" name="Âme DON-CHAN"/>
  <item id="2542718116" name="Âme Algacarena"/>
  <item id="120705333" name="Âme Bison Antonic"/>
  <item id="1882644899" name="Âme Pogorille"/>
  <item id="583469764" name="Âme Kay Mandeus."/>
  <item id="2261248938" name="Âme KJ"/>
  <item id="1438661202" name="Âme Hiblusion"/>
  <item id="3435752424" name="Âme Hibrouille"/>
  <item id="3150863230" name="Âme Hibourling"/>
  <item id="631951069" name="Âme Malocœur"/>
  <item id="3196145147" name="Âme W. Kongming"/>
  <item id="1387134539" name="Âme Squarlett"/>
  <item id="3416567793" name="Âme Margoth"/>
  <item id="3164839783" name="Âme Navigarmateur"/>
  <item id="740066038" name="Âme Maudestique"/>
  <item id="315865818" name="Âme Baratina"/>
  <item id="4055948092" name="Âme Cymbaline"/>
  <item id="1528541792" name="Âme Corniot"/>
  <item id="1004288901" name="Âme Bicorniot"/>
  <item id="1289423635" name="Âme Cerbébert"/>
  <item id="3587332777" name="Âme Pleurapluie"/>
  <item id="2731895359" name="Âme Gambeth"/>
  <item id="1018298268" name="Âme Chagellan"/>
  <item id="1270271754" name="Âme Mulangeur"/>
  <item id="2511085112" name="Âme Ailexagère"/>
  <item id="3535773360" name="Âme Bonneto"/>
  <item id="2780343846" name="Âme Javabien"/>
  <item id="889697207" name="Âme Sabri"/>
  <item id="1107329825" name="Âme Orox"/>
  <item id="1956490562" name="Âme Komak"/>
  <item id="60464596" name="Âme Superfouétar"/>
  <item id="2593377390" name="Âme Hadespote"/>
  <item id="3985964280" name="Âme Diablotine"/>
  <item id="1945135451" name="Âme Duc Delafeuille"/>
  <item id="83319245" name="Âme Steuf"/>
  <item id="2650671223" name="Âme Crânéidosc."/>
  <item id="3942201569" name="Âme Volatriste"/>
  <item id="2051417456" name="Âme Eddylapid"/>
  <item id="222369254" name="Âme Feuildechou"/>
  <item id="1837538307" name="Âme Diegoïste"/>
  <item id="1656311381" name="Âme Zazel"/>
  <item id="444705941" name="Âme Heaumer"/>
  <item id="2206793007" name="Âme Nanpart"/>
  <item id="4103065017" name="Âme Hauber"/>
  <item id="1793808410" name="Âme Anghihihille"/>
  <item id="502032524" name="Âme Méroubadour"/>
  <item id="2229614902" name="Âme Urnaconda"/>
  <item id="4091677088" name="Âme Bushidos"/>
  <item id="1667044401" name="Âme Passpa"/>
  <item id="341451943" name="Âme Granpart"/>
  <item id="1185664960" name="Âme Fanfanfaron"/>
  <item id="833421142" name="Âme Orqanos"/>
  <item id="1873039007" name="Âme Gromel"/>
  <item id="2829430508" name="Âme Vito"/>
  <item id="3751976570" name="Âme Apélicain"/>
  <item id="1103498201" name="Âme Quésacourt"/>
  <item id="918633295" name="Âme Jetnyan"/>
  <item id="2949147381" name="Âme Shurikenny"/>
  <item id="3637467747" name="Âme Faustille"/>
  <item id="1215318002" name="Âme Survolt"/>
  <item id="1064793956" name="Âme Supervolt"/>
  <item id="683134487" name="Âme Pépésbrouf"/>
  <item id="2982059949" name="Âme Dagamberge"/>
  <item id="4140397536" name="Âme Barbuzz"/>
  <item id="3334057787" name="Âme Diamanyan"/>
  <item id="1490893464" name="Âme Saphinyan"/>
  <item id="802818574" name="Âme Émeranyan"/>
  <item id="3067304884" name="Âme Rubinyan"/>
  <item id="3251923746" name="Âme Topanyan"/>
  <item id="1365997235" name="Âme Javamal"/>
  <item id="644630053" name="Âme Sumochi"/>
  <item id="3626558030" name="Âme Darabajoie"/>
  <item id="2939146968" name="Âme Chiperpiou"/>
  <item id="908493666" name="Âme Pioubidou"/>
  <item id="1092727796" name="Âme Humainequin"/>
  <item id="1049832704" name="Âme Yogaratoi"/>
  <item id="3745850967" name="Âme Darumastar"/>
  <item id="2822903489" name="Âme Goruma"/>
  <item id="827017083" name="Âme Rapiaf"/>
  <item id="1179416557" name="Âme Crocho"/>
  <item id="3606276732" name="Âme Buchinyan"/>
  <item id="2717145834" name="Âme Tempurasan"/>
  <item id="3241399055" name="Âme Wobblenyan"/>
  <item id="3056919449" name="Âme Satandre"/>
  <item id="792572451" name="Âme Lulugubre"/>
  <item id="1480229557" name="Âme Hâtila"/>
  <item id="3328055062" name="Âme Navétéran"/>
  <item id="2975410048" name="Âme Auberchouine"/>
  <item id="676361786" name="Âme Flagesté"/>
  <item id="3499969580" name="Âme Céodieux"/>
  <item id="1599555244" name="Âme Padelou"/>
  <item id="3488111421" name="Âme Damona"/>
  <item id="3102698411" name="Âme Hennimi"/>
  <item id="288555633" name="Âme Maltesse"/>
  <item id="1714696935" name="Âme Fielippine"/>
  <item id="973007129" name="Âme Coco Barjo"/>
  <item id="4282213213" name="Âme Trépigno"/>
  <item id="2285523915" name="Âme Agonigiri"/>
  <item id="375309928" name="Âme Zerberker"/>
  <item id="1633285886" name="Âme Sire Dragon"/>
  <item id="4166035268" name="Âme Dragô"/>
  <item id="2404882386" name="Âme Onigirix"/>
  <item id="535333443" name="Âme Robonyan F"/>
  <item id="1760541397" name="Âme Popcorne"/>
  <item id="136852272" name="Âme Suprarachnus"/>
  <item id="2133787558" name="Âme Koma. Sun Ce"/>
  <item id="3861271068" name="Âme Hotei"/>
  <item id="413367817" name="Âme Vociféro"/>
  <item id="2917841001" name="Âme Hiiivon"/>
  <item id="2434884234" name="Âme Mlle Coucou"/>
  <item id="256243497" name="Âme Raltesse"/>
  <item id="2017642431" name="Âme Afronaute"/>
  <item id="3779827205" name="Âme Âmiral"/>
  <item id="2521605779" name="Âme Mlle Courroux"/>
  <item id="116636418" name="Âme Pr Plumage"/>
  <item id="1911851924" name="Âme Bobdruche"/>
  <item id="587555059" name="Âme Roi Jibanyan"/>
  <item id="459667185" name="Âme Octorbot"/>
  <item id="1818412647" name="Âme Kyubot"/>
  <item id="1409437797" name="Âme Supernoël"/>
  <item id="3440050655" name="Âme Mythovni"/>
  <item id="3121361225" name="Âme Fluorence"/>
  <item id="610837738" name="Âme Triptyk"/>
  <item id="1399821436" name="Âme Draconfus"/>
  <item id="3395732934" name="Âme Robocap"/>
  <item id="3177313616" name="Âme Robokoma"/>
  <item id="769583297" name="Âme Robopapéti"/>
  <item id="1524226135" name="Âme Robocorniot"/>
  <item id="975065522" name="Âme Robonoko"/>
  <item id="1293508900" name="Âme Robodracou"/>
  <item id="3557830814" name="Âme Papi Taliste"/>
  <item id="2736193544" name="Âme Wibblekoma"/>
  <item id="1030985131" name="Âme Mochimacho"/>
  <item id="1249158461" name="Âme Rengainaël"/>
  <item id="3548247175" name="Âme Taï basse"/>
  <item id="885381504" name="Âme Oridjinn"/>
  <item id="1136847126" name="Âme Horridjinn"/>
  <item id="2873431623" name="Âme Terminyanator"/>
  <item id="2360815481" name="Âme Koalanyan"/>
  <item id="1969211253" name="Âme Pitou"/>
  <item id="39385059" name="Âme Choubidou"/>
  <item id="2605819481" name="Âme Maudicko"/>
  <item id="3965097679" name="Âme Papy Charles"/>
  <item id="1915880300" name="Âme Mog-nyan"/>
  <item id="87372794" name="Âme Extrabuki"/>
  <item id="3946533590" name="Âme Tomnyan"/>
  <item id="2072268615" name="Âme Komaventur."/>
  <item id="209944529" name="Âme Chihuaglagla"/>
  <item id="1816458804" name="Âme frères Topla"/>
  <item id="457426594" name="Âme Seulimane"/>
  <item id="2185926424" name="Âme Froahuahua"/>
  <item id="4115507086" name="Âme Entout' Hâtila"/>
  <item id="1797861933" name="Âme Saincope"/>
  <item id="472777403" name="Âme dernier Nyan."/>
  <item id="2346380128" name="Âme Mégalopaul"/>
  <item id="2233946881" name="Âme Potache"/>
  <item id="4062208919" name="Âme Zikafon"/>
  <item id="1654619654" name="Âme Boulet frit"/>
  <item id="362303120" name="Âme Lionguiste"/>
  <item id="1198106103" name="Âme Babarouf"/>
  <item id="812553569" name="Âme XXL de bain"/>
  <item id="2842150107" name="Âme Squale masq."/>
  <item id="3730895949" name="Âme El Squalador"/>
  <item id="3802869422" name="Âme Haltela"/>
  <item id="3471554932" name="Âme Grovide"/>
  <item id="922964344" name="Âme Mélobê"/>
  <item id="2919891138" name="Âme El Gallardo"/>
  <item id="3641520212" name="Âme Carnanova"/>
  <item id="1236413893" name="Âme Geigneau"/>
  <item id="1052056915" name="Âme Grande Gallar."/>
  <item id="1584567478" name="Âme Pain surprise"/>
  <item id="695575584" name="Âme Bambinflamm."/>
  <item id="2960979354" name="Âme Jiban. Liu Bei"/>
  <item id="887351763" name="Âme Meuhlinda"/>
  <item id="3346777356" name="Âme Herbert"/>
  <item id="1495224495" name="Âme Ornella"/>
  <item id="773349433" name="Âme Maudieuse"/>
  <item id="3071357315" name="Âme Narinos"/>
  <item id="3222667541" name="Âme Caliméballe"/>
  <item id="1353260164" name="Âme Timouchar"/>
  <item id="665725970" name="Âme Bazaronin"/>
  <item id="415699660" name="Âme Arbrézo"/>
  <item id="3119286754" name="Âme Procrastinoc."/>
  <item id="3656026233" name="Âme Sornella"/>
  <item id="2934814959" name="Âme Arbrézo social"/>
  <item id="937748821" name="Âme Sinécureuil"/>
  <item id="1088674243" name="Âme Dr Néant"/>
  <item id="3733408864" name="Âme Dr Crépuscule"/>
  <item id="197692315" name="Âme Jibanyan T"/>
  <item id="3906726525" name="Âme Deadcool"/>
  <item id="2843770102" name="Âme Traviolette"/>
  <item id="814296396" name="Âme Non-non"/>
  <item id="1200496090" name="Âme Trempetta"/>
  <item id="3610312779" name="Âme Moufpète"/>
  <item id="2687906013" name="Âme Charlognard"/>
  <item id="3237067064" name="Âme Théopportun"/>
  <item id="3086387630" name="Âme Crassiella"/>
  <item id="788518932" name="Âme Jérémya"/>
  <item id="1509484674" name="Âme Volroulo"/>
  <item id="3348921633" name="Âme Triopportun"/>
  <item id="2962967991" name="Âme Toumou"/>
  <item id="697441293" name="Âme Lamlam'mou"/>
  <item id="1586834587" name="Âme Scoltine"/>
  <item id="3458871562" name="Âme Petit panja"/>
  <item id="3106734492" name="Âme Poulpatouch"/>
  <item id="326482984" name="Âme Samoumouraï"/>
  <item id="1685228734" name="Âme Bandinyan"/>
  <item id="4252753156" name="Âme Frérosse"/>
  <item id="2323443090" name="Âme Inisquale"/>
  <item id="337147953" name="Âme Scolérique"/>
  <item id="1662994599" name="Âme Panja-san"/>
  <item id="4195752221" name="Âme Poulpater"/>
  <item id="1970927398" name="Âme Supernyan"/>
  <item id="2811919546" name="Âme Guillotin"/>
  <item id="286601762" name="Âme Lunatio"/>
  <item id="2366712203" name="Âme Télémir"/>
  <item id="497955866" name="Âme Gastong"/>
  <item id="1789461644" name="Âme Nuiroir"/>
  <item id="175017321" name="Âme Triptic-tac"/>
  <item id="2104081919" name="Âme Maître Nyada"/>
  <item id="663231553" name="Âme Jus. komasqué"/>
  <item id="3831557189" name="Âme Malmidal"/>
  <item id="2473057491" name="Âme Écchinose"/>
  <item id="218319216" name="Âme Parasolal"/>
  <item id="2047113702" name="Âme Pariasolal"/>
  <item id="3809290332" name="Âme Épigerien"/>
  <item id="2483689674" name="Âme Andrécup"/>
  <item id="78972251" name="Âme Épinyan"/>
  <item id="1941059021" name="Âme Scarasol"/>
  <item id="2700589219" name="Âme Pandore"/>
  <item id="558096042" name="Âme Suspicioni"/>
  <item id="1447358012" name="Âme Ragioni"/>
  <item id="3477979014" name="Âme Bouh"/>
  <item id="3091894032" name="Âme Mabouhl"/>
  <item id="640555699" name="Âme Crampaud"/>
  <item id="1361652261" name="Âme Bradguette"/>
  <item id="3357571999" name="Âme Déshirley"/>
  <item id="3207023369" name="Âme Bibliotengu"/>
  <item id="798512792" name="Âme Contrarioni"/>
  <item id="1486841358" name="Âme Millyeux"/>
  <item id="945352683" name="Âme Précyeux"/>
  <item id="2561744626" name="Âme Momignorante"/>
  <item id="1139071301" name="Âme Affolanterne"/>
  <item id="1331683197" name="Âme Scientifiborg Y"/>
  <item id="3595996871" name="Âme Cravat'en"/>
  <item id="2706488913" name="Âme Poulpétard"/>
  <item id="1060449266" name="Âme Asura"/>
  <item id="1211243364" name="Âme Céfasslopode"/>
  <item id="3510323934" name="Âme Poulpulaire"/>
  <item id="2788981320" name="Âme Robonyan"/>
  <item id="914581465" name="Âme Crapop"/>
  <item id="1099192143" name="Âme Nyancelot"/>
  <item id="1998158124" name="Âme Dépotache"/>
  <item id="1984954" name="Âme Flèche d'azur"/>
  <item id="4021694052" name="Âme Escoffregriffe"/>
  <item id="2568427520" name="Âme Cupistol"/>
  <item id="3994036374" name="Âme Loupépin"/>
  <item id="1886698805" name="Âme Outransss"/>
  <item id="125013411" name="Âme Jibanyan B"/>
  <item id="2658851865" name="Âme Komasan B"/>
  <item id="3917343887" name="Âme Usapyon B"/>
  <item id="2042818846" name="Âme Nunchucky"/>
  <item id="247841160" name="Âme Usapyon"/>
  <item id="1845643373" name="Âme Médisansss"/>
  <item id="1909636039" name="Âme Komanubis"/>
  <item id="419789051" name="Âme Toutouïe"/>
  <item id="2148280641" name="Âme Mémétal"/>
  <item id="4144699863" name="Âme Babalance"/>
  <item id="1768918132" name="Âme Jojojoyeux"/>
  <item id="510180578" name="Âme Ratatam"/>
  <item id="2271341912" name="Âme Tata Aura"/>
  <item id="4033273294" name="Âme Tata Câlin"/>
  <item id="1624883295" name="Âme Noproblemo"/>
  <item id="400486601" name="Âme Luminoct"/>
  <item id="1160715182" name="Âme Camaïeul"/>
  <item id="841493304" name="Âme Maître Oden"/>
  <item id="2871097986" name="Âme Valetino"/>
  <item id="3693496852" name="Âme Lacanne"/>
  <item id="1111678903" name="Âme Canastelle"/>
  <item id="893775649" name="Âme Chameuhllow"/>
  <item id="2890710683" name="Âme Pot-au-meuh"/>
  <item id="3679161869" name="Âme Ficheline"/>
  <item id="1274319772" name="Âme Double croche"/>
  <item id="1022599946" name="Âme Optimiss"/>
  <item id="1546922735" name="Âme Chocobo-nyan"/>
  <item id="724769401" name="Âme Dame Usap."/>
  <item id="4242398198" name="Âme Aristocorniot"/>
  <item id="1234443670" name="Âme Trèchérubine"/>
  <item id="2990164931" name="Âme Nihilistik"/>
  <item id="3309140821" name="Âme Émousstik"/>
  <item id="1532620534" name="Âme Pikor"/>
  <item id="744414816" name="Âme Chauvekipeut"/>
  <item id="3042414554" name="Âme Grattoptère"/>
  <item id="3260071756" name="Âme Chauv'coucou"/>
  <item id="1391436509" name="Âme Vampiloc"/>
  <item id="635998795" name="Âme Komasan"/>
  <item id="3685496352" name="Âme Komajiro"/>
  <item id="2896889526" name="Âme Jeniflair"/>
  <item id="899831564" name="Âme Komaous"/>
  <item id="1118136218" name="Âme Komistigri"/>
  <item id="3703697977" name="Âme Octorgone"/>
  <item id="2881929903" name="Âme Octorgombre"/>
  <item id="852464405" name="Âme Maginyan"/>
  <item id="1170776963" name="Âme Wattson"/>
  <item id="3855018679" name="Âme Jurojin"/>
  <item id="3581394450" name="Âme Papa Ress"/>
  <item id="2725285508" name="Âme Ralbouc"/>
  <item id="3266774881" name="Âme Bastata"/>
  <item id="3048224759" name="Âme Kappacap"/>
  <item id="750347853" name="Âme Granpapéti"/>
  <item id="1539200731" name="Âme Blablara"/>
  <item id="3319448440" name="Âme Umilie"/>
  <item id="3000890350" name="Âme Croquin"/>
  <item id="735355476" name="Âme Jacquasseur"/>
  <item id="1557369538" name="Âme Trodésolé"/>
  <item id="3429666643" name="Âme Samuren"/>
  <item id="3144400837" name="Âme Lord Écibel"/>
  <item id="3381034349" name="Âme Taupe-modèle"/>
  <item id="314037791" name="Âme Appak"/>
  <item id="1706092169" name="Âme Puissanfon"/>
  <item id="4240029491" name="Âme Timidémon"/>
  <item id="2344519589" name="Âme Bananar"/>
  <item id="366612998" name="Âme Pardomino"/>
  <item id="1658659472" name="Âme Barrakéda"/>
  <item id="1712456372" name="Âme Alpinella"/>
  <item id="4225004330" name="Âme Jalouseriz"/>
  <item id="2362655676" name="Âme Erzestine"/>
  <item id="2177778550" name="Âme Kœud"/>
  <item id="476864045" name="Âme Ressak"/>
  <item id="1802202811" name="Âme Grainpère"/>
  <item id="195880798" name="Âme Melonyan"/>
  <item id="2091636680" name="Âme Oranyan"/>
  <item id="3852633714" name="Âme Kiwinyan"/>
  <item id="2460333796" name="Âme Vigninyan"/>
  <item id="213984071" name="Âme Maranyan"/>
  <item id="2076578769" name="Âme Pastènyan"/>
  <item id="3805233771" name="Âme Chocobananar"/>
  <item id="1756227139" name="Âme Momonyan"/>
  <item id="531289813" name="Âme Chionyan"/>
  <item id="2258863983" name="Âme Chimpanyan"/>
  <item id="4054104057" name="Âme Faisanyan"/>
  <item id="2462177825" name="Âme Fukurokuju"/>
  <item id="1992261598" name="Âme Son Œuxcell."/>
  <item id="2512941821" name="Âme Adolfo Jeton"/>
  <item id="91713388" name="Âme Barbokai"/>
  <item id="1919967226" name="Âme Charivariz"/>
  <item id="545371293" name="Âme Carquentin"/>
  <item id="1468433419" name="Âme Geeko"/>
  <item id="3465532849" name="Âme Kyryn"/>
  <item id="3112756519" name="Âme Kyrycorne"/>
  <item id="669806724" name="Âme Timours"/>
  <item id="3387036072" name="Âme Agraisseur"/>
  <item id="3202687294" name="Âme PapiXXL"/>
  <item id="1474488526" name="Âme Tofupyon"/>
  <item id="810067250" name="Âme Génie du rire"/>
  <item id="1295995255" name="Âme Phémniscian"/>
  <item id="777665711" name="Âme Couchtar"/>
  <item id="1499270201" name="Âme Amédélègue"/>
  <item id="966428124" name="Âme Snobéa"/>
  <item id="1318958410" name="Âme Dracunyan"/>
  <item id="3616859376" name="Âme Noctambill"/>
  <item id="2694042726" name="Âme Fortuné"/>
  <item id="1056391621" name="Âme Valet Komasan"/>
  <item id="1240494419" name="Âme Papilla"/>
  <item id="3505987817" name="Âme Espreschiot"/>
  <item id="2818445439" name="Âme Papécolo"/>
  <item id="212160386" name="Âme Otempourmoa"/>
  <item id="927010286" name="Âme Démophage"/>
  <item id="1078345080" name="Âme Vampéric"/>
  <item id="1994068763" name="Âme Mme Papilla"/>
  <item id="31204237" name="Âme Aloyau Ier"/>
  <item id="2564125239" name="Âme Aramis Taire"/>
  <item id="4023534241" name="Âme Bambincroy."/>
  <item id="1907808002" name="Âme Tatartelette"/>
  <item id="112322452" name="Âme Slurpent"/>
  <item id="2679682606" name="Âme Sodartha"/>
  <item id="3904865976" name="Âme Bambinsupp."/>
  <item id="2013305641" name="Âme Graffaël"/>
  <item id="252160959" name="Âme Daikokuten"/>
  <item id="1874862682" name="Âme Suinthan"/>
  <item id="1629203048" name="Âme Savantard"/>
  <item id="370973438" name="Âme Imadjinn"/>
  <item id="1156411801" name="Âme Tatinmarre"/>
  <item id="870990095" name="Âme Raton g."/>
  <item id="2867007669" name="Âme Bleun. de bain"/>
  <item id="3722715171" name="Âme Papana Split"/>
  <item id="1132508544" name="Âme Antoilette"/>
  <item id="3673000191" name="Âme M. Spioche"/>
  <item id="881296662" name="Âme Samoussrai"/>
  <item id="2911818924" name="Âme Sale de bain"/>
  <item id="3666469946" name="Âme Gale de bain"/>
  <item id="1245116843" name="Âme Ronimpec"/>
  <item id="1026672957" name="Âme Sailornyan"/>
  <item id="1576419544" name="Âme Bricolos"/>
  <item id="720465998" name="Âme Camélia"/>
  <item id="3019383284" name="Âme Corailline"/>
  <item id="3305050466" name="Âme Sushinyan"/>
  <item id="2093988621" name="Âme Komasan T"/>
  <item id="2131309557" name="Âme Normaline"/>
  <item id="1520141505" name="Âme Brumette"/>
  <item id="765244503" name="Âme Brumella"/>
  <item id="3029722605" name="Âme Fumella"/>
  <item id="3281180027" name="Âme Sabrille"/>
  <item id="1395509482" name="Âme Pfffuji"/>
  <item id="606795900" name="Âme Fourchelangue"/>
  <item id="3664665623" name="Âme Tête de lard"/>
  <item id="2909367425" name="Âme Kyubi"/>
  <item id="878722363" name="Âme Komasan S"/>
  <item id="1130827181" name="Âme Cho-cho"/>
  <item id="3708000270" name="Âme Tengurou"/>
  <item id="2852432024" name="Âme Vexturgeon"/>
  <item id="856553762" name="Âme Vipètesec"/>
  <item id="1141557684" name="Âme Jibakoma"/>
  <item id="3568686117" name="Âme Krakatouaaah"/>
  <item id="2746410163" name="Âme Bishamonten"/>
  <item id="3279252822" name="Âme Morvobec"/>
  <item id="3027393984" name="Âme Humidon"/>
  <item id="763038842" name="Âme Murhaine"/>
  <item id="1518091500" name="Âme Sabruine"/>
  <item id="3289950543" name="Âme V. de Gamiaou"/>
  <item id="3005192665" name="Âme Délujien"/>
  <item id="706136163" name="Âme Saumhonni"/>
  <item id="1561458933" name="Âme Carpitaine"/>
  <item id="3450791268" name="Âme Ogralos"/>
  <item id="3131692530" name="Âme Entraînette"/>
  <item id="402178202" name="Âme Ebisu"/>
  <item id="2074246932" name="Âme Athlaitue"/>
  <item id="1582605541" name="Âme Fantimoré"/>
  <item id="1627385868" name="Âme Padrézo"/>
  <item id="4193690038" name="Âme Clic-bull"/>
  <item id="2398196000" name="Âme Émettor"/>
  <item id="278201475" name="Âme Misterre"/>
  <item id="1737634837" name="Âme Komajiro S"/>
  <item id="4271596975" name="Âme Parantonn"/>
  <item id="2308724025" name="Âme T. Energison"/>
  <item id="421742760" name="Âme Komastar"/>
  <item id="1847883838" name="Âme Égare-dare"/>
  <item id="249819611" name="Âme Avallée"/>
  <item id="2045034829" name="Âme Axelérator"/>
  <item id="3773665527" name="Âme Barbucheron"/>
  <item id="2548736097" name="Âme Charivari"/>
  <item id="160314818" name="Âme Mont merci"/>
  <item id="2122909012" name="Âme Jean-Mèchel"/>
  <item id="3883947246" name="Âme Matchou"/>
  <item id="2424792184" name="Âme Fryzeur"/>
  <item id="3701225" name="Âme Antitaie"/>
  <item id="2000636287" name="Âme Toutournemal"/>
  <item id="634298904" name="Âme Angélik"/>
  <item id="1388941966" name="Âme Blizzaria"/>
  <item id="3418407732" name="Âme Kongel"/>
  <item id="3167220642" name="Âme Mata Hase"/>
  <item id="581133825" name="Âme Blanche Hase"/>
  <item id="533641744" name="Âme Blizzie"/>
  <item id="1436833431" name="Âme Cigalopin"/>
  <item id="3433891629" name="Âme Cigaillard"/>
  <item id="3148494779" name="Âme Flamente"/>
  <item id="722807338" name="Âme Volibrius"/>
  <item id="1544690364" name="Âme Égaroni"/>
  <item id="1020629849" name="Âme Onisoi"/>
  <item id="1272095695" name="Âme Tengubre"/>
  <item id="3537629813" name="Âme Yvantouse"/>
  <item id="2782708451" name="Âme Tengu"/>
  <item id="1001936704" name="Âme Ed Mémoire"/>
  <item id="1287612374" name="Âme Tenguriginal"/>
  <item id="3585488492" name="Âme Castelius II"/>
  <item id="2729510650" name="Âme Castelius III"/>
  <item id="839785323" name="Âme Castelius I"/>
  <item id="1158228989" name="Âme Oronyan"/>
  <item id="1324997007" name="Âme Sorcophage"/>
  <item id="1939080606" name="Âme Castelius Max"/>
  <item id="76756232" name="Âme Platinos"/>
  <item id="2644141234" name="Âme Superobonyan"/>
  <item id="3936179236" name="Âme Whisper"/>
  <item id="1962525063" name="Âme Whispocrates"/>
  <item id="67039505" name="Âme Woko"/>
  <item id="2599919787" name="Âme Pagno"/>
  <item id="3991965757" name="Âme Werner Avif"/>
  <item id="2102365612" name="Âme Alfoncéo"/>
  <item id="172539194" name="Âme Jibanyan S"/>
  <item id="1787770079" name="Âme Kappaloha"/>
  <item id="495453257" name="Âme Dédé"/>
  <item id="2223068659" name="Âme Dédestin"/>
  <item id="4085671269" name="Âme Paradoxa"/>
  <item id="1843589318" name="Âme Potaumorose"/>
  <item id="451264592" name="Âme Insomnelle"/>
  <item id="2213319146" name="Âme Grolos"/>
  <item id="4109083004" name="Âme Ange garud."/>
  <item id="1683274989" name="Âme As de nyan"/>
  <item id="4222623727" name="Âme Hov. Cao Cao"/>
  <item id="324242555" name="Âme Tortico"/>
  <item id="1101162268" name="Âme Tendino"/>
  <item id="916805514" name="Âme Contracto"/>
  <item id="2947286576" name="Âme Loubarbare"/>
  <item id="3635099302" name="Âme Racaïd"/>
  <item id="1188012805" name="Âme Dente"/>
  <item id="835228563" name="Âme Shogunyan"/>
  <item id="2831270441" name="Âme Gorgouille"/>
  <item id="3754357439" name="Âme Cyrustre"/>
  <item id="1333391150" name="Âme Bon-huiii"/>
  <item id="947838904" name="Âme Verrascible"/>
  <item id="1488541277" name="Âme Kintaronyan"/>
  <item id="364805827" name="Âme Hovernyan S"/>
  <item id="1758038662" name="Âme Shivatenguer."/>
  <item id="801007307" name="Âme Antonnerre"/>
  <item id="3065460593" name="Âme Yokœil"/>
  <item id="3249539047" name="Âme Barakabo"/>
  <item id="1607766596" name="Âme Cigazouille"/>
  <item id="684958418" name="Âme Méphito"/>
  <item id="2983916392" name="Âme Battant"/>
  <item id="3336422398" name="Âme Usa. Zhongda"/>
  <item id="1449320047" name="Âme Benzaiten"/>
  <item id="2682051307" name="Âme Roi Pourkoid."/>
  <item id="864955850" name="Âme Zombigoût"/>
  <item id="560328441" name="Âme Gagalurin"/>
  <item id="3743500946" name="Âme Bababou"/>
  <item id="2821093892" name="Âme Noripop"/>
  <item id="825174974" name="Âme Wakapoeira"/>
  <item id="1177033512" name="Âme Salsalga"/>
  <item id="3628895883" name="Âme Pégaz"/>
  <item id="2940976669" name="Âme Marcognito"/>
  <item id="910356391" name="Âme Métaureaulog"/>
  <item id="1095098161" name="Âme Métaréaulog"/>
  <item id="3522871968" name="Âme Moinon"/>
  <item id="2801660470" name="Âme Maindécis"/>
  <item id="3325721555" name="Âme Marceauterelle"/>
  <item id="2973584197" name="Âme Tourneboul"/>
  <item id="674503423" name="Âme Ninjamévu"/>
  <item id="1597188713" name="Âme Nihilo"/>
  <item id="3243753418" name="Âme Hovernyan"/>
  <item id="3058732892" name="Âme Tauracle"/>
  <item id="794418918" name="Âme Scintinoko"/>
  <item id="114658129" name="Âme Domniscian"/>
  <item id="135136099" name="Âme Somnoracle"/>
  <item id="2175414195" name="Âme Glapie"/>
  <item id="1482616432" name="Âme Espi"/>
  <item id="3370251233" name="Âme Marra"/>
  <item id="3219571575" name="Âme Violette"/>
  <item id="372943533" name="Âme Papiltation"/>
  <item id="1631427131" name="Âme Papiltension"/>
  <item id="4164209537" name="Âme Misterbide"/>
  <item id="2402548503" name="Âme Claquille"/>
  <item id="290942644" name="Âme Ovide"/>
  <item id="1716543010" name="Âme Poilux"/>
  <item id="4284026776" name="Âme Poulux"/>
  <item id="2287877902" name="Âme Sirénée"/>
  <item id="417407647" name="Âme Sinisrénée"/>
  <item id="1877348873" name="Âme Escarcool"/>
  <item id="253860844" name="Âme Étassivilia"/>
  <item id="2015800186" name="Âme Squelèbelle"/>
  <item id="3778017984" name="Âme Hyprapillon"/>
  <item id="2519255638" name="Âme Vitapillon"/>
  <item id="139223029" name="Âme Nimpégase"/>
  <item id="2135650147" name="Âme Flopito"/>
  <item id="3863101145" name="Âme Cocpille"/>
  <item id="2437221967" name="Âme Poil-Émile"/>
  <item id="33166302" name="Âme Sirènité"/>
  <item id="1996301128" name="Âme Sireine-mère"/>
  <item id="604817455" name="Âme Persépoil"/>
  <item id="1351560407" name="Âme Robonyan ult."/>
  <item id="693343347" name="Âme Moqua glacé"/>
  <item id="3622864949" name="Âme Trompelamor"/>
  <item id="1196397988" name="Âme Bastetnyan"/>
  <item id="4138540837" name="Âme Turboss"/>
  <item id="2861005936" name="Âme Nyansès II"/>
  <item id="1393293497" name="Âme Tapur"/>
  <item id="3389171971" name="Âme Hémorhino"/>
  <item id="3171260821" name="Âme Nomoné"/>
  <item id="593562678" name="Âme Noko"/>
  <item id="1415986336" name="Âme Lulutin"/>
  <item id="3446631706" name="Âme Fatalutin"/>
  <item id="3127401868" name="Âme Pandanoko"/>
  <item id="718749725" name="Âme Nénunoko"/>
  <item id="1573941387" name="Âme Grégrigry"/>
  <item id="41863088" name="Âme Amb. charme"/>
  <item id="1024981358" name="Âme Amoiz"/>
  <item id="1242614264" name="Âme Gloups"/>
  <item id="3541669954" name="Âme Comte Zapzap"/>
  <item id="2753472724" name="Âme Escrocorico"/>
  <item id="981089655" name="Âme Vipérâle"/>
  <item id="1300041185" name="Âme Chip-Chope"/>
  <item id="3564395611" name="Âme Odyssényan"/>
  <item id="1149836636" name="Âme Indiana Jaws"/>
  <item id="3716173030" name="Âme Néfertyrannie"/>
  <item id="2742250701" name="Âme Dracounet"/>
  <item id="869036380" name="Âme Roupilion"/>
  <item id="1154171338" name="Âme Éclopain"/>
  <item id="1918267305" name="Âme Donjouant"/>
  <item id="89218879" name="Âme Nonjuan"/>
  <item id="2623016581" name="Âme Cabotin"/>
  <item id="3948887571" name="Âme Rugis"/>
  <item id="1966844848" name="Âme Boulapic"/>
  <item id="37526310" name="Âme Bouldacier"/>
  <item id="2603993756" name="Âme Lama Laya"/>
  <item id="3962763786" name="Âme Etna Magma"/>
  <item id="2089674651" name="Âme Pachycoul"/>
  <item id="193648397" name="Âme Persévéfant"/>
  <item id="1800232680" name="Âme Pachypipi"/>
  <item id="474639998" name="Âme Maskonyan"/>
  <item id="2235776964" name="Âme Sumodon"/>
  <item id="4064546642" name="Âme Soupotori"/>
  <item id="1814076145" name="Âme Alga Sensei"/>
  <item id="455584359" name="Âme Thépacap"/>
  <item id="1526720516" name="Âme Cocassepied"/>
  <item id="2184117213" name="Âme Chaipô"/>
  <item id="4113156939" name="Âme Piètros"/>
  <item id="1704384218" name="Âme M. Orthogaffe"/>
  <item id="311551564" name="Âme Ébobby"/>
  <item id="1080036651" name="Âme Tyragédie"/>
  <item id="929512893" name="Âme Criquetif"/>
  <item id="2926472199" name="Âme Sushiyama"/>
  <item id="3647560849" name="Âme Kapunki"/>
  <item id="1192085810" name="Âme Coléroptère"/>
  <item id="806025636" name="Âme Rhinolimit"/>
  <item id="2835589150" name="Âme Corniaque"/>
  <item id="3724843144" name="Âme Mémogre"/>
  <item id="1320912153" name="Âme Ronéan"/>
  <item id="968668559" name="Âme Gargaros"/>
  <item id="1501248618" name="Âme Catastrosaure"/>
  <item id="779881724" name="Âme Godichezilla"/>
  <item id="3077922118" name="Âme Dix de Komaj."/>
  <item id="3228724688" name="Âme Josper"/>
  <item id="551934040" name="Âme Orqanos Lu Bu"/>
  <item id="28856136" name="Âme Tristos"/>
  <item id="976773601" name="Âme El Dragonor"/>
  <item id="1578563699" name="Âme Scatcheur"/>
  <item id="689031397" name="Âme Scarmouche"/>
  <item id="2954402143" name="Âme Scarnage"/>
  <item id="3340741065" name="Âme Tontonerre"/>
  <item id="1470149720" name="Âme Omnitonton"/>
  <item id="547849422" name="Âme Belzel"/>
  <item id="3739426981" name="Âme Vipairflay"/>
  <item id="2850295859" name="Âme Faux Kappa"/>
  <item id="820855177" name="Âme Kappadissi"/>
  <item id="1206546719" name="Âme Fou Kappa"/>
  <item id="3650020540" name="Âme Felipaix"/>
  <item id="2928268330" name="Âme M. Felipaix"/>
  <item id="931169680" name="Âme Otto"/>
  <item id="1082635526" name="Âme Dynamo"/>
  <item id="3493374103" name="Âme Vénaldo"/>
  <item id="2805962753" name="Âme Boucanyan"/>
  <item id="3354923492" name="Âme MoiYihin"/>
  <item id="2969510258" name="Âme Curryeux"/>
  <item id="704016584" name="Âme Curryogi"/>
  <item id="1592868958" name="Âme Maintendante"/>
  <item id="3231045117" name="Âme Baku"/>
  <item id="3079857515" name="Âme Indexter"/>
  <item id="781956305" name="Âme Obskyurbi"/>
  <item id="1503429703" name="Âme Cenridion"/>
  <item id="3374553558" name="Âme Jouvencia"/>
  <item id="3190073664" name="Âme Éterna"/>
  <item id="343676148" name="Âme Morféa"/>
  <item id="1669014626" name="Âme Bakuku"/>
  <item id="4201805272" name="Âme Potofeu"/>
  <item id="2373272910" name="Âme Injustin"/>
  <item id="319934701" name="Âme Hacksel"/>
  <item id="1708427852" name="Âme Institours"/>
  <item id="1679220859" name="Âme Ronain"/>
  <item id="4246712769" name="Âme Lescampette"/>
  <item id="2316861783" name="Âme Big O'Max"/>
  <item id="447192262" name="Âme Vertipiou"/>
  <item id="1839246416" name="Âme Benjirouette"/>
  <item id="224863669" name="Âme TuKappa"/>
  <item id="2053117219" name="Âme Maracraque"/>
  <item id="3815326873" name="Âme Chymère"/>
  <item id="2490266639" name="Âme Chyper"/>
  <item id="168485292" name="Âme Ivanupieds"/>
  <item id="2098057530" name="Âme Déballerine"/>
  <item id="3825500288" name="Âme Darknyan"/>
  <item id="2466492438" name="Âme Ultramax N"/>
  <item id="62696839" name="Âme Ultramax K"/>
  <item id="3746185141" name="Âme têtue"/>
  <item id="1178824207" name="Âme trancheuse"/>
  <item id="826564249" name="Âme combo"/>
  <item id="2938161978" name="Âme brûlante"/>
  <item id="3626498988" name="Âme mouillée"/>
  <item id="1093577238" name="Âme scintillante"/>
  <item id="908696192" name="Âme cosmique"/>
  <item id="2794882833" name="Âme glaciale"/>
  <item id="3515987847" name="Âme tourbillon"/>
  <item id="2975219298" name="Âme purifiant"/>
  <item id="3327201012" name="Âme lisse"/>
  <item id="1599627086" name="Âme protectrice"/>
  <item id="3057384059" name="Âme incomparable"/>
  <item id="3241986797" name="Âme lugubre"/>
  <item id="1479908183" name="Âme chargée"/>
  <item id="791849921" name="Âme furtive"/>
  <item id="3213735504" name="Âme surnaturelle"/>
  <item id="3364521670" name="Âme superstar"/>
  <item id="2591780257" name="Âme en apesanteur"/>
  <item id="3984350519" name="Âme invocatrice"/>
  <item id="1953827981" name="Âme refoulante"/>
  <item id="57818139" name="Âme ruée rouge"/>
</items>
