[
  {
    "type": 0,
    "name": "Un d\u00e9but prometteur"
  },
  {
    "type": 1,
    "name": "Conspiration d\u00e9mantel\u00e9e"
  },
  {
    "type": 2,
    "name": "Bon karma"
  },
  {
    "type": 0,
    "name": "Fan de Yo-kai"
  },
  {
    "type": 1,
    "name": "Super fan de Yo-kai"
  },
  {
    "type": 2,
    "name": "Ultra fan de Yo-kai"
  },
  {
    "type": 1,
    "name": "Quatuor l\u00e9gendaire"
  },
  {
    "type": 2,
    "name": "Grand huit"
  },
  {
    "type": 0,
    "name": "Au max !"
  },
  {
    "type": 2,
    "name": "Disciple de Papy Charles"
  },
  {
    "type": 2,
    "name": "L'union fait la force"
  },
  {
    "type": 0,
    "name": "Miroirs \u00e0 gogo"
  },
  {
    "type": 2,
    "name": "Chasseur de tr\u00e9sors"
  },
  {
    "type": 1,
    "name": "Entomologie"
  },
  {
    "type": 1,
    "name": "P\u00eache miraculeuse"
  },
  {
    "type": 0,
    "name": "H\u00e9liports au rapport"
  },
  {
    "type": 0,
    "name": "Folie foreuse"
  },
  {
    "type": 1,
    "name": "Maniaque de la propret\u00e9"
  },
  {
    "type": 1,
    "name": "Portailologiste"
  },
  {
    "type": 1,
    "name": "De portail en portail"
  },
  {
    "type": 0,
    "name": "Randonn\u00e9e brumeuse"
  },
  {
    "type": 1,
    "name": "Marathon brumeux"
  },
  {
    "type": 1,
    "name": "Fan de Tabloblabla"
  },
  {
    "type": 2,
    "name": "D\u00e9tective Yo-kai"
  },
  {
    "type": 1,
    "name": "\u00c2me charitable"
  },
  {
    "type": 1,
    "name": "\u00c0 la rescousse de KaiNet"
  },
  {
    "type": 0,
    "name": "En cercles ferm\u00e9s"
  },
  {
    "type": 1,
    "name": "M\u00e9lomane"
  },
  {
    "type": 0,
    "name": "Cin\u00e9phile"
  },
  {
    "type": 1,
    "name": "Au nom de la Yo-justice"
  },
  {
    "type": 1,
    "name": "Arm\u00e9 jusqu'aux pattes"
  },
  {
    "type": 0,
    "name": "Nyum\u00e9ro un !"
  },
  {
    "type": 0,
    "name": "Fin gourmet"
  },
  {
    "type": 0,
    "name": "\u00c2mechimiste d'exception"
  },
  {
    "type": 0,
    "name": "Chaman de l'\u00e2me"
  },
  {
    "type": 1,
    "name": "Gratter, c'est gagner !"
  },
  {
    "type": 0,
    "name": "Tirage au sort"
  },
  {
    "type": 1,
    "name": "Accro du Bingo"
  },
  {
    "type": 1,
    "name": "Sportif assidu"
  },
  {
    "type": 2,
    "name": "Athl\u00e8te de comp\u00e9tition"
  },
  {
    "type": 0,
    "name": "Esprit guerrier"
  },
  {
    "type": 2,
    "name": "Pro du combat"
  },
  {
    "type": 0,
    "name": "Star de l'\u00c2multime"
  },
  {
    "type": 0,
    "name": "Appel de flammes"
  },
  {
    "type": 0,
    "name": "Avoir l'\u00e9pingle facile"
  },
  {
    "type": 0,
    "name": "Coup de pouce"
  },
  {
    "type": 1,
    "name": "Orqanos l'a dans l'os"
  },
  {
    "type": 0,
    "name": "Maillot jaune"
  },
  {
    "type": 2,
    "name": "L\u00e9gende sur roues"
  },
  {
    "type": 1,
    "name": "Le sens du rythme"
  },
  {
    "type": 2,
    "name": "Chef d'orchestre"
  },
  {
    "type": 0,
    "name": "Pagaie pas peu gaie"
  },
  {
    "type": 0,
    "name": "Phobie des clowns"
  },
  {
    "type": 0,
    "name": "Respect des seniors"
  },
  {
    "type": 0,
    "name": "Amour des animaux"
  },
  {
    "type": 0,
    "name": "La couleur de la passion"
  },
  {
    "type": 0,
    "name": "M. Boyte approuve"
  },
  {
    "type": 1,
    "name": "Furtivit\u00e9 sans bornes"
  },
  {
    "type": 0,
    "name": "Jouer avec les onis"
  },
  {
    "type": 1,
    "name": "Requiem"
  },
  {
    "type": 1,
    "name": "Fastueux festin"
  },
  {
    "type": 0,
    "name": "Contr\u00f4le de qualit\u00e9"
  },
  {
    "type": 0,
    "name": "Repas gastronomique"
  },
  {
    "type": 0,
    "name": "Sociabilit\u00e9 au max !"
  },
  {
    "type": 0,
    "name": "La course aux tampons"
  },
  {
    "type": 1,
    "name": "Very Important Yo-kai"
  },
  {
    "type": 0,
    "name": "Novice Yo-kai"
  },
  {
    "type": 1,
    "name": "Ma\u00eetre Yo-kai"
  },
  {
    "type": 2,
    "name": "L\u00e9gende Yo-kai"
  },
  {
    "type": 1,
    "name": "Fait dodo, Dorleone"
  },
  {
    "type": 1,
    "name": "Extraction de Permulithe"
  },
  {
    "type": 0,
    "name": "Les Blasters en forme"
  },
  {
    "type": 2,
    "name": "Les Blasters au top"
  },
  {
    "type": 2,
    "name": "Ma\u00eetre des donjons"
  },
  {
    "type": 1,
    "name": "Coup d'\u00e9tat divin"
  }
]